attempt_id,scan_id,period,scanned_at,device_model,android_api,ssid,bssid,frequency_mhz,band,rssi_dbm,wifi_standard,final_state,final_state_category,elapsed_ms,elapsed_bin,reached,state_count,state_sequence
225731,84b5e245-ec8d-42f4-94ac-7845935d33d9,before,2026-08-21 12:23:07,motorola edge 40 neo,34,,ec:5a:31:9d:5e:91,2452,2.4GHz,-33,802.11ax,FAILED_AT_DISCONNECTED,FAILED_AT_<STATE>,15021,6s+,NONE,3,DISCONNECTED>INTERFACE_DISABLED>DISCONNECTED
225732,84b5e245-ec8d-42f4-94ac-7845935d33d9,before,2026-08-21 12:23:07,motorola edge 40 neo,34,,d0:56:f2:96:15:0e,2447,2.4GHz,-34,802.11be,TIMEOUT_AT_COMPLETED,TIMEOUT_AT_<STATE>,1679,0-2s,COMPLETED,7,INTERFACE_DISABLED>DISCONNECTED>ASSOCIATING>ASSOCIATED>FOUR_WAY_HANDSHAKE>GROUP_HANDSHAKE>COMPLETED
225733,84b5e245-ec8d-42f4-94ac-7845935d33d9,before,2026-08-21 12:23:07,motorola edge 40 neo,34,Mlab_ST2.4-WPA3,ec:5a:31:9d:5e:93,2452,2.4GHz,-35,802.11ax,FAILED_AT_DIALOG_TIMEOUT,FAILED_AT_DIALOG_TIMEOUT,15011,6s+,NONE,0,
225734,84b5e245-ec8d-42f4-94ac-7845935d33d9,before,2026-08-21 12:23:07,motorola edge 40 neo,34,Mlab_ST2.4,ec:5a:31:9d:5e:92,2452,2.4GHz,-35,802.11ax,FAILED_AT_DISCONNECTED,FAILED_AT_<STATE>,11572,6s+,ASSOCIATED_ONLY,6,DISCONNECTED>DISCONNECTED>ASSOCIATING>ASSOCIATED>FOUR_WAY_HANDSHAKE>DISCONNECTED
225735,84b5e245-ec8d-42f4-94ac-7845935d33d9,before,2026-08-21 12:23:07,motorola edge 40 neo,34,0000mlab,d0:56:f2:96:15:0f,2447,2.4GHz,-37,802.11be,TIMEOUT_AT_COMPLETED,TIMEOUT_AT_<STATE>,1227,0-2s,COMPLETED,7,INTERFACE_DISABLED>DISCONNECTED>ASSOCIATING>ASSOCIATED>FOUR_WAY_HANDSHAKE>GROUP_HANDSHAKE>COMPLETED
225736,84b5e245-ec8d-42f4-94ac-7845935d33d9,before,2026-08-21 12:23:07,motorola edge 40 neo,34,0000mlab-2.4ver2,d0:56:f2:96:15:08,2447,2.4GHz,-37,802.11be,FAILED_AT_DIALOG_TIMEOUT,FAILED_AT_DIALOG_TIMEOUT,15011,6s+,NONE,0,
225737,3520a981-7ddb-4e86-829f-1496f056a221,before,2026-08-21 12:28:46,motorola edge 40 neo,34,0000mlab-2.4ver2,d0:56:f2:96:15:08,2447,2.4GHz,-34,802.11be,FAILED_AT_DISCONNECTED,FAILED_AT_<STATE>,11328,6s+,ASSOCIATED_ONLY,6,DISCONNECTED>INTERFACE_DISABLED>DISCONNECTED>ASSOCIATING>ASSOCIATED>DISCONNECTED
225738,3520a981-7ddb-4e86-829f-1496f056a221,before,2026-08-21 12:28:46,motorola edge 40 neo,34,Mlab_ST2.4-WPA3,ec:5a:31:9d:5e:93,2452,2.4GHz,-36,802.11ax,FAILED_AT_DIALOG_TIMEOUT,FAILED_AT_DIALOG_TIMEOUT,15013,6s+,NONE,0,
279327,3ab41393-abd0-4305-8f6c-c0bfa7533ffd,before,2026-09-10 11:48:25,motorola edge 40 neo,34,Mlab_ST2.4-WPA3,ec:5a:31:9d:5e:93,2422,2.4GHz,-26,802.11ax,FAILED_AT_DISCONNECTED,FAILED_AT_<STATE>,2449,0-2s,ASSOCIATING_ONLY,3,DISCONNECTED>ASSOCIATING>DISCONNECTED
279328,3ab41393-abd0-4305-8f6c-c0bfa7533ffd,before,2026-09-10 11:48:25,motorola edge 40 neo,34,Mlab_ST2.4,ec:5a:31:9d:5e:92,2422,2.4GHz,-28,802.11ax,FAILED_AT_DISCONNECTED,FAILED_AT_<STATE>,10300,6s+,ASSOCIATED_ONLY,6,INTERFACE_DISABLED>DISCONNECTED>ASSOCIATING>ASSOCIATED>FOUR_WAY_HANDSHAKE>DISCONNECTED
279329,3ab41393-abd0-4305-8f6c-c0bfa7533ffd,before,2026-09-10 11:48:25,motorola edge 40 neo,34,,ec:5a:31:9d:5e:91,2422,2.4GHz,-28,802.11ax,FAILED_AT_DIALOG_TIMEOUT,FAILED_AT_DIALOG_TIMEOUT,15008,6s+,NONE,0,
279330,3ab41393-abd0-4305-8f6c-c0bfa7533ffd,before,2026-09-10 11:48:25,motorola edge 40 neo,34,,d0:56:f2:96:15:0e,2447,2.4GHz,-29,802.11be,TIMEOUT_AT_COMPLETED,TIMEOUT_AT_<STATE>,1385,0-2s,COMPLETED,5,ASSOCIATING>ASSOCIATED>FOUR_WAY_HANDSHAKE>GROUP_HANDSHAKE>COMPLETED
279331,3ab41393-abd0-4305-8f6c-c0bfa7533ffd,before,2026-09-10 11:48:25,motorola edge 40 neo,34,0000mlab,d0:56:f2:96:15:0f,2447,2.4GHz,-29,802.11be,FAILED_AT_DISCONNECTED,FAILED_AT_<STATE>,2236,0-2s,ASSOCIATING_ONLY,5,DISCONNECTED>INTERFACE_DISABLED>DISCONNECTED>ASSOCIATING>DISCONNECTED
279332,3ab41393-abd0-4305-8f6c-c0bfa7533ffd,before,2026-09-10 11:48:25,motorola edge 40 neo,34,0000mlab-2.4ver2,d0:56:f2:96:15:08,2447,2.4GHz,-29,802.11be,FAILED_AT_DISCONNECTED,FAILED_AT_<STATE>,10159,6s+,ASSOCIATED_ONLY,3,ASSOCIATING>ASSOCIATED>DISCONNECTED
279333,3ab41393-abd0-4305-8f6c-c0bfa7533ffd,before,2026-09-10 11:48:25,motorola edge 40 neo,34,hatake_Rk26-2.4,90:96:f3:5d:15:d1,2417,2.4GHz,-39,802.11n,FAILED_AT_DISCONNECTED,FAILED_AT_<STATE>,4558,3-5s,ASSOCIATED_ONLY,4,ASSOCIATING>ASSOCIATED>FOUR_WAY_HANDSHAKE>DISCONNECTED
279334,3ab41393-abd0-4305-8f6c-c0bfa7533ffd,before,2026-09-10 11:48:25,motorola edge 40 neo,34,Buffalo-G-2BF8-WPA3,c4:36:c0:91:2c:07,2472,2.4GHz,-43,802.11ax,FAILED_AT_DISCONNECTED,FAILED_AT_<STATE>,1465,0-2s,ASSOCIATING_ONLY,6,INTERFACE_DISABLED>DISCONNECTED>ASSOCIATING>DISCONNECTED>INTERFACE_DISABLED>DISCONNECTED
279335,3ab41393-abd0-4305-8f6c-c0bfa7533ffd,before,2026-09-10 11:48:25,motorola edge 40 neo,34,Buffalo-G-2BF8,c4:36:c0:91:2c:00,2472,2.4GHz,-43,802.11ax,TIMEOUT_AT_COMPLETED,TIMEOUT_AT_<STATE>,1339,0-2s,COMPLETED,7,INTERFACE_DISABLED>DISCONNECTED>ASSOCIATING>ASSOCIATED>FOUR_WAY_HANDSHAKE>GROUP_HANDSHAKE>COMPLETED
279336,3ab41393-abd0-4305-8f6c-c0bfa7533ffd,before,2026-09-10 11:48:25,motorola edge 40 neo,34,FujitaLab_ROS,e8:48:b8:a0:23:31,2432,2.4GHz,-43,802.11n,FAILED_AT_DIALOG_TIMEOUT,FAILED_AT_DIALOG_TIMEOUT,15006,6s+,NONE,0,
279337,3ab41393-abd0-4305-8f6c-c0bfa7533ffd,before,2026-09-10 11:48:25,motorola edge 40 neo,34,,ec:5a:31:9d:5e:98,5240,5GHz,-44,802.11ax,FAILED_AT_DISCONNECTED,FAILED_AT_<STATE>,15019,6s+,NONE,2,DISCONNECTED>DISCONNECTED
279338,3ab41393-abd0-4305-8f6c-c0bfa7533ffd,before,2026-09-10 11:48:25,motorola edge 40 neo,34,Mlab_ST5-WPA3,ec:5a:31:9d:5e:9a,5240,5GHz,-45,802.11ax,TIMEOUT_AT_COMPLETED,TIMEOUT_AT_<STATE>,1312,0-2s,COMPLETED,7,INTERFACE_DISABLED>DISCONNECTED>ASSOCIATING>ASSOCIATED>FOUR_WAY_HANDSHAKE>GROUP_HANDSHAKE>COMPLETED
279339,3ab41393-abd0-4305-8f6c-c0bfa7533ffd,before,2026-09-10 11:48:25,motorola edge 40 neo,34,0000tohtech,b0:1f:8c:7f:99:20,2412,2.4GHz,-46,802.11ax,FAILED_AT_DISCONNECTED,FAILED_AT_<STATE>,15014,6s+,NONE,1,DISCONNECTED
279340,3ab41393-abd0-4305-8f6c-c0bfa7533ffd,before,2026-09-10 11:48:25,motorola edge 40 neo,34,0000tohtech-iot,b0:1f:8c:7f:99:21,2412,2.4GHz,-46,802.11n,TIMEOUT_AT_COMPLETED,TIMEOUT_AT_<STATE>,1317,0-2s,COMPLETED,5,ASSOCIATING>ASSOCIATED>FOUR_WAY_HANDSHAKE>GROUP_HANDSHAKE>COMPLETED
279341,3ab41393-abd0-4305-8f6c-c0bfa7533ffd,before,2026-09-10 11:48:25,motorola edge 40 neo,34,eduroam,b0:1f:8c:7f:99:22,2412,2.4GHz,-46,802.11ax,FAILED_AT_DISCONNECTED,FAILED_AT_<STATE>,15018,6s+,NONE,3,DISCONNECTED>INTERFACE_DISABLED>DISCONNECTED
279342,3ab41393-abd0-4305-8f6c-c0bfa7533ffd,before,2026-09-10 11:48:25,motorola edge 40 neo,34,0000tohtech,b0:1f:8c:7f:99:30,5220,5GHz,-46,802.11ax,FAILED_AT_DIALOG_TIMEOUT,FAILED_AT_DIALOG_TIMEOUT,15022,6s+,NONE,0,
279343,3ab41393-abd0-4305-8f6c-c0bfa7533ffd,before,2026-09-10 11:48:25,motorola edge 40 neo,34,0000tohtech-iot,b0:1f:8c:7f:99:31,5220,5GHz,-46,802.11ac,FAILED_AT_DISCONNECTED,FAILED_AT_<STATE>,12636,6s+,ASSOCIATED_ONLY,3,ASSOCIATING>ASSOCIATED>DISCONNECTED
279344,3ab41393-abd0-4305-8f6c-c0bfa7533ffd,before,2026-09-10 11:48:25,motorola edge 40 neo,34,0000tohtech-lab,b0:1f:8c:7f:99:33,5220,5GHz,-46,802.11ax,FAILED_AT_DIALOG_TIMEOUT,FAILED_AT_DIALOG_TIMEOUT,15020,6s+,NONE,0,
279345,3ab41393-abd0-4305-8f6c-c0bfa7533ffd,before,2026-09-10 11:48:25,motorola edge 40 neo,34,,d0:56:f2:96:15:16,5180,5GHz,-46,802.11be,FAILED_AT_DIALOG_TIMEOUT,FAILED_AT_DIALOG_TIMEOUT,15011,6s+,NONE,0,
279346,3ab41393-abd0-4305-8f6c-c0bfa7533ffd,before,2026-09-10 11:48:25,motorola edge 40 neo,34,0000mlab,d0:56:f2:96:15:17,5180,5GHz,-46,802.11be,FAILED_AT_DISCONNECTED,FAILED_AT_<STATE>,375,0-2s,ASSOCIATING_ONLY,2,ASSOCIATING>DISCONNECTED
279347,3ab41393-abd0-4305-8f6c-c0bfa7533ffd,before,2026-09-10 11:48:25,motorola edge 40 neo,34,0000mlab-5ver2,d0:56:f2:96:15:10,5180,5GHz,-46,802.11be,TIMEOUT_AT_COMPLETED,TIMEOUT_AT_<STATE>,1355,0-2s,COMPLETED,7,INTERFACE_DISABLED>DISCONNECTED>ASSOCIATING>ASSOCIATED>FOUR_WAY_HANDSHAKE>GROUP_HANDSHAKE>COMPLETED
279348,3ab41393-abd0-4305-8f6c-c0bfa7533ffd,before,2026-09-10 11:48:25,motorola edge 40 neo,34,0000tohtech-lab,b0:1f:8c:7f:99:23,2412,2.4GHz,-47,802.11ax,FAILED_AT_DISCONNECTED,FAILED_AT_<STATE>,15017,6s+,NONE,2,DISCONNECTED>DISCONNECTED
279349,3ab41393-abd0-4305-8f6c-c0bfa7533ffd,before,2026-09-10 11:48:25,motorola edge 40 neo,34,eduroam,b0:1f:8c:7f:99:32,5220,5GHz,-47,802.11ax,FAILED_AT_DIALOG_TIMEOUT,FAILED_AT_DIALOG_TIMEOUT,15022,6s+,NONE,0,
279350,3ab41393-abd0-4305-8f6c-c0bfa7533ffd,before,2026-09-10 11:48:25,motorola edge 40 neo,34,Mlab_ST5,ec:5a:31:9d:5e:99,5240,5GHz,-49,802.11ax,TIMEOUT_AT_COMPLETED,TIMEOUT_AT_<STATE>,1302,0-2s,COMPLETED,5,ASSOCIATING>ASSOCIATED>FOUR_WAY_HANDSHAKE>GROUP_HANDSHAKE>COMPLETED
279351,3ab41393-abd0-4305-8f6c-c0bfa7533ffd,before,2026-09-10 11:48:25,motorola edge 40 neo,34,MLAB-TECH01,92:96:f3:c3:6f:12,2452,2.4GHz,-50,802.11ax,FAILED_AT_DIALOG_TIMEOUT,FAILED_AT_DIALOG_TIMEOUT,15019,6s+,NONE,0,
279352,3ab41393-abd0-4305-8f6c-c0bfa7533ffd,before,2026-09-10 11:48:25,motorola edge 40 neo,34,MLAB-TECH01-24-3,92:96:f3:c3:6f:13,2452,2.4GHz,-51,802.11ax,TIMEOUT_AT_INTERFACE_DISABLED,TIMEOUT_AT_<STATE>,7792,6s+,ASSOCIATING_ONLY,4,DISCONNECTED>ASSOCIATING>DISCONNECTED>INTERFACE_DISABLED
279353,3ab41393-abd0-4305-8f6c-c0bfa7533ffd,before,2026-09-10 11:48:25,motorola edge 40 neo,34,Buffalo-G-AEBE,84:af:ec:b3:ae:b0,2437,2.4GHz,-58,802.11n,FAILED_AT_DISCONNECTED,FAILED_AT_<STATE>,12057,6s+,ASSOCIATED_ONLY,6,INTERFACE_DISABLED>DISCONNECTED>ASSOCIATING>ASSOCIATED>FOUR_WAY_HANDSHAKE>DISCONNECTED
279354,3ab41393-abd0-4305-8f6c-c0bfa7533ffd,before,2026-09-10 11:48:25,motorola edge 40 neo,34,MLAB-TECH01-5-2,90:96:f3:c3:6f:19,5240,5GHz,-62,802.11ax,FAILED_AT_DISCONNECTED,FAILED_AT_<STATE>,6582,6s+,ASSOCIATED_ONLY,6,INTERFACE_DISABLED>DISCONNECTED>ASSOCIATING>ASSOCIATED>FOUR_WAY_HANDSHAKE>DISCONNECTED
279355,3ab41393-abd0-4305-8f6c-c0bfa7533ffd,before,2026-09-10 11:48:25,motorola edge 40 neo,34,MLAB-TECH01-5-3,90:96:f3:c3:6f:1a,5240,5GHz,-62,802.11ax,FAILED_AT_DISCONNECTED,FAILED_AT_<STATE>,2664,0-2s,ASSOCIATING_ONLY,2,ASSOCIATING>DISCONNECTED
279356,3ab41393-abd0-4305-8f6c-c0bfa7533ffd,before,2026-09-10 11:48:25,motorola edge 40 neo,34,Galaxy_5GMW_1331,5e:a6:39:62:4c:1a,2437,2.4GHz,-65,802.11n,FAILED_AT_DISCONNECTED,FAILED_AT_<STATE>,12536,6s+,ASSOCIATED_ONLY,4,ASSOCIATING>ASSOCIATED>FOUR_WAY_HANDSHAKE>DISCONNECTED
279357,3ab41393-abd0-4305-8f6c-c0bfa7533ffd,before,2026-09-10 11:48:25,motorola edge 40 neo,34,eduroam,b0:1f:8c:7f:b9:22,2412,2.4GHz,-68,802.11ax,TIMEOUT_AT_COMPLETED,TIMEOUT_AT_<STATE>,1473,0-2s,COMPLETED,7,INTERFACE_DISABLED>DISCONNECTED>ASSOCIATING>ASSOCIATED>FOUR_WAY_HANDSHAKE>GROUP_HANDSHAKE>COMPLETED
279358,3ab41393-abd0-4305-8f6c-c0bfa7533ffd,before,2026-09-10 11:48:25,motorola edge 40 neo,34,eduroam,b0:1f:8c:7f:8d:a0,2437,2.4GHz,-68,802.11ax,FAILED_AT_DISCONNECTED,FAILED_AT_<STATE>,15010,6s+,NONE,1,DISCONNECTED
279359,3ab41393-abd0-4305-8f6c-c0bfa7533ffd,before,2026-09-10 11:48:25,motorola edge 40 neo,34,0000tohtech-lab,b0:1f:8c:7f:b9:23,2412,2.4GHz,-69,802.11ax,FAILED_AT_DIALOG_TIMEOUT,FAILED_AT_DIALOG_TIMEOUT,15005,6s+,NONE,0,
279360,3ab41393-abd0-4305-8f6c-c0bfa7533ffd,before,2026-09-10 11:48:25,motorola edge 40 neo,34,0000tohtech-iot,b0:1f:8c:7f:b9:20,2412,2.4GHz,-69,802.11n,TIMEOUT_AT_COMPLETED,TIMEOUT_AT_<STATE>,1532,0-2s,COMPLETED,7,INTERFACE_DISABLED>DISCONNECTED>ASSOCIATING>ASSOCIATED>FOUR_WAY_HANDSHAKE>GROUP_HANDSHAKE>COMPLETED
279361,3ab41393-abd0-4305-8f6c-c0bfa7533ffd,before,2026-09-10 11:48:25,motorola edge 40 neo,34,0000tohtech,b0:1f:8c:7f:b9:21,2412,2.4GHz,-69,802.11ax,FAILED_AT_DISCONNECTED,FAILED_AT_<STATE>,15020,6s+,NONE,1,DISCONNECTED
279362,3ab41393-abd0-4305-8f6c-c0bfa7533ffd,before,2026-09-10 11:48:25,motorola edge 40 neo,34,0000tohtech-iot,20:9c:b4:96:f5:a1,2437,2.4GHz,-70,802.11n,TIMEOUT_AT_COMPLETED,TIMEOUT_AT_<STATE>,1468,0-2s,COMPLETED,7,INTERFACE_DISABLED>DISCONNECTED>ASSOCIATING>ASSOCIATED>FOUR_WAY_HANDSHAKE>GROUP_HANDSHAKE>COMPLETED
279363,3ab41393-abd0-4305-8f6c-c0bfa7533ffd,before,2026-09-10 11:48:25,motorola edge 40 neo,34,ilab_guest,2e:4b:fe:62:c5:f0,2437,2.4GHz,-71,802.11ax,FAILED_AT_DISCONNECTED,FAILED_AT_<STATE>,12424,6s+,ASSOCIATED_ONLY,8,DISCONNECTED>INTERFACE_DISABLED>DISCONNECTED>INTERFACE_DISABLED>DISCONNECTED>ASSOCIATING>ASSOCIATED>DISCONNECTED
279364,3ab41393-abd0-4305-8f6c-c0bfa7533ffd,before,2026-09-10 11:48:25,motorola edge 40 neo,34,FujitaLab,60:45:cb:b0:69:00,2412,2.4GHz,-72,802.11n,FAILED_AT_DIALOG_TIMEOUT,FAILED_AT_DIALOG_TIMEOUT,15020,6s+,NONE,0,
279365,3ab41393-abd0-4305-8f6c-c0bfa7533ffd,before,2026-09-10 11:48:25,motorola edge 40 neo,34,FujitaLab,60:45:cb:b0:69:04,5200,5GHz,-73,802.11ac,FAILED_AT_DISCONNECTED,FAILED_AT_<STATE>,9543,6s+,ASSOCIATED_ONLY,5,ASSOCIATING>ASSOCIATED>FOUR_WAY_HANDSHAKE>INTERFACE_DISABLED>DISCONNECTED
279366,3ab41393-abd0-4305-8f6c-c0bfa7533ffd,before,2026-09-10 11:48:25,motorola edge 40 neo,34,0000tohtech-iot,b0:1f:8c:7f:8d:a1,2437,2.4GHz,-75,802.11n,TIMEOUT_AT_COMPLETED,TIMEOUT_AT_<STATE>,1330,0-2s,COMPLETED,6,INTERFACE_DISABLED>ASSOCIATING>ASSOCIATED>FOUR_WAY_HANDSHAKE>GROUP_HANDSHAKE>COMPLETED
279367,3ab41393-abd0-4305-8f6c-c0bfa7533ffd,before,2026-09-10 11:48:25,motorola edge 40 neo,34,Buffalo-A-AEBE,84:af:ec:b3:ae:b7,5180,5GHz,-75,802.11ac,FAILED_AT_DISCONNECTED,FAILED_AT_<STATE>,9682,6s+,ASSOCIATED_ONLY,6,DISCONNECTED>ASSOCIATING>ASSOCIATED>FOUR_WAY_HANDSHAKE>DISCONNECTED>DISCONNECTED
279368,3ab41393-abd0-4305-8f6c-c0bfa7533ffd,before,2026-09-10 11:48:25,motorola edge 40 neo,34,0000tohtech,b0:1f:8c:7f:8d:a2,2437,2.4GHz,-76,802.11ax,TIMEOUT_AT_COMPLETED,TIMEOUT_AT_<STATE>,1388,0-2s,COMPLETED,7,INTERFACE_DISABLED>DISCONNECTED>ASSOCIATING>ASSOCIATED>FOUR_WAY_HANDSHAKE>GROUP_HANDSHAKE>COMPLETED
279369,3ab41393-abd0-4305-8f6c-c0bfa7533ffd,before,2026-09-10 11:48:25,motorola edge 40 neo,34,kawanolab304_24g,10:66:82:97:a9:7e,2422,2.4GHz,-77,802.11n,FAILED_AT_DIALOG_TIMEOUT,FAILED_AT_DIALOG_TIMEOUT,15008,6s+,NONE,0,
279370,3ab41393-abd0-4305-8f6c-c0bfa7533ffd,before,2026-09-10 11:48:25,motorola edge 40 neo,34,#_YW_FF9D51_6405E4_Clarion,64:05:e4:ff:9d:51,2462,2.4GHz,-78,802.11a/b/g,SKIPPED,SKIPPED,0,0-2s,NONE,0,
279371,3ab41393-abd0-4305-8f6c-c0bfa7533ffd,before,2026-09-10 11:48:25,motorola edge 40 neo,34,suzukilab,98:f1:99:b7:7d:12,2462,2.4GHz,-80,802.11n,FAILED_AT_DIALOG_TIMEOUT,FAILED_AT_DIALOG_TIMEOUT,15022,6s+,NONE,0,
279372,3ab41393-abd0-4305-8f6c-c0bfa7533ffd,before,2026-09-10 11:48:25,motorola edge 40 neo,34,Kita-Lab,18:ec:e7:ad:0c:e1,2427,2.4GHz,-81,802.11n,FAILED_AT_DIALOG_TIMEOUT,FAILED_AT_DIALOG_TIMEOUT,15011,6s+,NONE,0,
279373,3ab41393-abd0-4305-8f6c-c0bfa7533ffd,before,2026-09-10 11:48:25,motorola edge 40 neo,34,ilab_g,24:4b:fe:62:c5:f0,2437,2.4GHz,-81,802.11ax,FAILED_AT_DIALOG_TIMEOUT,FAILED_AT_DIALOG_TIMEOUT,15010,6s+,NONE,0,
279374,3ab41393-abd0-4305-8f6c-c0bfa7533ffd,before,2026-09-10 11:48:25,motorola edge 40 neo,34,0000tohtech-lab,20:9c:b4:96:f5:a3,2437,2.4GHz,-82,802.11ax,FAILED_AT_DIALOG_TIMEOUT,FAILED_AT_DIALOG_TIMEOUT,15013,6s+,NONE,0,
279375,3ab41393-abd0-4305-8f6c-c0bfa7533ffd,before,2026-09-10 11:48:25,motorola edge 40 neo,34,SH-52Bb-8BBBDA,4c:82:a9:8b:bb:da,2457,2.4GHz,-83,802.11ax,FAILED_AT_DIALOG_TIMEOUT,FAILED_AT_DIALOG_TIMEOUT,15017,6s+,NONE,0,
279376,3ab41393-abd0-4305-8f6c-c0bfa7533ffd,before,2026-09-10 11:48:25,motorola edge 40 neo,34,eduroam,b0:1f:8c:7f:8d:b0,5200,5GHz,-85,802.11ax,FAILED_AT_DISCONNECTED,FAILED_AT_<STATE>,15019,6s+,NONE,1,DISCONNECTED
279377,3ab41393-abd0-4305-8f6c-c0bfa7533ffd,before,2026-09-10 11:48:25,motorola edge 40 neo,34,0000tohtech-lab,b0:1f:8c:7f:8d:b3,5200,5GHz,-85,802.11ax,FAILED_AT_DIALOG_TIMEOUT,FAILED_AT_DIALOG_TIMEOUT,15022,6s+,NONE,0,
279378,3ab41393-abd0-4305-8f6c-c0bfa7533ffd,before,2026-09-10 11:48:25,motorola edge 40 neo,34,0000tohtech-iot,b0:1f:8c:7f:8d:b1,5200,5GHz,-85,802.11ac,FAILED_AT_DISCONNECTED,FAILED_AT_<STATE>,10365,6s+,ASSOCIATED_ONLY,5,INTERFACE_DISABLED>DISCONNECTED>ASSOCIATING>ASSOCIATED>DISCONNECTED
279379,3ab41393-abd0-4305-8f6c-c0bfa7533ffd,before,2026-09-10 11:48:25,motorola edge 40 neo,34,0000tohtech,b0:1f:8c:7f:8d:b2,5200,5GHz,-85,802.11ax,FAILED_AT_DIALOG_TIMEOUT,FAILED_AT_DIALOG_TIMEOUT,15021,6s+,NONE,0,
279380,3ab41393-abd0-4305-8f6c-c0bfa7533ffd,before,2026-09-10 11:48:25,motorola edge 40 neo,34,,b6:b0:24:24:02:9d,2452,2.4GHz,-87,802.11ax,FAILED_AT_DIALOG_TIMEOUT,FAILED_AT_DIALOG_TIMEOUT,15016,6s+,NONE,0,
279381,3ab41393-abd0-4305-8f6c-c0bfa7533ffd,before,2026-09-10 11:48:25,motorola edge 40 neo,34,aterm-37ecd5-a,08:10:86:20:50:47,5240,5GHz,-90,802.11ax,TIMEOUT_AT_COMPLETED,TIMEOUT_AT_<STATE>,1417,0-2s,COMPLETED,7,INTERFACE_DISABLED>DISCONNECTED>ASSOCIATING>ASSOCIATED>FOUR_WAY_HANDSHAKE>GROUP_HANDSHAKE>COMPLETED
279382,3ab41393-abd0-4305-8f6c-c0bfa7533ffd,before,2026-09-10 11:48:25,motorola edge 40 neo,34,TP-Link_48B6,3c:6a:d2:bf:48:b6,2442,2.4GHz,-91,802.11ax,FAILED_AT_DIALOG_TIMEOUT,FAILED_AT_DIALOG_TIMEOUT,15017,6s+,NONE,0,
279383,3ab41393-abd0-4305-8f6c-c0bfa7533ffd,before,2026-09-10 11:48:25,motorola edge 40 neo,34,neptune,c6:3c:ea:08:61:73,2417,2.4GHz,-92,802.11ax,FAILED_AT_DIALOG_TIMEOUT,FAILED_AT_DIALOG_TIMEOUT,15019,6s+,NONE,0,
307572,ca9efff8-0b3b-4dad-92f2-187c2f6bcd8e,before,2026-09-10 17:47:19,ASUS_I006D,33,SENDAI_free_Wi-Fi,d4:68:4d:02:69:9d,5500,5GHz,-70,802.11n,TIMEOUT_AT_COMPLETED,TIMEOUT_AT_<STATE>,6442,6s+,COMPLETED,10,INTERFACE_DISABLED>DISCONNECTED>ASSOCIATING>DISCONNECTED>INTERFACE_DISABLED>DISCONNECTED>SCANNING>ASSOCIATING>ASSOCIATED>COMPLETED
307573,ca9efff8-0b3b-4dad-92f2-187c2f6bcd8e,before,2026-09-10 17:47:19,ASUS_I006D,33,SENDAI_free_Wi-Fi,d4:68:4d:00:29:bd,5500,5GHz,-83,802.11n,FAILED_AT_DIALOG_TIMEOUT,FAILED_AT_DIALOG_TIMEOUT,15005,6s+,NONE,0,
291277,4b2227cb-6d99-4a96-bb06-ebe7824f576d,before,2026-09-10 17:47:34,motorola edge 40 neo,34,SENDAI_free_Wi-Fi,d4:68:4d:02:69:9d,5500,5GHz,-72,802.11n,TIMEOUT_AT_COMPLETED,TIMEOUT_AT_<STATE>,2502,0-2s,COMPLETED,10,INTERFACE_DISABLED>DISCONNECTED>ASSOCIATING>DISCONNECTED>INTERFACE_DISABLED>INTERFACE_DISABLED>DISCONNECTED>ASSOCIATING>ASSOCIATED>COMPLETED
307574,f313ccf5-0315-4b2c-8a08-8aca877215f5,before,2026-09-10 17:47:45,ASUS_I006D,33,SENDAI_free_Wi-Fi,d4:68:4d:02:69:9d,5500,5GHz,-64,802.11n,TIMEOUT_AT_COMPLETED,TIMEOUT_AT_<STATE>,6220,6s+,COMPLETED,10,INTERFACE_DISABLED>DISCONNECTED>ASSOCIATING>DISCONNECTED>INTERFACE_DISABLED>DISCONNECTED>SCANNING>ASSOCIATING>ASSOCIATED>COMPLETED
307575,f313ccf5-0315-4b2c-8a08-8aca877215f5,before,2026-09-10 17:47:45,ASUS_I006D,33,SENDAI_free_Wi-Fi,d4:68:4d:c2:69:98,2462,2.4GHz,-74,802.11n,TIMEOUT_AT_COMPLETED,TIMEOUT_AT_<STATE>,2832,0-2s,COMPLETED,5,INTERFACE_DISABLED>DISCONNECTED>ASSOCIATING>ASSOCIATED>COMPLETED
291278,23deaf22-6236-4e81-9d3b-d0ebdd502366,before,2026-09-10 17:48:08,motorola edge 40 neo,34,SENDAI_free_Wi-Fi,d4:68:4d:02:69:9d,5500,5GHz,-74,802.11n,TIMEOUT_AT_COMPLETED,TIMEOUT_AT_<STATE>,304,0-2s,COMPLETED,5,INTERFACE_DISABLED>DISCONNECTED>ASSOCIATING>ASSOCIATED>COMPLETED
307576,070be5bb-2339-4f81-a5ed-bfec69450c43,before,2026-09-10 17:48:18,ASUS_I006D,33,SENDAI_free_Wi-Fi,d4:68:4d:02:69:9d,5500,5GHz,-72,802.11n,TIMEOUT_AT_COMPLETED,TIMEOUT_AT_<STATE>,1052,0-2s,COMPLETED,5,INTERFACE_DISABLED>DISCONNECTED>ASSOCIATING>ASSOCIATED>COMPLETED
307577,070be5bb-2339-4f81-a5ed-bfec69450c43,before,2026-09-10 17:48:18,ASUS_I006D,33,SENDAI_free_Wi-Fi,d4:68:4d:00:29:bd,5500,5GHz,-81,802.11n,TIMEOUT_AT_ASSOCIATING,TIMEOUT_AT_<STATE>,15007,6s+,ASSOCIATING_ONLY,24,INTERFACE_DISABLED>DISCONNECTED>ASSOCIATING>DISCONNECTED>INTERFACE_DISABLED>DISCONNECTED>INTERFACE_DISABLED>DISCONNECTED>SCANNING>ASSOCIATING>DISCONNECTED>INTERFACE_DISABLED>DISCONNECTED>INTERFACE_DISABLED>DISCONNECTED>SCANNING>ASSOCIATING>DISCONNECTED>INTERFACE_DISABLED>DISCONNECTED>INTERFACE_DISABLED>DISCONNECTED>SCANNING>ASSOCIATING
291279,0da8c5ee-e7c2-4433-a32a-c28ac2ba667a,before,2026-09-10 17:48:41,motorola edge 40 neo,34,SENDAI_free_Wi-Fi,d4:68:4d:02:69:9d,5500,5GHz,-81,802.11n,TIMEOUT_AT_COMPLETED,TIMEOUT_AT_<STATE>,253,0-2s,COMPLETED,5,INTERFACE_DISABLED>DISCONNECTED>ASSOCIATING>ASSOCIATED>COMPLETED
291280,0da8c5ee-e7c2-4433-a32a-c28ac2ba667a,before,2026-09-10 17:48:41,motorola edge 40 neo,34,SENDAI_free_Wi-Fi,d4:68:4d:00:29:bd,5500,5GHz,-85,802.11n,FAILED_AT_DISCONNECTED,FAILED_AT_<STATE>,3395,3-5s,ASSOCIATING_ONLY,19,INTERFACE_DISABLED>DISCONNECTED>ASSOCIATING>DISCONNECTED>INTERFACE_DISABLED>DISCONNECTED>ASSOCIATING>DISCONNECTED>INTERFACE_DISABLED>DISCONNECTED>INTERFACE_DISABLED>DISCONNECTED>ASSOCIATING>DISCONNECTED>INTERFACE_DISABLED>DISCONNECTED>ASSOCIATING>INTERFACE_DISABLED>DISCONNECTED
307578,dc996c2f-c1d7-4f9a-88fa-a89cdc2ed380,before,2026-09-10 17:49:07,ASUS_I006D,33,SENDAI_free_Wi-Fi,d4:68:4d:02:69:9d,5500,5GHz,-72,802.11n,FAILED_AT_SCANNING,FAILED_AT_<STATE>,15013,6s+,ASSOCIATING_ONLY,14,INTERFACE_DISABLED>DISCONNECTED>ASSOCIATING>DISCONNECTED>INTERFACE_DISABLED>DISCONNECTED>SCANNING>ASSOCIATING>DISCONNECTED>INTERFACE_DISABLED>DISCONNECTED>INTERFACE_DISABLED>DISCONNECTED>SCANNING
307579,dc996c2f-c1d7-4f9a-88fa-a89cdc2ed380,before,2026-09-10 17:49:07,ASUS_I006D,33,SENDAI_free_Wi-Fi,d4:68:4d:00:29:bd,5500,5GHz,-76,802.11n,FAILED_AT_DISCONNECTED,FAILED_AT_<STATE>,14793,6s+,ASSOCIATING_ONLY,25,ASSOCIATING>DISCONNECTED>INTERFACE_DISABLED>DISCONNECTED>ASSOCIATING>DISCONNECTED>INTERFACE_DISABLED>DISCONNECTED>SCANNING>ASSOCIATING>DISCONNECTED>INTERFACE_DISABLED>DISCONNECTED>SCANNING>ASSOCIATING>DISCONNECTED>INTERFACE_DISABLED>DISCONNECTED>INTERFACE_DISABLED>DISCONNECTED>SCANNING>ASSOCIATING>DISCONNECTED>INTERFACE_DISABLED>DISCONNECTED
291281,026501ed-23fa-4afc-89b2-5d8b17dfe64d,before,2026-09-10 17:49:16,motorola edge 40 neo,34,SENDAI_free_Wi-Fi,d4:68:4d:02:69:9d,5500,5GHz,-70,802.11n,TIMEOUT_AT_COMPLETED,TIMEOUT_AT_<STATE>,274,0-2s,COMPLETED,5,INTERFACE_DISABLED>DISCONNECTED>ASSOCIATING>ASSOCIATED>COMPLETED
291282,026501ed-23fa-4afc-89b2-5d8b17dfe64d,before,2026-09-10 17:49:16,motorola edge 40 neo,34,SENDAI_free_Wi-Fi,d4:68:4d:00:29:bd,5500,5GHz,-83,802.11n,TIMEOUT_AT_COMPLETED,TIMEOUT_AT_<STATE>,837,0-2s,COMPLETED,5,INTERFACE_DISABLED>DISCONNECTED>ASSOCIATING>ASSOCIATED>COMPLETED
291283,026501ed-23fa-4afc-89b2-5d8b17dfe64d,before,2026-09-10 17:49:16,motorola edge 40 neo,34,SENDAI_free_Wi-Fi,f0:b0:52:2e:65:cd,5660,5GHz,-90,802.11n,TIMEOUT_AT_COMPLETED,TIMEOUT_AT_<STATE>,3103,3-5s,COMPLETED,5,INTERFACE_DISABLED>DISCONNECTED>ASSOCIATING>ASSOCIATED>COMPLETED
307580,f11f08c6-3b29-4308-a36e-b2e68ce3d59d,before,2026-09-10 17:49:45,ASUS_I006D,33,SENDAI_free_Wi-Fi,d4:68:4d:02:69:9d,5500,5GHz,-62,802.11n,TIMEOUT_AT_COMPLETED,TIMEOUT_AT_<STATE>,1083,0-2s,COMPLETED,5,INTERFACE_DISABLED>DISCONNECTED>ASSOCIATING>ASSOCIATED>COMPLETED
307581,f11f08c6-3b29-4308-a36e-b2e68ce3d59d,before,2026-09-10 17:49:45,ASUS_I006D,33,SENDAI_free_Wi-Fi,d4:68:4d:00:29:bd,5500,5GHz,-69,802.11n,TIMEOUT_AT_COMPLETED,TIMEOUT_AT_<STATE>,9217,6s+,COMPLETED,15,INTERFACE_DISABLED>DISCONNECTED>ASSOCIATING>DISCONNECTED>INTERFACE_DISABLED>DISCONNECTED>SCANNING>ASSOCIATING>DISCONNECTED>INTERFACE_DISABLED>DISCONNECTED>SCANNING>ASSOCIATING>ASSOCIATED>COMPLETED
307582,f11f08c6-3b29-4308-a36e-b2e68ce3d59d,before,2026-09-10 17:49:45,ASUS_I006D,33,SENDAI_free_Wi-Fi,f0:b0:52:2e:65:cd,5660,5GHz,-86,802.11n,TIMEOUT_AT_COMPLETED,TIMEOUT_AT_<STATE>,3861,3-5s,COMPLETED,5,INTERFACE_DISABLED>DISCONNECTED>ASSOCIATING>ASSOCIATED>COMPLETED
291284,bac052da-92dc-4928-b196-c2a3e7168b67,before,2026-09-10 17:50:06,motorola edge 40 neo,34,SENDAI_free_Wi-Fi,d4:68:4d:00:29:bd,5500,5GHz,-70,802.11n,FAILED_AT_DISCONNECTED,FAILED_AT_<STATE>,868,0-2s,ASSOCIATING_ONLY,23,INTERFACE_DISABLED>ASSOCIATING>DISCONNECTED>INTERFACE_DISABLED>DISCONNECTED>INTERFACE_DISABLED>DISCONNECTED>ASSOCIATING>DISCONNECTED>INTERFACE_DISABLED>DISCONNECTED>INTERFACE_DISABLED>DISCONNECTED>ASSOCIATING>DISCONNECTED>INTERFACE_DISABLED>DISCONNECTED>INTERFACE_DISABLED>DISCONNECTED>ASSOCIATING>DISCONNECTED>INTERFACE_DISABLED>DISCONNECTED
291285,bac052da-92dc-4928-b196-c2a3e7168b67,before,2026-09-10 17:50:06,motorola edge 40 neo,34,SENDAI_free_Wi-Fi,f0:b0:52:2e:65:cd,5660,5GHz,-89,802.11n,TIMEOUT_AT_COMPLETED,TIMEOUT_AT_<STATE>,194,0-2s,COMPLETED,5,INTERFACE_DISABLED>DISCONNECTED>ASSOCIATING>ASSOCIATED>COMPLETED
307583,44289e71-31c5-4dc3-9e20-9c5a9eba28cc,before,2026-09-10 17:50:12,ASUS_I006D,33,SENDAI_free_Wi-Fi,d4:68:4d:c2:69:98,2462,2.4GHz,-62,802.11n,TIMEOUT_AT_COMPLETED,TIMEOUT_AT_<STATE>,1093,0-2s,COMPLETED,3,ASSOCIATING>ASSOCIATED>COMPLETED
307584,44289e71-31c5-4dc3-9e20-9c5a9eba28cc,before,2026-09-10 17:50:12,ASUS_I006D,33,SENDAI_free_Wi-Fi,d4:68:4d:00:29:bd,5500,5GHz,-64,802.11n,TIMEOUT_AT_COMPLETED,TIMEOUT_AT_<STATE>,1365,0-2s,COMPLETED,6,DISCONNECTED>INTERFACE_DISABLED>DISCONNECTED>ASSOCIATING>ASSOCIATED>COMPLETED
307585,44289e71-31c5-4dc3-9e20-9c5a9eba28cc,before,2026-09-10 17:50:12,ASUS_I006D,33,SENDAI_free_Wi-Fi,d4:68:4d:02:69:9d,5500,5GHz,-70,802.11n,TIMEOUT_AT_COMPLETED,TIMEOUT_AT_<STATE>,1474,0-2s,COMPLETED,5,INTERFACE_DISABLED>DISCONNECTED>ASSOCIATING>ASSOCIATED>COMPLETED
307586,6dce0871-3587-441a-b916-56b000a7cbff,before,2026-09-10 17:50:31,ASUS_I006D,33,SENDAI_free_Wi-Fi,d4:68:4d:00:29:bd,5500,5GHz,-65,802.11n,TIMEOUT_AT_COMPLETED,TIMEOUT_AT_<STATE>,882,0-2s,COMPLETED,5,INTERFACE_DISABLED>DISCONNECTED>ASSOCIATING>ASSOCIATED>COMPLETED
291286,664b0e7e-e87e-49ea-b5f3-6ca5e1219eb0,before,2026-09-10 17:50:45,motorola edge 40 neo,34,SENDAI_free_Wi-Fi,d4:68:4d:c2:69:98,2462,2.4GHz,-65,802.11n,TIMEOUT_AT_COMPLETED,TIMEOUT_AT_<STATE>,1336,0-2s,COMPLETED,3,ASSOCIATING>ASSOCIATED>COMPLETED
291287,664b0e7e-e87e-49ea-b5f3-6ca5e1219eb0,before,2026-09-10 17:50:45,motorola edge 40 neo,34,SENDAI_free_Wi-Fi,d4:68:4d:02:69:9d,5500,5GHz,-70,802.11n,TIMEOUT_AT_COMPLETED,TIMEOUT_AT_<STATE>,359,0-2s,COMPLETED,5,INTERFACE_DISABLED>DISCONNECTED>ASSOCIATING>ASSOCIATED>COMPLETED
291288,664b0e7e-e87e-49ea-b5f3-6ca5e1219eb0,before,2026-09-10 17:50:45,motorola edge 40 neo,34,SENDAI_free_Wi-Fi,d4:68:4d:00:29:bd,5500,5GHz,-71,802.11n,TIMEOUT_AT_COMPLETED,TIMEOUT_AT_<STATE>,157,0-2s,COMPLETED,3,ASSOCIATING>ASSOCIATED>COMPLETED
307587,3fd004b1-285e-4d27-ba1b-c6b22db18576,before,2026-09-10 17:51:02,ASUS_I006D,33,SENDAI_free_Wi-Fi,d4:68:4d:00:29:bd,5500,5GHz,-67,802.11n,TIMEOUT_AT_COMPLETED,TIMEOUT_AT_<STATE>,983,0-2s,COMPLETED,5,INTERFACE_DISABLED>DISCONNECTED>ASSOCIATING>ASSOCIATED>COMPLETED
307588,3fd004b1-285e-4d27-ba1b-c6b22db18576,before,2026-09-10 17:51:02,ASUS_I006D,33,SENDAI_free_Wi-Fi,d4:68:4d:02:69:9d,5500,5GHz,-69,802.11n,TIMEOUT_AT_COMPLETED,TIMEOUT_AT_<STATE>,10456,6s+,COMPLETED,18,DISCONNECTED>INTERFACE_DISABLED>DISCONNECTED>ASSOCIATING>DISCONNECTED>INTERFACE_DISABLED>DISCONNECTED>SCANNING>ASSOCIATING>DISCONNECTED>INTERFACE_DISABLED>DISCONNECTED>INTERFACE_DISABLED>DISCONNECTED>SCANNING>ASSOCIATING>ASSOCIATED>COMPLETED
307589,3fd004b1-285e-4d27-ba1b-c6b22db18576,before,2026-09-10 17:51:02,ASUS_I006D,33,SENDAI_free_Wi-Fi,d4:68:4d:c2:69:98,2462,2.4GHz,-75,802.11n,TIMEOUT_AT_COMPLETED,TIMEOUT_AT_<STATE>,1082,0-2s,COMPLETED,5,INTERFACE_DISABLED>DISCONNECTED>ASSOCIATING>ASSOCIATED>COMPLETED
291289,85d083fb-18e1-498c-93b6-516e97d2c96b,before,2026-09-10 17:51:05,motorola edge 40 neo,34,SENDAI_free_Wi-Fi,d4:68:4d:00:29:bd,5500,5GHz,-71,802.11n,TIMEOUT_AT_COMPLETED,TIMEOUT_AT_<STATE>,226,0-2s,COMPLETED,5,INTERFACE_DISABLED>DISCONNECTED>ASSOCIATING>ASSOCIATED>COMPLETED
291290,7044944e-4679-43a9-b751-697f1a814ca8,before,2026-09-10 17:51:25,motorola edge 40 neo,34,SENDAI_free_Wi-Fi,d4:68:4d:02:69:9d,5500,5GHz,-71,802.11n,TIMEOUT_AT_COMPLETED,TIMEOUT_AT_<STATE>,916,0-2s,COMPLETED,5,INTERFACE_DISABLED>DISCONNECTED>ASSOCIATING>ASSOCIATED>COMPLETED
291291,7044944e-4679-43a9-b751-697f1a814ca8,before,2026-09-10 17:51:25,motorola edge 40 neo,34,SENDAI_free_Wi-Fi,d4:68:4d:00:29:bd,5500,5GHz,-73,802.11n,TIMEOUT_AT_COMPLETED,TIMEOUT_AT_<STATE>,207,0-2s,COMPLETED,3,ASSOCIATING>ASSOCIATED>COMPLETED
307590,445021ae-4518-477d-9ce0-b1ee2c8a5239,before,2026-09-10 17:51:33,ASUS_I006D,33,SENDAI_free_Wi-Fi,d4:68:4d:00:29:bd,5500,5GHz,-67,802.11n,TIMEOUT_AT_COMPLETED,TIMEOUT_AT_<STATE>,1110,0-2s,COMPLETED,5,INTERFACE_DISABLED>DISCONNECTED>ASSOCIATING>ASSOCIATED>COMPLETED
307591,445021ae-4518-477d-9ce0-b1ee2c8a5239,before,2026-09-10 17:51:33,ASUS_I006D,33,SENDAI_free_Wi-Fi,d4:68:4d:c0:29:b8,2412,2.4GHz,-70,802.11n,TIMEOUT_AT_COMPLETED,TIMEOUT_AT_<STATE>,2265,0-2s,COMPLETED,5,INTERFACE_DISABLED>DISCONNECTED>ASSOCIATING>ASSOCIATED>COMPLETED
307592,445021ae-4518-477d-9ce0-b1ee2c8a5239,before,2026-09-10 17:51:33,ASUS_I006D,33,SENDAI_free_Wi-Fi,d4:68:4d:02:69:9d,5500,5GHz,-74,802.11n,TIMEOUT_AT_COMPLETED,TIMEOUT_AT_<STATE>,5129,3-5s,COMPLETED,9,DISCONNECTED>ASSOCIATING>DISCONNECTED>INTERFACE_DISABLED>DISCONNECTED>SCANNING>ASSOCIATING>ASSOCIATED>COMPLETED
291292,96924b99-f6fa-45fc-8889-8aaf424067b8,before,2026-09-10 17:51:59,motorola edge 40 neo,34,SENDAI_free_Wi-Fi,d4:68:4d:00:29:bd,5500,5GHz,-64,802.11n,TIMEOUT_AT_COMPLETED,TIMEOUT_AT_<STATE>,276,0-2s,COMPLETED,5,INTERFACE_DISABLED>DISCONNECTED>ASSOCIATING>ASSOCIATED>COMPLETED
291293,96924b99-f6fa-45fc-8889-8aaf424067b8,before,2026-09-10 17:51:59,motorola edge 40 neo,34,SENDAI_free_Wi-Fi,d4:68:4d:02:69:9d,5500,5GHz,-81,802.11n,TIMEOUT_AT_INTERFACE_DISABLED,TIMEOUT_AT_<STATE>,870,0-2s,ASSOCIATING_ONLY,18,INTERFACE_DISABLED>DISCONNECTED>ASSOCIATING>DISCONNECTED>INTERFACE_DISABLED>DISCONNECTED>ASSOCIATING>INTERFACE_DISABLED>DISCONNECTED>ASSOCIATING>DISCONNECTED>INTERFACE_DISABLED>DISCONNECTED>INTERFACE_DISABLED>DISCONNECTED>ASSOCIATING>DISCONNECTED>INTERFACE_DISABLED
307593,34b39040-ab44-4417-a4ac-74a9d85e89ca,before,2026-09-10 17:52:10,ASUS_I006D,33,SENDAI_free_Wi-Fi,d4:68:4d:00:29:bd,5500,5GHz,-59,802.11n,TIMEOUT_AT_COMPLETED,TIMEOUT_AT_<STATE>,1198,0-2s,COMPLETED,5,INTERFACE_DISABLED>DISCONNECTED>ASSOCIATING>ASSOCIATED>COMPLETED
307594,34b39040-ab44-4417-a4ac-74a9d85e89ca,before,2026-09-10 17:52:10,ASUS_I006D,33,SENDAI_free_Wi-Fi,d4:68:4d:02:69:9d,5500,5GHz,-73,802.11n,FAILED_AT_DISCONNECTED,FAILED_AT_<STATE>,14242,6s+,ASSOCIATING_ONLY,21,INTERFACE_DISABLED>DISCONNECTED>ASSOCIATING>DISCONNECTED>INTERFACE_DISABLED>DISCONNECTED>INTERFACE_DISABLED>DISCONNECTED>SCANNING>ASSOCIATING>DISCONNECTED>INTERFACE_DISABLED>DISCONNECTED>SCANNING>ASSOCIATING>DISCONNECTED>INTERFACE_DISABLED>DISCONNECTED>SCANNING>ASSOCIATING>DISCONNECTED
291294,7e17f6c9-e88c-4818-afc6-72d0eca015cb,before,2026-09-10 17:52:32,motorola edge 40 neo,34,SENDAI_free_Wi-Fi,d4:68:4d:c0:29:b8,2412,2.4GHz,-63,802.11n,TIMEOUT_AT_COMPLETED,TIMEOUT_AT_<STATE>,1466,0-2s,COMPLETED,5,INTERFACE_DISABLED>DISCONNECTED>ASSOCIATING>ASSOCIATED>COMPLETED
291295,7e17f6c9-e88c-4818-afc6-72d0eca015cb,before,2026-09-10 17:52:32,motorola edge 40 neo,34,SENDAI_free_Wi-Fi,d4:68:4d:00:29:bd,5500,5GHz,-65,802.11n,TIMEOUT_AT_COMPLETED,TIMEOUT_AT_<STATE>,155,0-2s,COMPLETED,3,ASSOCIATING>ASSOCIATED>COMPLETED
291296,7e17f6c9-e88c-4818-afc6-72d0eca015cb,before,2026-09-10 17:52:32,motorola edge 40 neo,34,SENDAI_free_Wi-Fi,d4:68:4d:c2:69:98,2462,2.4GHz,-71,802.11n,TIMEOUT_AT_COMPLETED,TIMEOUT_AT_<STATE>,508,0-2s,COMPLETED,3,ASSOCIATING>ASSOCIATED>COMPLETED
291297,7e17f6c9-e88c-4818-afc6-72d0eca015cb,before,2026-09-10 17:52:32,motorola edge 40 neo,34,SENDAI_free_Wi-Fi,d4:68:4d:02:69:9d,5500,5GHz,-76,802.11n,TIMEOUT_AT_COMPLETED,TIMEOUT_AT_<STATE>,532,0-2s,COMPLETED,3,ASSOCIATING>ASSOCIATED>COMPLETED
307595,cbdced0d-e39d-4605-8eaa-117845c2385d,before,2026-09-10 17:53:04,ASUS_I006D,33,SENDAI_free_Wi-Fi,d4:68:4d:00:29:bd,5500,5GHz,-63,802.11n,TIMEOUT_AT_COMPLETED,TIMEOUT_AT_<STATE>,1083,0-2s,COMPLETED,5,INTERFACE_DISABLED>DISCONNECTED>ASSOCIATING>ASSOCIATED>COMPLETED
307596,cbdced0d-e39d-4605-8eaa-117845c2385d,before,2026-09-10 17:53:04,ASUS_I006D,33,SENDAI_free_Wi-Fi,d4:68:4d:02:69:9d,5500,5GHz,-75,802.11n,TIMEOUT_AT_ASSOCIATING,TIMEOUT_AT_<STATE>,15013,6s+,ASSOCIATING_ONLY,20,INTERFACE_DISABLED>DISCONNECTED>ASSOCIATING>DISCONNECTED>INTERFACE_DISABLED>DISCONNECTED>SCANNING>ASSOCIATING>DISCONNECTED>INTERFACE_DISABLED>DISCONNECTED>SCANNING>ASSOCIATING>DISCONNECTED>INTERFACE_DISABLED>DISCONNECTED>INTERFACE_DISABLED>DISCONNECTED>SCANNING>ASSOCIATING
307597,cbdced0d-e39d-4605-8eaa-117845c2385d,before,2026-09-10 17:53:04,ASUS_I006D,33,SENDAI_free_Wi-Fi,f0:b0:52:32:6f:5d,5580,5GHz,-87,802.11n,FAILED_AT_SCANNING,FAILED_AT_<STATE>,15019,6s+,ASSOCIATING_ONLY,10,DISCONNECTED>INTERFACE_DISABLED>DISCONNECTED>INTERFACE_DISABLED>DISCONNECTED>ASSOCIATING>DISCONNECTED>INTERFACE_DISABLED>DISCONNECTED>SCANNING
291298,6fc6a307-8a5b-4468-9ae0-1e7d1204ab5c,before,2026-09-10 17:53:09,motorola edge 40 neo,34,SENDAI_free_Wi-Fi,d4:68:4d:00:29:bd,5500,5GHz,-64,802.11n,TIMEOUT_AT_COMPLETED,TIMEOUT_AT_<STATE>,244,0-2s,COMPLETED,5,INTERFACE_DISABLED>DISCONNECTED>ASSOCIATING>ASSOCIATED>COMPLETED
291299,6fc6a307-8a5b-4468-9ae0-1e7d1204ab5c,before,2026-09-10 17:53:09,motorola edge 40 neo,34,SENDAI_free_Wi-Fi,d4:68:4d:c0:29:b8,2412,2.4GHz,-65,802.11n,TIMEOUT_AT_COMPLETED,TIMEOUT_AT_<STATE>,655,0-2s,COMPLETED,5,INTERFACE_DISABLED>DISCONNECTED>ASSOCIATING>ASSOCIATED>COMPLETED
307598,320bbea8-00fe-4fee-88b4-980dd6c853ba,before,2026-09-10 17:53:53,ASUS_I006D,33,SENDAI_free_Wi-Fi,d4:68:4d:00:29:bd,5500,5GHz,-65,802.11n,TIMEOUT_AT_COMPLETED,TIMEOUT_AT_<STATE>,1030,0-2s,COMPLETED,5,INTERFACE_DISABLED>DISCONNECTED>ASSOCIATING>ASSOCIATED>COMPLETED
307599,320bbea8-00fe-4fee-88b4-980dd6c853ba,before,2026-09-10 17:53:53,ASUS_I006D,33,SENDAI_free_Wi-Fi,d4:68:4d:c0:29:b8,2412,2.4GHz,-68,802.11n,FAILED_AT_SCANNING,FAILED_AT_<STATE>,15012,6s+,ASSOCIATING_ONLY,19,INTERFACE_DISABLED>DISCONNECTED>ASSOCIATING>DISCONNECTED>INTERFACE_DISABLED>DISCONNECTED>SCANNING>ASSOCIATING>DISCONNECTED>INTERFACE_DISABLED>DISCONNECTED>INTERFACE_DISABLED>DISCONNECTED>SCANNING>ASSOCIATING>DISCONNECTED>INTERFACE_DISABLED>DISCONNECTED>SCANNING
307600,320bbea8-00fe-4fee-88b4-980dd6c853ba,before,2026-09-10 17:53:53,ASUS_I006D,33,SENDAI_free_Wi-Fi,d4:68:4d:02:69:9d,5500,5GHz,-77,802.11n,TIMEOUT_AT_COMPLETED,TIMEOUT_AT_<STATE>,5750,3-5s,COMPLETED,8,ASSOCIATING>DISCONNECTED>INTERFACE_DISABLED>DISCONNECTED>SCANNING>ASSOCIATING>ASSOCIATED>COMPLETED
291300,656d6eec-b38d-46f8-8677-932d2ddbf7fb,before,2026-09-10 17:54:08,motorola edge 40 neo,34,SENDAI_free_Wi-Fi,d4:68:4d:c0:29:b8,2412,2.4GHz,-64,802.11n,TIMEOUT_AT_COMPLETED,TIMEOUT_AT_<STATE>,285,0-2s,COMPLETED,5,INTERFACE_DISABLED>DISCONNECTED>ASSOCIATING>ASSOCIATED>COMPLETED
291301,656d6eec-b38d-46f8-8677-932d2ddbf7fb,before,2026-09-10 17:54:08,motorola edge 40 neo,34,SENDAI_free_Wi-Fi,d4:68:4d:00:29:bd,5500,5GHz,-69,802.11n,TIMEOUT_AT_COMPLETED,TIMEOUT_AT_<STATE>,319,0-2s,COMPLETED,5,INTERFACE_DISABLED>DISCONNECTED>ASSOCIATING>ASSOCIATED>COMPLETED
291302,656d6eec-b38d-46f8-8677-932d2ddbf7fb,before,2026-09-10 17:54:08,motorola edge 40 neo,34,SENDAI_free_Wi-Fi,d4:68:4d:02:69:9d,5500,5GHz,-83,802.11n,FAILED_AT_DISCONNECTED,FAILED_AT_<STATE>,859,0-2s,ASSOCIATING_ONLY,22,INTERFACE_DISABLED>DISCONNECTED>ASSOCIATING>DISCONNECTED>INTERFACE_DISABLED>DISCONNECTED>INTERFACE_DISABLED>DISCONNECTED>ASSOCIATING>DISCONNECTED>INTERFACE_DISABLED>DISCONNECTED>INTERFACE_DISABLED>DISCONNECTED>ASSOCIATING>DISCONNECTED>INTERFACE_DISABLED>DISCONNECTED>INTERFACE_DISABLED>DISCONNECTED>ASSOCIATING>DISCONNECTED
307601,58a6ac68-ad17-49ab-a7f1-9baa5bd73507,before,2026-09-10 17:54:32,ASUS_I006D,33,SENDAI_free_Wi-Fi,d4:68:4d:00:29:bd,5500,5GHz,-72,802.11n,TIMEOUT_AT_COMPLETED,TIMEOUT_AT_<STATE>,5291,3-5s,COMPLETED,10,INTERFACE_DISABLED>DISCONNECTED>ASSOCIATING>DISCONNECTED>INTERFACE_DISABLED>DISCONNECTED>SCANNING>ASSOCIATING>ASSOCIATED>COMPLETED
307602,58a6ac68-ad17-49ab-a7f1-9baa5bd73507,before,2026-09-10 17:54:32,ASUS_I006D,33,SENDAI_free_Wi-Fi,d4:68:4d:02:69:9d,5500,5GHz,-77,802.11n,TIMEOUT_AT_INTERFACE_DISABLED,TIMEOUT_AT_<STATE>,13955,6s+,ASSOCIATING_ONLY,22,INTERFACE_DISABLED>DISCONNECTED>ASSOCIATING>DISCONNECTED>INTERFACE_DISABLED>DISCONNECTED>SCANNING>ASSOCIATING>DISCONNECTED>INTERFACE_DISABLED>DISCONNECTED>SCANNING>ASSOCIATING>DISCONNECTED>INTERFACE_DISABLED>DISCONNECTED>INTERFACE_DISABLED>DISCONNECTED>SCANNING>ASSOCIATING>DISCONNECTED>INTERFACE_DISABLED
291303,0be93b87-72ed-47e3-a4c9-a199742cd1fa,before,2026-09-10 17:54:53,motorola edge 40 neo,34,SENDAI_free_Wi-Fi,d4:68:4d:c0:29:b8,2412,2.4GHz,-67,802.11n,TIMEOUT_AT_COMPLETED,TIMEOUT_AT_<STATE>,242,0-2s,COMPLETED,5,INTERFACE_DISABLED>DISCONNECTED>ASSOCIATING>ASSOCIATED>COMPLETED
291304,0be93b87-72ed-47e3-a4c9-a199742cd1fa,before,2026-09-10 17:54:53,motorola edge 40 neo,34,SENDAI_free_Wi-Fi,d4:68:4d:c2:69:98,2462,2.4GHz,-70,802.11n,FAILED_AT_DISCONNECTED,FAILED_AT_<STATE>,1643,0-2s,ASSOCIATING_ONLY,23,INTERFACE_DISABLED>DISCONNECTED>ASSOCIATING>DISCONNECTED>INTERFACE_DISABLED>DISCONNECTED>INTERFACE_DISABLED>DISCONNECTED>ASSOCIATING>DISCONNECTED>INTERFACE_DISABLED>DISCONNECTED>INTERFACE_DISABLED>DISCONNECTED>ASSOCIATING>DISCONNECTED>INTERFACE_DISABLED>DISCONNECTED>INTERFACE_DISABLED>DISCONNECTED>ASSOCIATING>DISCONNECTED>DISCONNECTED
291305,0be93b87-72ed-47e3-a4c9-a199742cd1fa,before,2026-09-10 17:54:53,motorola edge 40 neo,34,SENDAI_free_Wi-Fi,d4:68:4d:00:29:bd,5500,5GHz,-76,802.11n,FAILED_AT_DISCONNECTED,FAILED_AT_<STATE>,979,0-2s,ASSOCIATING_ONLY,23,INTERFACE_DISABLED>DISCONNECTED>ASSOCIATING>DISCONNECTED>INTERFACE_DISABLED>DISCONNECTED>INTERFACE_DISABLED>DISCONNECTED>ASSOCIATING>DISCONNECTED>DISCONNECTED>INTERFACE_DISABLED>DISCONNECTED>ASSOCIATING>DISCONNECTED>INTERFACE_DISABLED>DISCONNECTED>INTERFACE_DISABLED>DISCONNECTED>ASSOCIATING>DISCONNECTED>INTERFACE_DISABLED>DISCONNECTED
291306,0be93b87-72ed-47e3-a4c9-a199742cd1fa,before,2026-09-10 17:54:53,motorola edge 40 neo,34,SENDAI_free_Wi-Fi,d4:68:4d:02:69:9d,5500,5GHz,-83,802.11n,TIMEOUT_AT_COMPLETED,TIMEOUT_AT_<STATE>,379,0-2s,COMPLETED,5,INTERFACE_DISABLED>DISCONNECTED>ASSOCIATING>ASSOCIATED>COMPLETED
307603,4a477502-cd60-4874-9d7c-27a17b0be5c1,before,2026-09-10 17:55:37,ASUS_I006D,33,SENDAI_free_Wi-Fi,d4:68:4d:02:69:9d,5500,5GHz,-71,802.11n,FAILED_AT_SCANNING,FAILED_AT_<STATE>,15022,6s+,ASSOCIATING_ONLY,17,INTERFACE_DISABLED>DISCONNECTED>ASSOCIATING>DISCONNECTED>INTERFACE_DISABLED>DISCONNECTED>INTERFACE_DISABLED>DISCONNECTED>SCANNING>ASSOCIATING>DISCONNECTED>INTERFACE_DISABLED>DISCONNECTED>SCANNING>ASSOCIATING>DISCONNECTED>SCANNING
307604,4a477502-cd60-4874-9d7c-27a17b0be5c1,before,2026-09-10 17:55:37,ASUS_I006D,33,SENDAI_free_Wi-Fi,d4:68:4d:00:29:bd,5500,5GHz,-73,802.11n,TIMEOUT_AT_ASSOCIATING,TIMEOUT_AT_<STATE>,15017,6s+,ASSOCIATING_ONLY,20,ASSOCIATING>DISCONNECTED>INTERFACE_DISABLED>DISCONNECTED>INTERFACE_DISABLED>DISCONNECTED>SCANNING>ASSOCIATING>DISCONNECTED>INTERFACE_DISABLED>DISCONNECTED>INTERFACE_DISABLED>DISCONNECTED>SCANNING>ASSOCIATING>DISCONNECTED>INTERFACE_DISABLED>DISCONNECTED>SCANNING>ASSOCIATING
291307,84024bc3-dc3b-4b43-88a4-e4894777b0a6,before,2026-09-10 17:55:42,motorola edge 40 neo,34,SENDAI_free_Wi-Fi,d4:68:4d:00:29:bd,5500,5GHz,-74,802.11n,TIMEOUT_AT_COMPLETED,TIMEOUT_AT_<STATE>,223,0-2s,COMPLETED,5,INTERFACE_DISABLED>DISCONNECTED>ASSOCIATING>ASSOCIATED>COMPLETED
291308,84024bc3-dc3b-4b43-88a4-e4894777b0a6,before,2026-09-10 17:55:42,motorola edge 40 neo,34,SENDAI_free_Wi-Fi,d4:68:4d:02:69:9d,5500,5GHz,-79,802.11n,TIMEOUT_AT_INTERFACE_DISABLED,TIMEOUT_AT_<STATE>,799,0-2s,ASSOCIATING_ONLY,21,ASSOCIATING>DISCONNECTED>INTERFACE_DISABLED>DISCONNECTED>INTERFACE_DISABLED>DISCONNECTED>ASSOCIATING>DISCONNECTED>INTERFACE_DISABLED>DISCONNECTED>INTERFACE_DISABLED>DISCONNECTED>ASSOCIATING>DISCONNECTED>INTERFACE_DISABLED>DISCONNECTED>INTERFACE_DISABLED>DISCONNECTED>ASSOCIATING>DISCONNECTED>INTERFACE_DISABLED
307605,6f62eca4-e386-46dc-b147-31d1ba3e71e5,before,2026-09-10 17:56:31,ASUS_I006D,33,SENDAI_free_Wi-Fi,d4:68:4d:02:69:9d,5500,5GHz,-73,802.11n,TIMEOUT_AT_COMPLETED,TIMEOUT_AT_<STATE>,1010,0-2s,COMPLETED,5,INTERFACE_DISABLED>DISCONNECTED>ASSOCIATING>ASSOCIATED>COMPLETED
307606,6f62eca4-e386-46dc-b147-31d1ba3e71e5,before,2026-09-10 17:56:31,ASUS_I006D,33,SENDAI_free_Wi-Fi,d4:68:4d:00:29:bd,5500,5GHz,-74,802.11n,TIMEOUT_AT_INTERFACE_DISABLED,TIMEOUT_AT_<STATE>,14085,6s+,ASSOCIATING_ONLY,20,INTERFACE_DISABLED>DISCONNECTED>ASSOCIATING>DISCONNECTED>INTERFACE_DISABLED>DISCONNECTED>SCANNING>ASSOCIATING>DISCONNECTED>SCANNING>ASSOCIATING>DISCONNECTED>INTERFACE_DISABLED>DISCONNECTED>INTERFACE_DISABLED>DISCONNECTED>SCANNING>ASSOCIATING>DISCONNECTED>INTERFACE_DISABLED
307607,6f62eca4-e386-46dc-b147-31d1ba3e71e5,before,2026-09-10 17:56:31,ASUS_I006D,33,SENDAI_free_Wi-Fi,f0:b0:52:32:6f:5d,5580,5GHz,-83,802.11n,FAILED_AT_SCANNING,FAILED_AT_<STATE>,15018,6s+,ASSOCIATING_ONLY,7,INTERFACE_DISABLED>DISCONNECTED>ASSOCIATING>DISCONNECTED>INTERFACE_DISABLED>DISCONNECTED>SCANNING
291309,e57c8505-78a9-4ca0-8a1b-30e17bfe79c2,before,2026-09-10 17:56:36,motorola edge 40 neo,34,SENDAI_free_Wi-Fi,d4:68:4d:00:29:bd,5500,5GHz,-80,802.11n,FAILED_AT_DISCONNECTED,FAILED_AT_<STATE>,838,0-2s,ASSOCIATING_ONLY,24,INTERFACE_DISABLED>DISCONNECTED>ASSOCIATING>DISCONNECTED>INTERFACE_DISABLED>DISCONNECTED>INTERFACE_DISABLED>DISCONNECTED>ASSOCIATING>DISCONNECTED>INTERFACE_DISABLED>DISCONNECTED>INTERFACE_DISABLED>DISCONNECTED>ASSOCIATING>DISCONNECTED>INTERFACE_DISABLED>DISCONNECTED>INTERFACE_DISABLED>DISCONNECTED>ASSOCIATING>DISCONNECTED>INTERFACE_DISABLED>DISCONNECTED
291310,e57c8505-78a9-4ca0-8a1b-30e17bfe79c2,before,2026-09-10 17:56:36,motorola edge 40 neo,34,SENDAI_free_Wi-Fi,d4:68:4d:02:69:9d,5500,5GHz,-81,802.11n,TIMEOUT_AT_COMPLETED,TIMEOUT_AT_<STATE>,244,0-2s,COMPLETED,5,INTERFACE_DISABLED>DISCONNECTED>ASSOCIATING>ASSOCIATED>COMPLETED
307608,a2f6c6f1-d288-4076-a4b3-0b4d14556b89,before,2026-09-10 17:57:32,ASUS_I006D,33,SENDAI_free_Wi-Fi,d4:68:4d:c0:29:b8,2412,2.4GHz,-76,802.11n,FAILED_AT_SCANNING,FAILED_AT_<STATE>,15006,6s+,ASSOCIATING_ONLY,7,ASSOCIATING>DISCONNECTED>INTERFACE_DISABLED>DISCONNECTED>INTERFACE_DISABLED>DISCONNECTED>SCANNING
307609,a2f6c6f1-d288-4076-a4b3-0b4d14556b89,before,2026-09-10 17:57:32,ASUS_I006D,33,SENDAI_free_Wi-Fi,d4:68:4d:00:29:bd,5500,5GHz,-77,802.11n,TIMEOUT_AT_COMPLETED,TIMEOUT_AT_<STATE>,5688,3-5s,COMPLETED,6,ASSOCIATING>DISCONNECTED>SCANNING>ASSOCIATING>ASSOCIATED>COMPLETED
307610,a2f6c6f1-d288-4076-a4b3-0b4d14556b89,before,2026-09-10 17:57:32,ASUS_I006D,33,SENDAI_free_Wi-Fi,f0:b0:52:32:6f:5d,5580,5GHz,-89,802.11n,FAILED_AT_SCANNING,FAILED_AT_<STATE>,15016,6s+,ASSOCIATING_ONLY,9,INTERFACE_DISABLED>DISCONNECTED>ASSOCIATING>DISCONNECTED>INTERFACE_DISABLED>DISCONNECTED>INTERFACE_DISABLED>DISCONNECTED>SCANNING
291311,e4fb5f9c-84bb-4a0b-bd44-2f6c07246b14,before,2026-09-10 17:57:35,motorola edge 40 neo,34,SENDAI_free_Wi-Fi,d4:68:4d:c2:69:98,2462,2.4GHz,-74,802.11n,TIMEOUT_AT_COMPLETED,TIMEOUT_AT_<STATE>,1072,0-2s,COMPLETED,5,INTERFACE_DISABLED>DISCONNECTED>ASSOCIATING>ASSOCIATED>COMPLETED
291312,e4fb5f9c-84bb-4a0b-bd44-2f6c07246b14,before,2026-09-10 17:57:35,motorola edge 40 neo,34,SENDAI_free_Wi-Fi,d4:68:4d:00:29:bd,5500,5GHz,-80,802.11n,TIMEOUT_AT_INTERFACE_DISABLED,TIMEOUT_AT_<STATE>,766,0-2s,ASSOCIATING_ONLY,21,INTERFACE_DISABLED>DISCONNECTED>ASSOCIATING>DISCONNECTED>INTERFACE_DISABLED>DISCONNECTED>INTERFACE_DISABLED>DISCONNECTED>ASSOCIATING>DISCONNECTED>INTERFACE_DISABLED>DISCONNECTED>INTERFACE_DISABLED>DISCONNECTED>ASSOCIATING>DISCONNECTED>INTERFACE_DISABLED>DISCONNECTED>ASSOCIATING>DISCONNECTED>INTERFACE_DISABLED
291313,e4fb5f9c-84bb-4a0b-bd44-2f6c07246b14,before,2026-09-10 17:57:35,motorola edge 40 neo,34,SENDAI_free_Wi-Fi,f0:b0:52:32:6f:5d,5580,5GHz,-90,802.11n,TIMEOUT_AT_ASSOCIATING,TIMEOUT_AT_<STATE>,1924,0-2s,ASSOCIATING_ONLY,18,INTERFACE_DISABLED>DISCONNECTED>ASSOCIATING>DISCONNECTED>DISCONNECTED>INTERFACE_DISABLED>DISCONNECTED>ASSOCIATING>DISCONNECTED>INTERFACE_DISABLED>DISCONNECTED>ASSOCIATING>DISCONNECTED>INTERFACE_DISABLED>DISCONNECTED>INTERFACE_DISABLED>DISCONNECTED>ASSOCIATING
307611,e8026023-e14e-4cae-b0ef-1689fd059045,before,2026-09-10 17:58:24,ASUS_I006D,33,SENDAI_free_Wi-Fi,d4:68:4d:02:69:9d,5500,5GHz,-78,802.11n,TIMEOUT_AT_ASSOCIATING,TIMEOUT_AT_<STATE>,15015,6s+,ASSOCIATING_ONLY,13,INTERFACE_DISABLED>DISCONNECTED>ASSOCIATING>DISCONNECTED>INTERFACE_DISABLED>DISCONNECTED>SCANNING>ASSOCIATING>DISCONNECTED>INTERFACE_DISABLED>DISCONNECTED>SCANNING>ASSOCIATING
307612,e8026023-e14e-4cae-b0ef-1689fd059045,before,2026-09-10 17:58:24,ASUS_I006D,33,SENDAI_free_Wi-Fi,d4:68:4d:00:29:bd,5500,5GHz,-84,802.11n,TIMEOUT_AT_ASSOCIATING,TIMEOUT_AT_<STATE>,15011,6s+,ASSOCIATING_ONLY,25,DISCONNECTED>INTERFACE_DISABLED>DISCONNECTED>INTERFACE_DISABLED>DISCONNECTED>ASSOCIATING>DISCONNECTED>INTERFACE_DISABLED>DISCONNECTED>INTERFACE_DISABLED>DISCONNECTED>SCANNING>ASSOCIATING>DISCONNECTED>INTERFACE_DISABLED>DISCONNECTED>INTERFACE_DISABLED>DISCONNECTED>SCANNING>ASSOCIATING>DISCONNECTED>INTERFACE_DISABLED>DISCONNECTED>SCANNING>ASSOCIATING
291314,aa2c048f-213a-459e-8d98-a7a66744f201,before,2026-09-10 17:58:34,motorola edge 40 neo,34,SENDAI_free_Wi-Fi,d4:68:4d:02:69:9d,5500,5GHz,-88,802.11n,FAILED_AT_DISCONNECTED,FAILED_AT_<STATE>,761,0-2s,ASSOCIATING_ONLY,22,INTERFACE_DISABLED>DISCONNECTED>ASSOCIATING>DISCONNECTED>INTERFACE_DISABLED>DISCONNECTED>INTERFACE_DISABLED>DISCONNECTED>ASSOCIATING>DISCONNECTED>INTERFACE_DISABLED>DISCONNECTED>INTERFACE_DISABLED>DISCONNECTED>ASSOCIATING>DISCONNECTED>INTERFACE_DISABLED>DISCONNECTED>INTERFACE_DISABLED>DISCONNECTED>ASSOCIATING>DISCONNECTED
291315,aa2c048f-213a-459e-8d98-a7a66744f201,before,2026-09-10 17:58:34,motorola edge 40 neo,34,SENDAI_free_Wi-Fi,f0:b0:52:32:6f:5d,5580,5GHz,-91,802.11n,FAILED_AT_DISCONNECTED,FAILED_AT_<STATE>,819,0-2s,ASSOCIATING_ONLY,21,INTERFACE_DISABLED>DISCONNECTED>ASSOCIATING>DISCONNECTED>INTERFACE_DISABLED>DISCONNECTED>INTERFACE_DISABLED>DISCONNECTED>ASSOCIATING>DISCONNECTED>INTERFACE_DISABLED>DISCONNECTED>DISCONNECTED>ASSOCIATING>DISCONNECTED>INTERFACE_DISABLED>DISCONNECTED>INTERFACE_DISABLED>DISCONNECTED>ASSOCIATING>DISCONNECTED
307613,b725a004-8e87-4480-90af-c5de63832094,before,2026-09-10 17:59:15,ASUS_I006D,33,SENDAI_free_Wi-Fi,d4:68:4d:00:29:bd,5500,5GHz,-82,802.11n,TIMEOUT_AT_ASSOCIATING,TIMEOUT_AT_<STATE>,13354,6s+,ASSOCIATING_ONLY,20,ASSOCIATING>DISCONNECTED>INTERFACE_DISABLED>DISCONNECTED>INTERFACE_DISABLED>DISCONNECTED>SCANNING>ASSOCIATING>DISCONNECTED>INTERFACE_DISABLED>DISCONNECTED>INTERFACE_DISABLED>DISCONNECTED>SCANNING>ASSOCIATING>DISCONNECTED>INTERFACE_DISABLED>DISCONNECTED>SCANNING>ASSOCIATING
307614,b725a004-8e87-4480-90af-c5de63832094,before,2026-09-10 17:59:15,ASUS_I006D,33,SENDAI_free_Wi-Fi,d4:68:4d:02:69:9d,5500,5GHz,-85,802.11n,FAILED_AT_SCANNING,FAILED_AT_<STATE>,15017,6s+,ASSOCIATING_ONLY,12,INTERFACE_DISABLED>DISCONNECTED>ASSOCIATING>DISCONNECTED>INTERFACE_DISABLED>DISCONNECTED>SCANNING>ASSOCIATING>DISCONNECTED>INTERFACE_DISABLED>DISCONNECTED>SCANNING
291316,f883f36b-2ee6-4b63-aed7-234ae691af5a,before,2026-09-10 17:59:22,motorola edge 40 neo,34,SENDAI_free_Wi-Fi,d4:68:4d:02:69:9d,5500,5GHz,-86,802.11n,TIMEOUT_AT_INTERFACE_DISABLED,TIMEOUT_AT_<STATE>,1051,0-2s,ASSOCIATING_ONLY,22,INTERFACE_DISABLED>ASSOCIATING>DISCONNECTED>INTERFACE_DISABLED>DISCONNECTED>INTERFACE_DISABLED>DISCONNECTED>ASSOCIATING>DISCONNECTED>INTERFACE_DISABLED>DISCONNECTED>INTERFACE_DISABLED>DISCONNECTED>ASSOCIATING>DISCONNECTED>INTERFACE_DISABLED>DISCONNECTED>INTERFACE_DISABLED>DISCONNECTED>ASSOCIATING>DISCONNECTED>INTERFACE_DISABLED
307615,d228941a-49b5-4247-9ca5-b907969ddd5e,before,2026-09-10 18:00:03,ASUS_I006D,33,SENDAI_free_Wi-Fi,d4:68:4d:02:69:9d,5500,5GHz,-77,802.11n,FAILED_AT_SCANNING,FAILED_AT_<STATE>,15016,6s+,ASSOCIATING_ONLY,10,ASSOCIATING>DISCONNECTED>INTERFACE_DISABLED>DISCONNECTED>SCANNING>ASSOCIATING>DISCONNECTED>INTERFACE_DISABLED>DISCONNECTED>SCANNING
307616,d228941a-49b5-4247-9ca5-b907969ddd5e,before,2026-09-10 18:00:03,ASUS_I006D,33,SENDAI_free_Wi-Fi,d4:68:4d:00:29:bd,5500,5GHz,-79,802.11n,TIMEOUT_AT_INTERFACE_DISABLED,TIMEOUT_AT_<STATE>,14378,6s+,ASSOCIATING_ONLY,20,ASSOCIATING>DISCONNECTED>INTERFACE_DISABLED>DISCONNECTED>INTERFACE_DISABLED>DISCONNECTED>SCANNING>ASSOCIATING>DISCONNECTED>INTERFACE_DISABLED>DISCONNECTED>SCANNING>ASSOCIATING>DISCONNECTED>INTERFACE_DISABLED>DISCONNECTED>SCANNING>ASSOCIATING>DISCONNECTED>INTERFACE_DISABLED
291317,0f8ec23d-7fef-4ffc-a6b5-1095e1502bd3,before,2026-09-10 18:00:16,motorola edge 40 neo,34,SENDAI_free_Wi-Fi,d4:68:4d:00:29:bd,5500,5GHz,-88,802.11n,FAILED_AT_DISCONNECTED,FAILED_AT_<STATE>,703,0-2s,ASSOCIATING_ONLY,20,INTERFACE_DISABLED>DISCONNECTED>ASSOCIATING>DISCONNECTED>INTERFACE_DISABLED>DISCONNECTED>DISCONNECTED>ASSOCIATING>DISCONNECTED>INTERFACE_DISABLED>DISCONNECTED>INTERFACE_DISABLED>DISCONNECTED>ASSOCIATING>DISCONNECTED>DISCONNECTED>INTERFACE_DISABLED>DISCONNECTED>ASSOCIATING>DISCONNECTED
307617,f93326c8-5bb6-4f4c-ab61-0af1bccd8df1,before,2026-09-10 18:00:29,ASUS_I006D,33,SENDAI_free_Wi-Fi,d4:68:4d:02:69:9d,5500,5GHz,-78,802.11n,TIMEOUT_AT_COMPLETED,TIMEOUT_AT_<STATE>,1284,0-2s,COMPLETED,5,INTERFACE_DISABLED>DISCONNECTED>ASSOCIATING>ASSOCIATED>COMPLETED
307618,f93326c8-5bb6-4f4c-ab61-0af1bccd8df1,before,2026-09-10 18:00:29,ASUS_I006D,33,SENDAI_free_Wi-Fi,d4:68:4d:00:29:bd,5500,5GHz,-79,802.11n,TIMEOUT_AT_COMPLETED,TIMEOUT_AT_<STATE>,1345,0-2s,COMPLETED,5,INTERFACE_DISABLED>DISCONNECTED>ASSOCIATING>ASSOCIATED>COMPLETED
291318,5df1c84a-426c-4805-8dc2-db76ccf6e4d6,before,2026-09-10 18:01:07,motorola edge 40 neo,34,SENDAI_free_Wi-Fi,d4:68:4d:00:29:bd,5500,5GHz,-84,802.11n,TIMEOUT_AT_COMPLETED,TIMEOUT_AT_<STATE>,320,0-2s,COMPLETED,5,INTERFACE_DISABLED>DISCONNECTED>ASSOCIATING>ASSOCIATED>COMPLETED
291319,5df1c84a-426c-4805-8dc2-db76ccf6e4d6,before,2026-09-10 18:01:07,motorola edge 40 neo,34,SENDAI_free_Wi-Fi,d4:68:4d:02:69:9d,5500,5GHz,-88,802.11n,TIMEOUT_AT_INTERFACE_DISABLED,TIMEOUT_AT_<STATE>,2642,0-2s,ASSOCIATING_ONLY,23,INTERFACE_DISABLED>DISCONNECTED>ASSOCIATING>DISCONNECTED>INTERFACE_DISABLED>DISCONNECTED>INTERFACE_DISABLED>DISCONNECTED>ASSOCIATING>DISCONNECTED>INTERFACE_DISABLED>DISCONNECTED>INTERFACE_DISABLED>DISCONNECTED>ASSOCIATING>DISCONNECTED>INTERFACE_DISABLED>DISCONNECTED>INTERFACE_DISABLED>DISCONNECTED>ASSOCIATING>DISCONNECTED>INTERFACE_DISABLED
291320,5df1c84a-426c-4805-8dc2-db76ccf6e4d6,before,2026-09-10 18:01:07,motorola edge 40 neo,34,SENDAI_free_Wi-Fi,f0:b0:52:32:6f:5d,5580,5GHz,-90,802.11n,TIMEOUT_AT_COMPLETED,TIMEOUT_AT_<STATE>,420,0-2s,COMPLETED,5,INTERFACE_DISABLED>DISCONNECTED>ASSOCIATING>ASSOCIATED>COMPLETED
307619,180ad463-8c4b-4464-b2f5-3836d131b3df,before,2026-09-10 18:01:07,ASUS_I006D,33,SENDAI_free_Wi-Fi,d4:68:4d:02:69:9d,5500,5GHz,-76,802.11n,TIMEOUT_AT_COMPLETED,TIMEOUT_AT_<STATE>,4853,3-5s,COMPLETED,8,ASSOCIATING>DISCONNECTED>INTERFACE_DISABLED>DISCONNECTED>SCANNING>ASSOCIATING>ASSOCIATED>COMPLETED
307620,180ad463-8c4b-4464-b2f5-3836d131b3df,before,2026-09-10 18:01:07,ASUS_I006D,33,SENDAI_free_Wi-Fi,d4:68:4d:00:29:bd,5500,5GHz,-82,802.11n,TIMEOUT_AT_COMPLETED,TIMEOUT_AT_<STATE>,5186,3-5s,COMPLETED,8,ASSOCIATING>DISCONNECTED>INTERFACE_DISABLED>DISCONNECTED>SCANNING>ASSOCIATING>ASSOCIATED>COMPLETED
291321,b704131f-ff7a-4cb8-bf2b-1eb8025ceb73,before,2026-09-10 18:01:34,motorola edge 40 neo,34,SENDAI_free_Wi-Fi,d4:68:4d:02:69:9d,5500,5GHz,-81,802.11n,FAILED_AT_DISCONNECTED,FAILED_AT_<STATE>,922,0-2s,ASSOCIATING_ONLY,20,INTERFACE_DISABLED>DISCONNECTED>ASSOCIATING>DISCONNECTED>INTERFACE_DISABLED>DISCONNECTED>INTERFACE_DISABLED>DISCONNECTED>ASSOCIATING>DISCONNECTED>INTERFACE_DISABLED>DISCONNECTED>ASSOCIATING>DISCONNECTED>INTERFACE_DISABLED>DISCONNECTED>INTERFACE_DISABLED>DISCONNECTED>ASSOCIATING>DISCONNECTED
291322,b704131f-ff7a-4cb8-bf2b-1eb8025ceb73,before,2026-09-10 18:01:34,motorola edge 40 neo,34,SENDAI_free_Wi-Fi,d4:68:4d:00:29:bd,5500,5GHz,-84,802.11n,TIMEOUT_AT_INTERFACE_DISABLED,TIMEOUT_AT_<STATE>,805,0-2s,ASSOCIATING_ONLY,21,ASSOCIATING>DISCONNECTED>INTERFACE_DISABLED>DISCONNECTED>INTERFACE_DISABLED>DISCONNECTED>ASSOCIATING>DISCONNECTED>INTERFACE_DISABLED>DISCONNECTED>INTERFACE_DISABLED>DISCONNECTED>ASSOCIATING>DISCONNECTED>INTERFACE_DISABLED>DISCONNECTED>INTERFACE_DISABLED>DISCONNECTED>ASSOCIATING>DISCONNECTED>INTERFACE_DISABLED
291323,b704131f-ff7a-4cb8-bf2b-1eb8025ceb73,before,2026-09-10 18:01:34,motorola edge 40 neo,34,SENDAI_free_Wi-Fi,f0:b0:52:32:6f:5d,5580,5GHz,-92,802.11n,TIMEOUT_AT_COMPLETED,TIMEOUT_AT_<STATE>,883,0-2s,COMPLETED,5,INTERFACE_DISABLED>DISCONNECTED>ASSOCIATING>ASSOCIATED>COMPLETED
307621,055e173c-0055-400a-a358-a743f2959786,before,2026-09-10 18:02:06,ASUS_I006D,33,SENDAI_free_Wi-Fi,d4:68:4d:02:69:9d,5500,5GHz,-69,802.11n,TIMEOUT_AT_COMPLETED,TIMEOUT_AT_<STATE>,6461,6s+,COMPLETED,10,INTERFACE_DISABLED>DISCONNECTED>ASSOCIATING>DISCONNECTED>INTERFACE_DISABLED>DISCONNECTED>SCANNING>ASSOCIATING>ASSOCIATED>COMPLETED
307622,055e173c-0055-400a-a358-a743f2959786,before,2026-09-10 18:02:06,ASUS_I006D,33,SENDAI_free_Wi-Fi,d4:68:4d:c2:69:98,2462,2.4GHz,-71,802.11n,TIMEOUT_AT_COMPLETED,TIMEOUT_AT_<STATE>,1902,0-2s,COMPLETED,5,INTERFACE_DISABLED>DISCONNECTED>ASSOCIATING>ASSOCIATED>COMPLETED
307623,055e173c-0055-400a-a358-a743f2959786,before,2026-09-10 18:02:06,ASUS_I006D,33,SENDAI_free_Wi-Fi,d4:68:4d:00:29:bd,5500,5GHz,-77,802.11n,FAILED_AT_DISCONNECTED,FAILED_AT_<STATE>,14846,6s+,ASSOCIATING_ONLY,25,INTERFACE_DISABLED>DISCONNECTED>ASSOCIATING>DISCONNECTED>INTERFACE_DISABLED>DISCONNECTED>INTERFACE_DISABLED>DISCONNECTED>SCANNING>ASSOCIATING>DISCONNECTED>INTERFACE_DISABLED>DISCONNECTED>INTERFACE_DISABLED>DISCONNECTED>SCANNING>ASSOCIATING>DISCONNECTED>INTERFACE_DISABLED>DISCONNECTED>INTERFACE_DISABLED>DISCONNECTED>SCANNING>ASSOCIATING>DISCONNECTED
307624,055e173c-0055-400a-a358-a743f2959786,before,2026-09-10 18:02:06,ASUS_I006D,33,SENDAI_free_Wi-Fi,f0:b0:52:32:6f:5d,5580,5GHz,-79,802.11n,TIMEOUT_AT_COMPLETED,TIMEOUT_AT_<STATE>,1118,0-2s,COMPLETED,5,INTERFACE_DISABLED>DISCONNECTED>ASSOCIATING>ASSOCIATED>COMPLETED
291324,e99c184d-0fc9-408c-8e82-2321701def74,before,2026-09-10 18:02:18,motorola edge 40 neo,34,SENDAI_free_Wi-Fi,d4:68:4d:02:69:9d,5500,5GHz,-72,802.11n,TIMEOUT_AT_COMPLETED,TIMEOUT_AT_<STATE>,363,0-2s,COMPLETED,5,INTERFACE_DISABLED>DISCONNECTED>ASSOCIATING>ASSOCIATED>COMPLETED
291325,e99c184d-0fc9-408c-8e82-2321701def74,before,2026-09-10 18:02:18,motorola edge 40 neo,34,SENDAI_free_Wi-Fi,d4:68:4d:00:29:bd,5500,5GHz,-83,802.11n,TIMEOUT_AT_COMPLETED,TIMEOUT_AT_<STATE>,290,0-2s,COMPLETED,5,INTERFACE_DISABLED>DISCONNECTED>ASSOCIATING>ASSOCIATED>COMPLETED
291326,e99c184d-0fc9-408c-8e82-2321701def74,before,2026-09-10 18:02:18,motorola edge 40 neo,34,SENDAI_free_Wi-Fi,f0:b0:52:32:6f:5d,5580,5GHz,-86,802.11n,TIMEOUT_AT_COMPLETED,TIMEOUT_AT_<STATE>,861,0-2s,COMPLETED,5,INTERFACE_DISABLED>DISCONNECTED>ASSOCIATING>ASSOCIATED>COMPLETED
307625,35ea4b25-7e0b-4039-9852-d33423cf43ff,before,2026-09-10 18:02:59,ASUS_I006D,33,SENDAI_free_Wi-Fi,d4:68:4d:c2:69:98,2462,2.4GHz,-70,802.11n,FAILED_AT_SCANNING,FAILED_AT_<STATE>,15016,6s+,ASSOCIATING_ONLY,7,INTERFACE_DISABLED>DISCONNECTED>ASSOCIATING>DISCONNECTED>INTERFACE_DISABLED>DISCONNECTED>SCANNING
307626,35ea4b25-7e0b-4039-9852-d33423cf43ff,before,2026-09-10 18:02:59,ASUS_I006D,33,SENDAI_free_Wi-Fi,d4:68:4d:02:69:9d,5500,5GHz,-70,802.11n,TIMEOUT_AT_COMPLETED,TIMEOUT_AT_<STATE>,548,0-2s,COMPLETED,3,ASSOCIATING>ASSOCIATED>COMPLETED
307627,35ea4b25-7e0b-4039-9852-d33423cf43ff,before,2026-09-10 18:02:59,ASUS_I006D,33,SENDAI_free_Wi-Fi,d4:68:4d:00:29:bd,5500,5GHz,-79,802.11n,TIMEOUT_AT_INTERFACE_DISABLED,TIMEOUT_AT_<STATE>,13915,6s+,ASSOCIATING_ONLY,22,ASSOCIATING>DISCONNECTED>INTERFACE_DISABLED>DISCONNECTED>INTERFACE_DISABLED>DISCONNECTED>SCANNING>ASSOCIATING>DISCONNECTED>INTERFACE_DISABLED>DISCONNECTED>SCANNING>ASSOCIATING>DISCONNECTED>INTERFACE_DISABLED>DISCONNECTED>INTERFACE_DISABLED>DISCONNECTED>SCANNING>ASSOCIATING>DISCONNECTED>INTERFACE_DISABLED
291327,7ff5879d-a5e2-4d10-83f3-894ad0ec61d1,before,2026-09-10 18:03:08,motorola edge 40 neo,34,SENDAI_free_Wi-Fi,d4:68:4d:02:69:9d,5500,5GHz,-71,802.11n,TIMEOUT_AT_ASSOCIATING,TIMEOUT_AT_<STATE>,811,0-2s,ASSOCIATING_ONLY,21,INTERFACE_DISABLED>DISCONNECTED>ASSOCIATING>DISCONNECTED>INTERFACE_DISABLED>DISCONNECTED>INTERFACE_DISABLED>DISCONNECTED>ASSOCIATING>DISCONNECTED>INTERFACE_DISABLED>DISCONNECTED>INTERFACE_DISABLED>DISCONNECTED>ASSOCIATING>DISCONNECTED>INTERFACE_DISABLED>DISCONNECTED>INTERFACE_DISABLED>DISCONNECTED>ASSOCIATING
291328,7ff5879d-a5e2-4d10-83f3-894ad0ec61d1,before,2026-09-10 18:03:08,motorola edge 40 neo,34,SENDAI_free_Wi-Fi,d4:68:4d:00:29:bd,5500,5GHz,-90,802.11n,FAILED_AT_DISCONNECTED,FAILED_AT_<STATE>,1083,0-2s,ASSOCIATING_ONLY,22,INTERFACE_DISABLED>DISCONNECTED>ASSOCIATING>DISCONNECTED>INTERFACE_DISABLED>DISCONNECTED>INTERFACE_DISABLED>DISCONNECTED>ASSOCIATING>DISCONNECTED>INTERFACE_DISABLED>DISCONNECTED>INTERFACE_DISABLED>DISCONNECTED>ASSOCIATING>DISCONNECTED>INTERFACE_DISABLED>DISCONNECTED>INTERFACE_DISABLED>DISCONNECTED>ASSOCIATING>DISCONNECTED
307628,6ddeeb03-055f-4753-b135-c29513fd6a01,before,2026-09-10 18:03:39,ASUS_I006D,33,SENDAI_free_Wi-Fi,d4:68:4d:02:69:9d,5500,5GHz,-71,802.11n,TIMEOUT_AT_COMPLETED,TIMEOUT_AT_<STATE>,10669,6s+,COMPLETED,11,ASSOCIATING>DISCONNECTED>SCANNING>ASSOCIATING>DISCONNECTED>INTERFACE_DISABLED>DISCONNECTED>SCANNING>ASSOCIATING>ASSOCIATED>COMPLETED
307629,6ddeeb03-055f-4753-b135-c29513fd6a01,before,2026-09-10 18:03:39,ASUS_I006D,33,SENDAI_free_Wi-Fi,d4:68:4d:00:29:bd,5500,5GHz,-81,802.11n,TIMEOUT_AT_ASSOCIATING,TIMEOUT_AT_<STATE>,15009,6s+,ASSOCIATING_ONLY,8,INTERFACE_DISABLED>DISCONNECTED>ASSOCIATING>DISCONNECTED>INTERFACE_DISABLED>DISCONNECTED>SCANNING>ASSOCIATING
291329,919a67ec-30df-4c5c-9315-1ed90f6f1a50,before,2026-09-10 18:03:48,motorola edge 40 neo,34,SENDAI_free_Wi-Fi,d4:68:4d:00:29:bd,5500,5GHz,-85,802.11n,TIMEOUT_AT_ASSOCIATING,TIMEOUT_AT_<STATE>,802,0-2s,ASSOCIATING_ONLY,21,INTERFACE_DISABLED>DISCONNECTED>ASSOCIATING>DISCONNECTED>INTERFACE_DISABLED>DISCONNECTED>INTERFACE_DISABLED>DISCONNECTED>ASSOCIATING>DISCONNECTED>INTERFACE_DISABLED>DISCONNECTED>INTERFACE_DISABLED>DISCONNECTED>ASSOCIATING>DISCONNECTED>INTERFACE_DISABLED>DISCONNECTED>INTERFACE_DISABLED>DISCONNECTED>ASSOCIATING
306181,1935866f-47f8-49f1-96d6-ffdc75be69eb,after,2026-09-14 15:38:55,motorola edge 40 neo,34,0000tohtech,44:12:44:80:13:c0,2462,2.4GHz,-75,802.11ax,NOT_FOUND,NOT_FOUND,3018,3-5s,NONE,0,
306183,1935866f-47f8-49f1-96d6-ffdc75be69eb,after,2026-09-14 15:38:55,motorola edge 40 neo,34,0000tohtech,44:12:44:aa:2c:10,5240,5GHz,-76,802.11ax,NOT_FOUND,NOT_FOUND,3016,3-5s,NONE,0,
306191,1935866f-47f8-49f1-96d6-ffdc75be69eb,after,2026-09-14 15:38:55,motorola edge 40 neo,34,0000tohtech,b0:1f:8c:7f:37:02,2437,2.4GHz,-81,802.11ax,NOT_FOUND,NOT_FOUND,3015,3-5s,NONE,0,
306196,1935866f-47f8-49f1-96d6-ffdc75be69eb,after,2026-09-14 15:38:55,motorola edge 40 neo,34,0000tohtech,44:12:44:aa:2c:00,2437,2.4GHz,-83,802.11ax,NOT_FOUND,NOT_FOUND,3016,3-5s,NONE,0,
306204,1935866f-47f8-49f1-96d6-ffdc75be69eb,after,2026-09-14 15:38:55,motorola edge 40 neo,34,0000tohtech,b0:1f:8c:7f:37:12,5700,5GHz,-84,802.11ax,NOT_FOUND,NOT_FOUND,3014,3-5s,NONE,0,
306209,1935866f-47f8-49f1-96d6-ffdc75be69eb,after,2026-09-14 15:38:55,motorola edge 40 neo,34,0000tohtech,b0:1f:8c:7e:e3:40,2412,2.4GHz,-85,802.11ax,NOT_FOUND,NOT_FOUND,3012,3-5s,NONE,0,
306212,1935866f-47f8-49f1-96d6-ffdc75be69eb,after,2026-09-14 15:38:55,motorola edge 40 neo,34,0000tohtech,44:12:44:aa:02:61,2437,2.4GHz,-85,802.11ax,NOT_FOUND,NOT_FOUND,3017,3-5s,NONE,0,
306216,1935866f-47f8-49f1-96d6-ffdc75be69eb,after,2026-09-14 15:38:55,motorola edge 40 neo,34,0000tohtech,44:12:44:80:13:d0,5520,5GHz,-86,802.11ax,NOT_FOUND,NOT_FOUND,3018,3-5s,NONE,0,
306226,1935866f-47f8-49f1-96d6-ffdc75be69eb,after,2026-09-14 15:38:55,motorola edge 40 neo,34,0000tohtech,20:9c:b4:97:c7:32,5580,5GHz,-91,802.11ax,NOT_FOUND,NOT_FOUND,3017,3-5s,NONE,0,
306228,1935866f-47f8-49f1-96d6-ffdc75be69eb,after,2026-09-14 15:38:55,motorola edge 40 neo,34,0000tohtech,44:12:44:aa:02:71,5580,5GHz,-92,802.11ax,NOT_FOUND,NOT_FOUND,3013,3-5s,NONE,0,
306239,7843b68f-a760-4b26-bf4f-878196fffdd1,after,2026-09-14 15:39:48,motorola edge 40 neo,34,0000tohtech,44:12:44:a9:64:00,2462,2.4GHz,-63,802.11ax,FAILED_AT_DISCONNECTED,FAILED_AT_<STATE>,3017,3-5s,ASSOCIATING_ONLY,4,ASSOCIATING>DISCONNECTED>INTERFACE_DISABLED>DISCONNECTED
306271,7843b68f-a760-4b26-bf4f-878196fffdd1,after,2026-09-14 15:39:48,motorola edge 40 neo,34,0000tohtech,44:12:44:aa:55:20,2462,2.4GHz,-80,802.11ax,NOT_FOUND,NOT_FOUND,3013,3-5s,NONE,0,
306283,7843b68f-a760-4b26-bf4f-878196fffdd1,after,2026-09-14 15:39:48,motorola edge 40 neo,34,0000tohtech,44:12:44:a9:64:10,5280,5GHz,-82,802.11ax,NOT_FOUND,NOT_FOUND,3015,3-5s,NONE,0,
306299,7843b68f-a760-4b26-bf4f-878196fffdd1,after,2026-09-14 15:39:48,motorola edge 40 neo,34,0000tohtech,44:12:44:80:13:d0,5520,5GHz,-85,802.11ax,NOT_FOUND,NOT_FOUND,3017,3-5s,NONE,0,
306303,7843b68f-a760-4b26-bf4f-878196fffdd1,after,2026-09-14 15:39:48,motorola edge 40 neo,34,0000tohtech,20:9c:b4:97:b1:32,5640,5GHz,-85,802.11ax,TIMEOUT_AT_ASSOCIATING,TIMEOUT_AT_<STATE>,3017,3-5s,ASSOCIATING_ONLY,3,INTERFACE_DISABLED>DISCONNECTED>ASSOCIATING
306312,7843b68f-a760-4b26-bf4f-878196fffdd1,after,2026-09-14 15:39:48,motorola edge 40 neo,34,0000tohtech,44:12:44:aa:01:12,5700,5GHz,-87,802.11ax,FAILED_AT_DISCONNECTED,FAILED_AT_<STATE>,3017,3-5s,NONE,3,DISCONNECTED>INTERFACE_DISABLED>DISCONNECTED
306314,7843b68f-a760-4b26-bf4f-878196fffdd1,after,2026-09-14 15:39:48,motorola edge 40 neo,34,0000tohtech,44:12:44:a9:8e:72,5500,5GHz,-87,802.11ax,NOT_FOUND,NOT_FOUND,3013,3-5s,NONE,0,
306321,7843b68f-a760-4b26-bf4f-878196fffdd1,after,2026-09-14 15:39:48,motorola edge 40 neo,34,0000tohtech,44:12:44:aa:2c:10,5240,5GHz,-88,802.11ax,TIMEOUT_AT_COMPLETED,TIMEOUT_AT_<STATE>,1510,0-2s,COMPLETED,7,INTERFACE_DISABLED>DISCONNECTED>ASSOCIATING>ASSOCIATED>FOUR_WAY_HANDSHAKE>GROUP_HANDSHAKE>COMPLETED
306324,7843b68f-a760-4b26-bf4f-878196fffdd1,after,2026-09-14 15:39:48,motorola edge 40 neo,34,0000tohtech,b0:1f:8c:6c:7c:d0,5600,5GHz,-88,802.11ax,FAILED_AT_DISCONNECTED,FAILED_AT_<STATE>,3015,3-5s,NONE,1,DISCONNECTED
306327,7843b68f-a760-4b26-bf4f-878196fffdd1,after,2026-09-14 15:39:48,motorola edge 40 neo,34,0000tohtech,20:9c:b4:97:3c:50,5680,5GHz,-89,802.11ax,NOT_FOUND,NOT_FOUND,3011,3-5s,NONE,0,
306335,7843b68f-a760-4b26-bf4f-878196fffdd1,after,2026-09-14 15:39:48,motorola edge 40 neo,34,0000tohtech,44:12:44:aa:ff:30,5260,5GHz,-91,802.11ax,NOT_FOUND,NOT_FOUND,3015,3-5s,NONE,0,
306337,7843b68f-a760-4b26-bf4f-878196fffdd1,after,2026-09-14 15:39:48,motorola edge 40 neo,34,0000tohtech,44:12:44:aa:1d:31,5640,5GHz,-92,802.11ax,NOT_FOUND,NOT_FOUND,3017,3-5s,NONE,0,
306359,bc7e1eec-d00e-4122-9c45-f1ee5e982a8e,after,2026-09-14 15:40:56,motorola edge 40 neo,34,0000tohtech,44:12:44:a9:64:00,2462,2.4GHz,-66,802.11ax,FAILED_AT_DISCONNECTED,FAILED_AT_<STATE>,3014,3-5s,NONE,3,DISCONNECTED>INTERFACE_DISABLED>DISCONNECTED
306381,bc7e1eec-d00e-4122-9c45-f1ee5e982a8e,after,2026-09-14 15:40:56,motorola edge 40 neo,34,0000tohtech,44:12:44:a9:64:10,5280,5GHz,-75,802.11ax,NOT_FOUND,NOT_FOUND,3012,3-5s,NONE,0,
306391,bc7e1eec-d00e-4122-9c45-f1ee5e982a8e,after,2026-09-14 15:40:56,motorola edge 40 neo,34,0000tohtech,20:9c:b4:97:b1:32,5640,5GHz,-79,802.11ax,NOT_FOUND,NOT_FOUND,3010,3-5s,NONE,0,
306392,bc7e1eec-d00e-4122-9c45-f1ee5e982a8e,after,2026-09-14 15:40:56,motorola edge 40 neo,34,0000tohtech,20:9c:b4:96:f5:b0,5700,5GHz,-79,802.11ax,NOT_FOUND,NOT_FOUND,3016,3-5s,NONE,0,
306400,bc7e1eec-d00e-4122-9c45-f1ee5e982a8e,after,2026-09-14 15:40:56,motorola edge 40 neo,34,0000tohtech,20:9c:b4:98:08:d1,5320,5GHz,-81,802.11ax,NOT_FOUND,NOT_FOUND,3017,3-5s,NONE,0,
306407,bc7e1eec-d00e-4122-9c45-f1ee5e982a8e,after,2026-09-14 15:40:56,motorola edge 40 neo,34,0000tohtech,b0:1f:8c:7f:99:30,5220,5GHz,-82,802.11ax,NOT_FOUND,NOT_FOUND,3016,3-5s,NONE,0,
306418,bc7e1eec-d00e-4122-9c45-f1ee5e982a8e,after,2026-09-14 15:40:56,motorola edge 40 neo,34,0000tohtech,44:12:44:aa:ff:30,5260,5GHz,-83,802.11ax,TIMEOUT_AT_COMPLETED,TIMEOUT_AT_<STATE>,1544,0-2s,COMPLETED,7,INTERFACE_DISABLED>DISCONNECTED>ASSOCIATING>ASSOCIATED>FOUR_WAY_HANDSHAKE>GROUP_HANDSHAKE>COMPLETED
306421,bc7e1eec-d00e-4122-9c45-f1ee5e982a8e,after,2026-09-14 15:40:56,motorola edge 40 neo,34,0000tohtech,b0:1f:8c:6d:47:70,5660,5GHz,-85,802.11ax,FAILED_AT_DISCONNECTED,FAILED_AT_<STATE>,3050,3-5s,NONE,2,DISCONNECTED>DISCONNECTED
306434,bc7e1eec-d00e-4122-9c45-f1ee5e982a8e,after,2026-09-14 15:40:56,motorola edge 40 neo,34,0000tohtech,44:12:44:80:17:30,5180,5GHz,-86,802.11ax,NOT_FOUND,NOT_FOUND,3017,3-5s,NONE,0,
306445,bc7e1eec-d00e-4122-9c45-f1ee5e982a8e,after,2026-09-14 15:40:56,motorola edge 40 neo,34,0000tohtech,b0:1f:8c:7f:b9:31,5620,5GHz,-88,802.11ax,TIMEOUT_AT_COMPLETED,TIMEOUT_AT_<STATE>,2137,0-2s,COMPLETED,7,INTERFACE_DISABLED>DISCONNECTED>ASSOCIATING>ASSOCIATED>FOUR_WAY_HANDSHAKE>GROUP_HANDSHAKE>COMPLETED
306457,bc7e1eec-d00e-4122-9c45-f1ee5e982a8e,after,2026-09-14 15:40:56,motorola edge 40 neo,34,0000tohtech,b0:1f:8c:7f:a1:11,5300,5GHz,-91,802.11ax,NOT_FOUND,NOT_FOUND,3010,3-5s,NONE,0,
306462,bc7e1eec-d00e-4122-9c45-f1ee5e982a8e,after,2026-09-14 15:40:56,motorola edge 40 neo,34,0000tohtech,44:12:44:a9:b3:b1,5240,5GHz,-91,802.11ax,NOT_FOUND,NOT_FOUND,3013,3-5s,NONE,0,
306467,bc7e1eec-d00e-4122-9c45-f1ee5e982a8e,after,2026-09-14 15:40:56,motorola edge 40 neo,34,0000tohtech,44:12:44:80:13:d0,5520,5GHz,-91,802.11ax,FAILED_AT_DISCONNECTED,FAILED_AT_<STATE>,3013,3-5s,NONE,2,DISCONNECTED>DISCONNECTED
306478,bc7e1eec-d00e-4122-9c45-f1ee5e982a8e,after,2026-09-14 15:40:56,motorola edge 40 neo,34,0000tohtech,44:12:44:aa:01:12,5700,5GHz,-92,802.11ax,NOT_FOUND,NOT_FOUND,3013,3-5s,NONE,0,
306479,bc7e1eec-d00e-4122-9c45-f1ee5e982a8e,after,2026-09-14 15:40:56,motorola edge 40 neo,34,0000tohtech,44:12:44:a9:de:12,5680,5GHz,-92,802.11ax,NOT_FOUND,NOT_FOUND,3015,3-5s,NONE,0,
306482,bc7e1eec-d00e-4122-9c45-f1ee5e982a8e,after,2026-09-14 15:40:56,motorola edge 40 neo,34,0000tohtech,b0:1f:8c:6c:7c:d0,5600,5GHz,-92,802.11ax,NOT_FOUND,NOT_FOUND,3012,3-5s,NONE,0,
306503,51a689f1-0c08-44ab-8a07-c10075d4860f,after,2026-09-14 15:42:23,motorola edge 40 neo,34,0000tohtech,20:9c:b4:96:f5:a0,2437,2.4GHz,-67,802.11ax,FAILED_AT_DISCONNECTED,FAILED_AT_<STATE>,3010,3-5s,NONE,1,DISCONNECTED
306506,51a689f1-0c08-44ab-8a07-c10075d4860f,after,2026-09-14 15:42:23,motorola edge 40 neo,34,0000tohtech,b0:1f:8c:7f:99:20,2412,2.4GHz,-68,802.11ax,NOT_FOUND,NOT_FOUND,3014,3-5s,NONE,0,
306542,51a689f1-0c08-44ab-8a07-c10075d4860f,after,2026-09-14 15:42:23,motorola edge 40 neo,34,0000tohtech,44:12:44:80:13:c0,2462,2.4GHz,-72,802.11ax,NOT_FOUND,NOT_FOUND,3012,3-5s,NONE,0,
306558,51a689f1-0c08-44ab-8a07-c10075d4860f,after,2026-09-14 15:42:23,motorola edge 40 neo,34,0000tohtech,20:9c:b4:98:08:c1,2412,2.4GHz,-75,802.11ax,NOT_FOUND,NOT_FOUND,3016,3-5s,NONE,0,
306562,51a689f1-0c08-44ab-8a07-c10075d4860f,after,2026-09-14 15:42:23,motorola edge 40 neo,34,0000tohtech,44:12:44:aa:ff:20,2412,2.4GHz,-77,802.11ax,NOT_FOUND,NOT_FOUND,3015,3-5s,NONE,0,
306564,51a689f1-0c08-44ab-8a07-c10075d4860f,after,2026-09-14 15:42:23,motorola edge 40 neo,34,0000tohtech,44:12:44:a9:64:10,5280,5GHz,-77,802.11ax,NOT_FOUND,NOT_FOUND,3013,3-5s,NONE,0,
306578,51a689f1-0c08-44ab-8a07-c10075d4860f,after,2026-09-14 15:42:23,motorola edge 40 neo,34,0000tohtech,20:9c:b4:96:f5:b0,5700,5GHz,-81,802.11ax,TIMEOUT_AT_COMPLETED,TIMEOUT_AT_<STATE>,1646,0-2s,COMPLETED,7,INTERFACE_DISABLED>DISCONNECTED>ASSOCIATING>ASSOCIATED>FOUR_WAY_HANDSHAKE>GROUP_HANDSHAKE>COMPLETED
306583,51a689f1-0c08-44ab-8a07-c10075d4860f,after,2026-09-14 15:42:23,motorola edge 40 neo,34,0000tohtech,20:9c:b4:98:08:d1,5320,5GHz,-81,802.11ax,FAILED_AT_DISCONNECTED,FAILED_AT_<STATE>,3011,3-5s,NONE,1,DISCONNECTED
306588,51a689f1-0c08-44ab-8a07-c10075d4860f,after,2026-09-14 15:42:23,motorola edge 40 neo,34,0000tohtech,b0:1f:8c:7f:99:30,5220,5GHz,-82,802.11ax,NOT_FOUND,NOT_FOUND,3012,3-5s,NONE,0,
306594,51a689f1-0c08-44ab-8a07-c10075d4860f,after,2026-09-14 15:42:23,motorola edge 40 neo,34,0000tohtech,44:12:44:aa:01:12,5700,5GHz,-82,802.11ax,TIMEOUT_AT_COMPLETED,TIMEOUT_AT_<STATE>,1546,0-2s,COMPLETED,7,INTERFACE_DISABLED>DISCONNECTED>ASSOCIATING>ASSOCIATED>FOUR_WAY_HANDSHAKE>GROUP_HANDSHAKE>COMPLETED
306605,51a689f1-0c08-44ab-8a07-c10075d4860f,after,2026-09-14 15:42:23,motorola edge 40 neo,34,0000tohtech,44:12:44:80:17:30,5180,5GHz,-84,802.11ax,FAILED_AT_DISCONNECTED,FAILED_AT_<STATE>,3011,3-5s,NONE,2,DISCONNECTED>DISCONNECTED
306617,51a689f1-0c08-44ab-8a07-c10075d4860f,after,2026-09-14 15:42:23,motorola edge 40 neo,34,0000tohtech,b0:1f:8c:6c:5c:f1,5280,5GHz,-88,802.11ax,TIMEOUT_AT_COMPLETED,TIMEOUT_AT_<STATE>,1573,0-2s,COMPLETED,7,INTERFACE_DISABLED>DISCONNECTED>ASSOCIATING>ASSOCIATED>FOUR_WAY_HANDSHAKE>GROUP_HANDSHAKE>COMPLETED
306643,51a689f1-0c08-44ab-8a07-c10075d4860f,after,2026-09-14 15:42:23,motorola edge 40 neo,34,0000tohtech,44:12:44:80:13:d0,5520,5GHz,-90,802.11ax,FAILED_AT_DISCONNECTED,FAILED_AT_<STATE>,3014,3-5s,NONE,1,DISCONNECTED
306644,51a689f1-0c08-44ab-8a07-c10075d4860f,after,2026-09-14 15:42:23,motorola edge 40 neo,34,0000tohtech,44:12:44:a9:8e:72,5500,5GHz,-90,802.11ax,TIMEOUT_AT_COMPLETED,TIMEOUT_AT_<STATE>,1575,0-2s,COMPLETED,7,INTERFACE_DISABLED>DISCONNECTED>ASSOCIATING>ASSOCIATED>FOUR_WAY_HANDSHAKE>GROUP_HANDSHAKE>COMPLETED
306647,51a689f1-0c08-44ab-8a07-c10075d4860f,after,2026-09-14 15:42:23,motorola edge 40 neo,34,0000tohtech,b0:1f:8c:6c:7c:d0,5600,5GHz,-90,802.11ax,NOT_FOUND,NOT_FOUND,3009,3-5s,NONE,0,
306653,51a689f1-0c08-44ab-8a07-c10075d4860f,after,2026-09-14 15:42:23,motorola edge 40 neo,34,0000tohtech,44:12:44:aa:ff:30,5260,5GHz,-90,802.11ax,NOT_FOUND,NOT_FOUND,3011,3-5s,NONE,0,
306661,51a689f1-0c08-44ab-8a07-c10075d4860f,after,2026-09-14 15:42:23,motorola edge 40 neo,34,0000tohtech,b0:1f:8c:7f:a1:11,5300,5GHz,-91,802.11ax,FAILED_AT_DISCONNECTED,FAILED_AT_<STATE>,3015,3-5s,NONE,3,DISCONNECTED>INTERFACE_DISABLED>DISCONNECTED
306664,51a689f1-0c08-44ab-8a07-c10075d4860f,after,2026-09-14 15:42:23,motorola edge 40 neo,34,0000tohtech,20:9c:b4:97:3c:50,5680,5GHz,-91,802.11ax,NOT_FOUND,NOT_FOUND,3013,3-5s,NONE,0,
306671,51a689f1-0c08-44ab-8a07-c10075d4860f,after,2026-09-14 15:42:23,motorola edge 40 neo,34,0000tohtech,44:12:44:aa:db:72,5580,5GHz,-91,802.11ax,NOT_FOUND,NOT_FOUND,3014,3-5s,NONE,0,
306678,51a689f1-0c08-44ab-8a07-c10075d4860f,after,2026-09-14 15:42:23,motorola edge 40 neo,34,0000tohtech,20:9c:b4:97:b1:32,5640,5GHz,-91,802.11ax,NOT_FOUND,NOT_FOUND,3018,3-5s,NONE,0,
306685,51a689f1-0c08-44ab-8a07-c10075d4860f,after,2026-09-14 15:42:23,motorola edge 40 neo,34,0000tohtech,20:9c:b4:97:63:31,5540,5GHz,-91,802.11ax,NOT_FOUND,NOT_FOUND,3018,3-5s,NONE,0,
306696,51a689f1-0c08-44ab-8a07-c10075d4860f,after,2026-09-14 15:42:23,motorola edge 40 neo,34,0000tohtech,44:12:44:a9:de:12,5680,5GHz,-92,802.11ax,TIMEOUT_AT_COMPLETED,TIMEOUT_AT_<STATE>,1666,0-2s,COMPLETED,7,INTERFACE_DISABLED>DISCONNECTED>ASSOCIATING>ASSOCIATED>FOUR_WAY_HANDSHAKE>GROUP_HANDSHAKE>COMPLETED
306700,51a689f1-0c08-44ab-8a07-c10075d4860f,after,2026-09-14 15:42:23,motorola edge 40 neo,34,0000tohtech,44:12:44:aa:09:f1,5560,5GHz,-93,802.11ax,NOT_FOUND,NOT_FOUND,3009,3-5s,NONE,0,
306726,f64146aa-9844-42d7-aed0-be8e19d9865c,after,2026-09-14 15:43:49,motorola edge 40 neo,34,0000tohtech,44:12:44:a9:64:00,2462,2.4GHz,-68,802.11ax,FAILED_AT_DISCONNECTED,FAILED_AT_<STATE>,3014,3-5s,NONE,1,DISCONNECTED
306773,f64146aa-9844-42d7-aed0-be8e19d9865c,after,2026-09-14 15:43:49,motorola edge 40 neo,34,0000tohtech,b0:1f:8c:7f:99:20,2412,2.4GHz,-76,802.11ax,NOT_FOUND,NOT_FOUND,3015,3-5s,NONE,0,
306779,f64146aa-9844-42d7-aed0-be8e19d9865c,after,2026-09-14 15:43:49,motorola edge 40 neo,34,0000tohtech,44:12:44:80:13:c0,2462,2.4GHz,-76,802.11ax,NOT_FOUND,NOT_FOUND,3011,3-5s,NONE,0,
306788,f64146aa-9844-42d7-aed0-be8e19d9865c,after,2026-09-14 15:43:49,motorola edge 40 neo,34,0000tohtech,44:12:44:a9:64:10,5280,5GHz,-79,802.11ax,NOT_FOUND,NOT_FOUND,3016,3-5s,NONE,0,
306794,f64146aa-9844-42d7-aed0-be8e19d9865c,after,2026-09-14 15:43:49,motorola edge 40 neo,34,0000tohtech,44:12:44:aa:ff:20,2412,2.4GHz,-81,802.11ax,NOT_FOUND,NOT_FOUND,3016,3-5s,NONE,0,
306801,f64146aa-9844-42d7-aed0-be8e19d9865c,after,2026-09-14 15:43:49,motorola edge 40 neo,34,0000tohtech,20:9c:b4:98:08:d1,5320,5GHz,-82,802.11ax,NOT_FOUND,NOT_FOUND,3017,3-5s,NONE,0,
306805,f64146aa-9844-42d7-aed0-be8e19d9865c,after,2026-09-14 15:43:49,motorola edge 40 neo,34,0000tohtech,44:12:44:80:17:30,5180,5GHz,-82,802.11ax,NOT_FOUND,NOT_FOUND,3018,3-5s,NONE,0,
306806,f64146aa-9844-42d7-aed0-be8e19d9865c,after,2026-09-14 15:43:49,motorola edge 40 neo,34,0000tohtech,20:9c:b4:97:b1:22,2412,2.4GHz,-82,802.11ax,NOT_FOUND,NOT_FOUND,3014,3-5s,NONE,0,
306808,f64146aa-9844-42d7-aed0-be8e19d9865c,after,2026-09-14 15:43:49,motorola edge 40 neo,34,0000tohtech,b0:1f:8c:7f:b9:21,2412,2.4GHz,-83,802.11ax,NOT_FOUND,NOT_FOUND,3015,3-5s,NONE,0,
306810,f64146aa-9844-42d7-aed0-be8e19d9865c,after,2026-09-14 15:43:49,motorola edge 40 neo,34,0000tohtech,20:9c:b4:96:f5:b0,5700,5GHz,-83,802.11ax,NOT_FOUND,NOT_FOUND,3018,3-5s,NONE,0,
306832,f64146aa-9844-42d7-aed0-be8e19d9865c,after,2026-09-14 15:43:49,motorola edge 40 neo,34,0000tohtech,b0:1f:8c:7f:99:30,5220,5GHz,-85,802.11ax,NOT_FOUND,NOT_FOUND,3015,3-5s,NONE,0,
306839,f64146aa-9844-42d7-aed0-be8e19d9865c,after,2026-09-14 15:43:49,motorola edge 40 neo,34,0000tohtech,20:9c:b4:97:b1:32,5640,5GHz,-85,802.11ax,NOT_FOUND,NOT_FOUND,3017,3-5s,NONE,0,
306850,f64146aa-9844-42d7-aed0-be8e19d9865c,after,2026-09-14 15:43:49,motorola edge 40 neo,34,0000tohtech,44:12:44:80:1f:b0,5600,5GHz,-87,802.11ax,NOT_FOUND,NOT_FOUND,3015,3-5s,NONE,0,
306868,f64146aa-9844-42d7-aed0-be8e19d9865c,after,2026-09-14 15:43:49,motorola edge 40 neo,34,0000tohtech,20:9c:b4:97:3c:50,5680,5GHz,-89,802.11ax,NOT_FOUND,NOT_FOUND,3016,3-5s,NONE,0,
306874,f64146aa-9844-42d7-aed0-be8e19d9865c,after,2026-09-14 15:43:49,motorola edge 40 neo,34,0000tohtech,b0:1f:8c:7f:8d:b2,5200,5GHz,-90,802.11ax,NOT_FOUND,NOT_FOUND,3014,3-5s,NONE,0,
306881,f64146aa-9844-42d7-aed0-be8e19d9865c,after,2026-09-14 15:43:49,motorola edge 40 neo,34,0000tohtech,44:12:44:80:13:d0,5520,5GHz,-90,802.11ax,NOT_FOUND,NOT_FOUND,3011,3-5s,NONE,0,
306889,f64146aa-9844-42d7-aed0-be8e19d9865c,after,2026-09-14 15:43:49,motorola edge 40 neo,34,0000tohtech,b0:1f:8c:6c:4f:70,5240,5GHz,-91,802.11ax,NOT_FOUND,NOT_FOUND,3018,3-5s,NONE,0,
306893,f64146aa-9844-42d7-aed0-be8e19d9865c,after,2026-09-14 15:43:49,motorola edge 40 neo,34,0000tohtech,b0:1f:8c:7f:a1:11,5300,5GHz,-91,802.11ax,NOT_FOUND,NOT_FOUND,3011,3-5s,NONE,0,
306900,f64146aa-9844-42d7-aed0-be8e19d9865c,after,2026-09-14 15:43:49,motorola edge 40 neo,34,0000tohtech,20:9c:b4:97:63:31,5540,5GHz,-91,802.11ax,NOT_FOUND,NOT_FOUND,3013,3-5s,NONE,0,
306904,f64146aa-9844-42d7-aed0-be8e19d9865c,after,2026-09-14 15:43:49,motorola edge 40 neo,34,0000tohtech,b0:1f:8c:7f:b9:31,5620,5GHz,-92,802.11ax,TIMEOUT_AT_ASSOCIATED,TIMEOUT_AT_<STATE>,3010,3-5s,ASSOCIATED_ONLY,4,INTERFACE_DISABLED>DISCONNECTED>ASSOCIATING>ASSOCIATED
306912,f64146aa-9844-42d7-aed0-be8e19d9865c,after,2026-09-14 15:43:49,motorola edge 40 neo,34,0000tohtech,44:12:44:80:4f:31,5240,5GHz,-93,802.11ax,NOT_FOUND,NOT_FOUND,3015,3-5s,NONE,0,
306919,db956e8c-0513-4e78-8bc8-a0b8de77b6d9,after,2026-09-14 15:44:51,motorola edge 40 neo,34,0000tohtech,b0:1f:8c:6c:7c:c0,2437,2.4GHz,-70,802.11ax,FAILED_AT_DISCONNECTED,FAILED_AT_<STATE>,3012,3-5s,NONE,2,DISCONNECTED>DISCONNECTED
306927,db956e8c-0513-4e78-8bc8-a0b8de77b6d9,after,2026-09-14 15:44:51,motorola edge 40 neo,34,0000tohtech,b0:1f:8c:6c:4f:60,2412,2.4GHz,-76,802.11ax,NOT_FOUND,NOT_FOUND,3012,3-5s,NONE,0,
306930,db956e8c-0513-4e78-8bc8-a0b8de77b6d9,after,2026-09-14 15:44:51,motorola edge 40 neo,34,0000tohtech,b0:1f:8c:6d:47:60,2412,2.4GHz,-76,802.11ax,NOT_FOUND,NOT_FOUND,3015,3-5s,NONE,0,
306936,db956e8c-0513-4e78-8bc8-a0b8de77b6d9,after,2026-09-14 15:44:51,motorola edge 40 neo,34,0000tohtech,44:12:44:a9:64:00,2462,2.4GHz,-79,802.11ax,TIMEOUT_AT_ASSOCIATED,TIMEOUT_AT_<STATE>,3013,3-5s,ASSOCIATED_ONLY,4,INTERFACE_DISABLED>DISCONNECTED>ASSOCIATING>ASSOCIATED
306944,db956e8c-0513-4e78-8bc8-a0b8de77b6d9,after,2026-09-14 15:44:51,motorola edge 40 neo,34,0000tohtech,b0:1f:8c:6c:62:71,5700,5GHz,-82,802.11ax,FAILED_AT_DISCONNECTED,FAILED_AT_<STATE>,3017,3-5s,NONE,3,DISCONNECTED>INTERFACE_DISABLED>DISCONNECTED
306948,db956e8c-0513-4e78-8bc8-a0b8de77b6d9,after,2026-09-14 15:44:51,motorola edge 40 neo,34,0000tohtech,b0:1f:8c:6c:7c:d0,5600,5GHz,-83,802.11ax,NOT_FOUND,NOT_FOUND,3014,3-5s,NONE,0,
306955,db956e8c-0513-4e78-8bc8-a0b8de77b6d9,after,2026-09-14 15:44:51,motorola edge 40 neo,34,0000tohtech,b0:1f:8c:6c:5c:f1,5280,5GHz,-84,802.11ax,NOT_FOUND,NOT_FOUND,3015,3-5s,NONE,0,
306958,db956e8c-0513-4e78-8bc8-a0b8de77b6d9,after,2026-09-14 15:44:51,motorola edge 40 neo,34,0000tohtech,b0:1f:8c:6d:47:70,5660,5GHz,-85,802.11ax,NOT_FOUND,NOT_FOUND,3016,3-5s,NONE,0,
306962,db956e8c-0513-4e78-8bc8-a0b8de77b6d9,after,2026-09-14 15:44:51,motorola edge 40 neo,34,0000tohtech,44:12:44:a9:64:10,5280,5GHz,-85,802.11ax,NOT_FOUND,NOT_FOUND,3016,3-5s,NONE,0,
306968,db956e8c-0513-4e78-8bc8-a0b8de77b6d9,after,2026-09-14 15:44:51,motorola edge 40 neo,34,0000tohtech,b0:1f:8c:7f:8d:b2,5200,5GHz,-85,802.11ax,NOT_FOUND,NOT_FOUND,3016,3-5s,NONE,0,
306973,db956e8c-0513-4e78-8bc8-a0b8de77b6d9,after,2026-09-14 15:44:51,motorola edge 40 neo,34,0000tohtech,20:9c:b4:98:08:d1,5320,5GHz,-88,802.11ax,NOT_FOUND,NOT_FOUND,3016,3-5s,NONE,0,
306976,db956e8c-0513-4e78-8bc8-a0b8de77b6d9,after,2026-09-14 15:44:51,motorola edge 40 neo,34,0000tohtech,b0:1f:8c:6c:4f:70,5240,5GHz,-88,802.11ax,NOT_FOUND,NOT_FOUND,3014,3-5s,NONE,0,
306985,db956e8c-0513-4e78-8bc8-a0b8de77b6d9,after,2026-09-14 15:44:51,motorola edge 40 neo,34,0000tohtech,b0:1f:8c:6c:6e:32,5500,5GHz,-90,802.11ax,NOT_FOUND,NOT_FOUND,3012,3-5s,NONE,0,
306995,db956e8c-0513-4e78-8bc8-a0b8de77b6d9,after,2026-09-14 15:44:51,motorola edge 40 neo,34,0000tohtech,20:9c:b4:97:63:31,5540,5GHz,-91,802.11ax,NOT_FOUND,NOT_FOUND,3017,3-5s,NONE,0,
306996,db956e8c-0513-4e78-8bc8-a0b8de77b6d9,after,2026-09-14 15:44:51,motorola edge 40 neo,34,0000tohtech,b0:1f:8c:6c:92:72,5560,5GHz,-92,802.11ax,NOT_FOUND,NOT_FOUND,3014,3-5s,NONE,0,
307007,c3843f38-ebaa-461b-a154-0a32ac7699b7,after,2026-09-14 15:46:02,motorola edge 40 neo,34,0000tohtech,b0:1f:8c:6d:47:60,2412,2.4GHz,-73,802.11ax,FAILED_AT_DISCONNECTED,FAILED_AT_<STATE>,3011,3-5s,ASSOCIATING_ONLY,5,INTERFACE_DISABLED>DISCONNECTED>ASSOCIATING>INTERFACE_DISABLED>DISCONNECTED
307025,c3843f38-ebaa-461b-a154-0a32ac7699b7,after,2026-09-14 15:46:02,motorola edge 40 neo,34,0000tohtech,b0:1f:8c:6d:47:70,5660,5GHz,-80,802.11ax,NOT_FOUND,NOT_FOUND,3015,3-5s,NONE,0,
307033,c3843f38-ebaa-461b-a154-0a32ac7699b7,after,2026-09-14 15:46:02,motorola edge 40 neo,34,0000tohtech,b0:1f:8c:6c:92:72,5560,5GHz,-82,802.11ax,NOT_FOUND,NOT_FOUND,3015,3-5s,NONE,0,
307038,c3843f38-ebaa-461b-a154-0a32ac7699b7,after,2026-09-14 15:46:02,motorola edge 40 neo,34,0000tohtech,b0:1f:8c:6c:62:61,2437,2.4GHz,-85,802.11ax,NOT_FOUND,NOT_FOUND,3014,3-5s,NONE,0,
307042,c3843f38-ebaa-461b-a154-0a32ac7699b7,after,2026-09-14 15:46:02,motorola edge 40 neo,34,0000tohtech,b0:1f:8c:6c:7c:d0,5600,5GHz,-87,802.11ax,NOT_FOUND,NOT_FOUND,3014,3-5s,NONE,0,
307044,c3843f38-ebaa-461b-a154-0a32ac7699b7,after,2026-09-14 15:46:02,motorola edge 40 neo,34,0000tohtech,b0:1f:8c:6c:6e:32,5500,5GHz,-88,802.11ax,NOT_FOUND,NOT_FOUND,3014,3-5s,NONE,0,
307047,c3843f38-ebaa-461b-a154-0a32ac7699b7,after,2026-09-14 15:46:02,motorola edge 40 neo,34,0000tohtech,b0:1f:8c:6c:62:71,5700,5GHz,-88,802.11ax,NOT_FOUND,NOT_FOUND,3019,3-5s,NONE,0,
307051,c3843f38-ebaa-461b-a154-0a32ac7699b7,after,2026-09-14 15:46:02,motorola edge 40 neo,34,0000tohtech,20:9c:b4:98:08:d1,5320,5GHz,-88,802.11ax,NOT_FOUND,NOT_FOUND,3010,3-5s,NONE,0,
307057,c3843f38-ebaa-461b-a154-0a32ac7699b7,after,2026-09-14 15:46:02,motorola edge 40 neo,34,0000tohtech,b0:1f:8c:6c:5c:f1,5280,5GHz,-89,802.11ax,NOT_FOUND,NOT_FOUND,3019,3-5s,NONE,0,
307059,c3843f38-ebaa-461b-a154-0a32ac7699b7,after,2026-09-14 15:46:02,motorola edge 40 neo,34,0000tohtech,b0:1f:8c:6c:74:f1,5300,5GHz,-89,802.11ax,NOT_FOUND,NOT_FOUND,3016,3-5s,NONE,0,
307061,c3843f38-ebaa-461b-a154-0a32ac7699b7,after,2026-09-14 15:46:02,motorola edge 40 neo,34,0000tohtech,20:9c:b4:97:63:31,5540,5GHz,-89,802.11ax,NOT_FOUND,NOT_FOUND,3012,3-5s,NONE,0,
307070,c3843f38-ebaa-461b-a154-0a32ac7699b7,after,2026-09-14 15:46:02,motorola edge 40 neo,34,0000tohtech,b0:1f:8c:6c:3b:72,5680,5GHz,-90,802.11ax,NOT_FOUND,NOT_FOUND,3013,3-5s,NONE,0,
307071,c3843f38-ebaa-461b-a154-0a32ac7699b7,after,2026-09-14 15:46:02,motorola edge 40 neo,34,0000tohtech,b0:1f:8c:7f:8d:b2,5200,5GHz,-90,802.11ax,NOT_FOUND,NOT_FOUND,3016,3-5s,NONE,0,
307072,c3843f38-ebaa-461b-a154-0a32ac7699b7,after,2026-09-14 15:46:02,motorola edge 40 neo,34,0000tohtech,b0:1f:8c:6c:4f:70,5240,5GHz,-90,802.11ax,NOT_FOUND,NOT_FOUND,3016,3-5s,NONE,0,
307078,c3843f38-ebaa-461b-a154-0a32ac7699b7,after,2026-09-14 15:46:02,motorola edge 40 neo,34,0000tohtech,20:9c:b4:96:f5:b0,5700,5GHz,-91,802.11ax,NOT_FOUND,NOT_FOUND,3014,3-5s,NONE,0,
307116,dd4f4f42-481a-4764-bf6c-4a9816d00ed6,after,2026-09-14 15:46:30,motorola edge 40 neo,34,0000tohtech,b0:1f:8c:6c:e5:b2,5660,5GHz,-91,802.11ax,NOT_FOUND,NOT_FOUND,3014,3-5s,NONE,0,
307121,dd4f4f42-481a-4764-bf6c-4a9816d00ed6,after,2026-09-14 15:46:30,motorola edge 40 neo,34,0000tohtech,20:9c:b4:98:08:d1,5320,5GHz,-91,802.11ax,NOT_FOUND,NOT_FOUND,3016,3-5s,NONE,0,
307128,dd4f4f42-481a-4764-bf6c-4a9816d00ed6,after,2026-09-14 15:46:30,motorola edge 40 neo,34,0000tohtech,20:9c:b4:97:63:31,5540,5GHz,-92,802.11ax,NOT_FOUND,NOT_FOUND,3017,3-5s,NONE,0,
307137,1ef60d5d-81af-4613-9410-7f5e64ab6582,after,2026-09-14 15:47:15,motorola edge 40 neo,34,0000tohtech,b0:1f:8c:6c:fa:82,2412,2.4GHz,-74,802.11ax,NOT_FOUND,NOT_FOUND,3011,3-5s,NONE,0,
307147,1ef60d5d-81af-4613-9410-7f5e64ab6582,after,2026-09-14 15:47:15,motorola edge 40 neo,34,0000tohtech,b0:1f:8c:6c:e5:a2,2462,2.4GHz,-83,802.11ax,NOT_FOUND,NOT_FOUND,3011,3-5s,NONE,0,
307151,1ef60d5d-81af-4613-9410-7f5e64ab6582,after,2026-09-14 15:47:15,motorola edge 40 neo,34,0000tohtech,b0:1f:8c:6d:47:70,5660,5GHz,-90,802.11ax,NOT_FOUND,NOT_FOUND,3012,3-5s,NONE,0,
307154,1ef60d5d-81af-4613-9410-7f5e64ab6582,after,2026-09-14 15:47:15,motorola edge 40 neo,34,0000tohtech,44:12:44:a9:64:10,5280,5GHz,-90,802.11ax,NOT_FOUND,NOT_FOUND,3016,3-5s,NONE,0,
307157,1ef60d5d-81af-4613-9410-7f5e64ab6582,after,2026-09-14 15:47:15,motorola edge 40 neo,34,0000tohtech,b0:1f:8c:6c:e5:b2,5660,5GHz,-91,802.11ax,NOT_FOUND,NOT_FOUND,3018,3-5s,NONE,0,
307163,1ef60d5d-81af-4613-9410-7f5e64ab6582,after,2026-09-14 15:47:15,motorola edge 40 neo,34,0000tohtech,b0:1f:8c:6c:92:72,5560,5GHz,-91,802.11ax,NOT_FOUND,NOT_FOUND,3014,3-5s,NONE,0,
307167,1ef60d5d-81af-4613-9410-7f5e64ab6582,after,2026-09-14 15:47:15,motorola edge 40 neo,34,0000tohtech,b0:1f:8c:6c:4f:70,5240,5GHz,-91,802.11ax,NOT_FOUND,NOT_FOUND,3014,3-5s,NONE,0,
307173,1ef60d5d-81af-4613-9410-7f5e64ab6582,after,2026-09-14 15:47:15,motorola edge 40 neo,34,0000tohtech,b0:1f:8c:6c:62:71,5700,5GHz,-91,802.11ax,NOT_FOUND,NOT_FOUND,3015,3-5s,NONE,0,
307177,1ef60d5d-81af-4613-9410-7f5e64ab6582,after,2026-09-14 15:47:15,motorola edge 40 neo,34,0000tohtech,b0:1f:8c:7f:8d:b2,5200,5GHz,-92,802.11ax,NOT_FOUND,NOT_FOUND,3013,3-5s,NONE,0,
307179,12073021-571c-4bc5-aee6-ac96e21ddb35,after,2026-09-14 15:47:58,motorola edge 40 neo,34,0000tohtech,b0:1f:8c:6d:46:a1,2462,2.4GHz,-64,802.11ax,NOT_FOUND,NOT_FOUND,3019,3-5s,NONE,0,
307184,12073021-571c-4bc5-aee6-ac96e21ddb35,after,2026-09-14 15:47:58,motorola edge 40 neo,34,0000tohtech,b0:1f:8c:6c:e5:a2,2462,2.4GHz,-78,802.11ax,NOT_FOUND,NOT_FOUND,3018,3-5s,NONE,0,
307186,12073021-571c-4bc5-aee6-ac96e21ddb35,after,2026-09-14 15:47:58,motorola edge 40 neo,34,0000tohtech,b0:1f:8c:6c:7b:c0,2412,2.4GHz,-83,802.11ax,NOT_FOUND,NOT_FOUND,3016,3-5s,NONE,0,
307200,4c462d51-f535-467e-8975-d1a06736a1e9,after,2026-09-14 15:49:16,motorola edge 40 neo,34,0000tohtech,b0:1f:8c:6c:da:81,2462,2.4GHz,-66,802.11ax,NOT_FOUND,NOT_FOUND,3013,3-5s,NONE,0,
307205,4c462d51-f535-467e-8975-d1a06736a1e9,after,2026-09-14 15:49:16,motorola edge 40 neo,34,0000tohtech,b0:1f:8c:6d:8a:e2,2437,2.4GHz,-69,802.11ax,NOT_FOUND,NOT_FOUND,3018,3-5s,NONE,0,
307210,4c462d51-f535-467e-8975-d1a06736a1e9,after,2026-09-14 15:49:16,motorola edge 40 neo,34,0000tohtech,b0:1f:8c:6d:7c:60,2437,2.4GHz,-72,802.11ax,NOT_FOUND,NOT_FOUND,3016,3-5s,NONE,0,
307214,4c462d51-f535-467e-8975-d1a06736a1e9,after,2026-09-14 15:49:16,motorola edge 40 neo,34,0000tohtech,b0:1f:8c:6c:88:02,2412,2.4GHz,-74,802.11ax,NOT_FOUND,NOT_FOUND,3017,3-5s,NONE,0,
307217,4c462d51-f535-467e-8975-d1a06736a1e9,after,2026-09-14 15:49:16,motorola edge 40 neo,34,0000tohtech,b0:1f:8c:6c:da:91,5640,5GHz,-75,802.11ax,NOT_FOUND,NOT_FOUND,3016,3-5s,NONE,0,
307228,4c462d51-f535-467e-8975-d1a06736a1e9,after,2026-09-14 15:49:16,motorola edge 40 neo,34,0000tohtech,b0:1f:8c:6c:88:12,5620,5GHz,-80,802.11ax,NOT_FOUND,NOT_FOUND,3014,3-5s,NONE,0,
307232,4c462d51-f535-467e-8975-d1a06736a1e9,after,2026-09-14 15:49:16,motorola edge 40 neo,34,0000tohtech,b0:1f:8c:6c:92:62,2437,2.4GHz,-81,802.11ax,NOT_FOUND,NOT_FOUND,3013,3-5s,NONE,0,
307233,4c462d51-f535-467e-8975-d1a06736a1e9,after,2026-09-14 15:49:16,motorola edge 40 neo,34,0000tohtech,b0:1f:8c:6d:8a:f2,5680,5GHz,-81,802.11ax,NOT_FOUND,NOT_FOUND,3013,3-5s,NONE,0,
307236,4c462d51-f535-467e-8975-d1a06736a1e9,after,2026-09-14 15:49:16,motorola edge 40 neo,34,0000tohtech,b0:1f:8c:6d:7c:70,5540,5GHz,-82,802.11ax,NOT_FOUND,NOT_FOUND,3017,3-5s,NONE,0,
307244,4c462d51-f535-467e-8975-d1a06736a1e9,after,2026-09-14 15:49:16,motorola edge 40 neo,34,0000tohtech,b0:1f:8c:6c:7b:d0,5700,5GHz,-85,802.11ax,NOT_FOUND,NOT_FOUND,3017,3-5s,NONE,0,
307245,4c462d51-f535-467e-8975-d1a06736a1e9,after,2026-09-14 15:49:16,motorola edge 40 neo,34,0000tohtech,b0:1f:8c:6c:e5:a2,2462,2.4GHz,-85,802.11ax,NOT_FOUND,NOT_FOUND,3013,3-5s,NONE,0,
307246,4c462d51-f535-467e-8975-d1a06736a1e9,after,2026-09-14 15:49:16,motorola edge 40 neo,34,0000tohtech,44:12:44:b1:2f:e1,2437,2.4GHz,-86,802.11ax,NOT_FOUND,NOT_FOUND,3015,3-5s,NONE,0,
307250,4c462d51-f535-467e-8975-d1a06736a1e9,after,2026-09-14 15:49:16,motorola edge 40 neo,34,0000tohtech,b0:1f:8c:6d:3b:b1,5620,5GHz,-86,802.11ax,NOT_FOUND,NOT_FOUND,3019,3-5s,NONE,0,
307254,4c462d51-f535-467e-8975-d1a06736a1e9,after,2026-09-14 15:49:16,motorola edge 40 neo,34,0000tohtech,b0:1f:8c:6c:3b:72,5680,5GHz,-88,802.11ax,NOT_FOUND,NOT_FOUND,3016,3-5s,NONE,0,
307260,4c462d51-f535-467e-8975-d1a06736a1e9,after,2026-09-14 15:49:16,motorola edge 40 neo,34,0000tohtech,b0:1f:8c:6d:46:b1,5200,5GHz,-90,802.11ax,NOT_FOUND,NOT_FOUND,3017,3-5s,NONE,0,
307268,4c462d51-f535-467e-8975-d1a06736a1e9,after,2026-09-14 15:49:16,motorola edge 40 neo,34,0000tohtech,b0:1f:8c:6d:62:51,5640,5GHz,-93,802.11ax,NOT_FOUND,NOT_FOUND,3014,3-5s,NONE,0,
307275,1f0c4352-7c21-4dfa-9584-70ce05585b61,after,2026-09-14 15:50:19,motorola edge 40 neo,34,0000tohtech,b0:1f:8c:6c:92:62,2437,2.4GHz,-65,802.11ax,NOT_FOUND,NOT_FOUND,3016,3-5s,NONE,0,
307283,1f0c4352-7c21-4dfa-9584-70ce05585b61,after,2026-09-14 15:50:19,motorola edge 40 neo,34,0000tohtech,b0:1f:8c:6c:3b:62,2462,2.4GHz,-71,802.11ax,NOT_FOUND,NOT_FOUND,3012,3-5s,NONE,0,
307286,1f0c4352-7c21-4dfa-9584-70ce05585b61,after,2026-09-14 15:50:19,motorola edge 40 neo,34,0000tohtech,b0:1f:8c:6c:3b:72,5680,5GHz,-74,802.11ax,NOT_FOUND,NOT_FOUND,3015,3-5s,NONE,0,
307293,1f0c4352-7c21-4dfa-9584-70ce05585b61,after,2026-09-14 15:50:19,motorola edge 40 neo,34,0000tohtech,b0:1f:8c:6c:43:41,2462,2.4GHz,-77,802.11ax,NOT_FOUND,NOT_FOUND,3012,3-5s,NONE,0,
307295,1f0c4352-7c21-4dfa-9584-70ce05585b61,after,2026-09-14 15:50:19,motorola edge 40 neo,34,0000tohtech,b0:1f:8c:6d:62:41,2412,2.4GHz,-78,802.11ax,NOT_FOUND,NOT_FOUND,3012,3-5s,NONE,0,
307297,1f0c4352-7c21-4dfa-9584-70ce05585b61,after,2026-09-14 15:50:19,motorola edge 40 neo,34,0000tohtech,b0:1f:8c:6d:62:51,5640,5GHz,-80,802.11ax,NOT_FOUND,NOT_FOUND,3016,3-5s,NONE,0,
307303,1f0c4352-7c21-4dfa-9584-70ce05585b61,after,2026-09-14 15:50:19,motorola edge 40 neo,34,0000tohtech,b0:1f:8c:6c:e3:71,5180,5GHz,-81,802.11ax,NOT_FOUND,NOT_FOUND,3016,3-5s,NONE,0,
307307,1f0c4352-7c21-4dfa-9584-70ce05585b61,after,2026-09-14 15:50:19,motorola edge 40 neo,34,0000tohtech,b0:1f:8c:6c:92:72,5560,5GHz,-82,802.11ax,NOT_FOUND,NOT_FOUND,3016,3-5s,NONE,0,
307311,1f0c4352-7c21-4dfa-9584-70ce05585b61,after,2026-09-14 15:50:19,motorola edge 40 neo,34,0000tohtech,b0:1f:8c:6c:88:12,5620,5GHz,-86,802.11ax,NOT_FOUND,NOT_FOUND,3013,3-5s,NONE,0,
307317,1f0c4352-7c21-4dfa-9584-70ce05585b61,after,2026-09-14 15:50:19,motorola edge 40 neo,34,0000tohtech,b0:1f:8c:6d:47:60,2412,2.4GHz,-89,802.11ax,NOT_FOUND,NOT_FOUND,3016,3-5s,NONE,0,
307323,1f0c4352-7c21-4dfa-9584-70ce05585b61,after,2026-09-14 15:50:19,motorola edge 40 neo,34,0000tohtech,b0:1f:8c:6d:22:52,5260,5GHz,-90,802.11ax,NOT_FOUND,NOT_FOUND,3016,3-5s,NONE,0,
307326,1f0c4352-7c21-4dfa-9584-70ce05585b61,after,2026-09-14 15:50:19,motorola edge 40 neo,34,0000tohtech,b0:1f:8c:6c:4f:70,5240,5GHz,-90,802.11ax,NOT_FOUND,NOT_FOUND,3015,3-5s,NONE,0,
307334,1f0c4352-7c21-4dfa-9584-70ce05585b61,after,2026-09-14 15:50:19,motorola edge 40 neo,34,0000tohtech,b0:1f:8c:6d:02:51,5220,5GHz,-92,802.11ax,NOT_FOUND,NOT_FOUND,3015,3-5s,NONE,0,
307335,1f0c4352-7c21-4dfa-9584-70ce05585b61,after,2026-09-14 15:50:19,motorola edge 40 neo,34,0000tohtech,b0:1f:8c:6d:7c:70,5540,5GHz,-92,802.11ax,NOT_FOUND,NOT_FOUND,3015,3-5s,NONE,0,
307344,d87e73fa-bd94-4e21-bef7-7057a03669d5,after,2026-09-14 15:50:57,motorola edge 40 neo,34,0000tohtech,b0:1f:8c:6c:74:e1,2412,2.4GHz,-67,802.11ax,NOT_FOUND,NOT_FOUND,3017,3-5s,NONE,0,
307356,d87e73fa-bd94-4e21-bef7-7057a03669d5,after,2026-09-14 15:50:57,motorola edge 40 neo,34,0000tohtech,b0:1f:8c:6c:74:f1,5300,5GHz,-79,802.11ax,NOT_FOUND,NOT_FOUND,3011,3-5s,NONE,0,
307365,d87e73fa-bd94-4e21-bef7-7057a03669d5,after,2026-09-14 15:50:57,motorola edge 40 neo,34,0000tohtech,b0:1f:8c:6c:62:71,5700,5GHz,-84,802.11ax,NOT_FOUND,NOT_FOUND,3011,3-5s,NONE,0,
307366,d87e73fa-bd94-4e21-bef7-7057a03669d5,after,2026-09-14 15:50:57,motorola edge 40 neo,34,0000tohtech,b0:1f:8c:6c:4f:70,5240,5GHz,-85,802.11ax,NOT_FOUND,NOT_FOUND,3018,3-5s,NONE,0,
307376,15324ca6-422a-4e86-9c5d-e73e00da1fce,after,2026-09-14 15:51:45,motorola edge 40 neo,34,0000tohtech,44:12:44:aa:54:c1,2437,2.4GHz,-72,802.11ax,NOT_FOUND,NOT_FOUND,3012,3-5s,NONE,0,
307385,15324ca6-422a-4e86-9c5d-e73e00da1fce,after,2026-09-14 15:51:45,motorola edge 40 neo,34,0000tohtech,44:12:44:a9:fc:00,2462,2.4GHz,-81,802.11ax,NOT_FOUND,NOT_FOUND,3014,3-5s,NONE,0,
307389,15324ca6-422a-4e86-9c5d-e73e00da1fce,after,2026-09-14 15:51:45,motorola edge 40 neo,34,0000tohtech,44:12:44:aa:ae:51,5220,5GHz,-84,802.11ax,NOT_FOUND,NOT_FOUND,3018,3-5s,NONE,0,
307393,15324ca6-422a-4e86-9c5d-e73e00da1fce,after,2026-09-14 15:51:45,motorola edge 40 neo,34,0000tohtech,44:12:44:aa:54:d1,5240,5GHz,-85,802.11ax,NOT_FOUND,NOT_FOUND,3015,3-5s,NONE,0,
307396,15324ca6-422a-4e86-9c5d-e73e00da1fce,after,2026-09-14 15:51:45,motorola edge 40 neo,34,0000tohtech,9c:da:b7:d8:cc:20,2412,2.4GHz,-85,802.11ax,NOT_FOUND,NOT_FOUND,3018,3-5s,NONE,0,
307404,15324ca6-422a-4e86-9c5d-e73e00da1fce,after,2026-09-14 15:51:45,motorola edge 40 neo,34,0000tohtech,44:12:44:a9:7a:b1,5200,5GHz,-89,802.11ax,NOT_FOUND,NOT_FOUND,3014,3-5s,NONE,0,
307408,15324ca6-422a-4e86-9c5d-e73e00da1fce,after,2026-09-14 15:51:45,motorola edge 40 neo,34,0000tohtech,44:12:44:a9:fc:10,5180,5GHz,-90,802.11ax,NOT_FOUND,NOT_FOUND,3017,3-5s,NONE,0,
307409,15324ca6-422a-4e86-9c5d-e73e00da1fce,after,2026-09-14 15:51:45,motorola edge 40 neo,34,0000tohtech,44:12:44:aa:aa:01,2437,2.4GHz,-90,802.11ax,NOT_FOUND,NOT_FOUND,3016,3-5s,NONE,0,
307421,94d17a07-5de2-486a-b9b2-83cee372f3c6,after,2026-09-14 15:52:47,motorola edge 40 neo,34,0000tohtech,44:12:44:a9:e3:20,2462,2.4GHz,-75,802.11ax,NOT_FOUND,NOT_FOUND,3014,3-5s,NONE,0,
307425,94d17a07-5de2-486a-b9b2-83cee372f3c6,after,2026-09-14 15:52:47,motorola edge 40 neo,34,0000tohtech,44:12:44:a9:74:c2,2437,2.4GHz,-78,802.11ax,NOT_FOUND,NOT_FOUND,3016,3-5s,NONE,0,
307426,94d17a07-5de2-486a-b9b2-83cee372f3c6,after,2026-09-14 15:52:47,motorola edge 40 neo,34,0000tohtech,44:12:44:a9:e3:30,5320,5GHz,-78,802.11ax,NOT_FOUND,NOT_FOUND,3016,3-5s,NONE,0,
307433,94d17a07-5de2-486a-b9b2-83cee372f3c6,after,2026-09-14 15:52:47,motorola edge 40 neo,34,0000tohtech,44:12:44:aa:14:90,5540,5GHz,-78,802.11ax,NOT_FOUND,NOT_FOUND,3017,3-5s,NONE,0,
307441,94d17a07-5de2-486a-b9b2-83cee372f3c6,after,2026-09-14 15:52:47,motorola edge 40 neo,34,0000tohtech,44:12:44:aa:1b:81,2462,2.4GHz,-83,802.11ax,NOT_FOUND,NOT_FOUND,3015,3-5s,NONE,0,
307448,94d17a07-5de2-486a-b9b2-83cee372f3c6,after,2026-09-14 15:52:47,motorola edge 40 neo,34,0000tohtech,44:12:44:a9:95:60,2437,2.4GHz,-86,802.11ax,NOT_FOUND,NOT_FOUND,3016,3-5s,NONE,0,
307455,94d17a07-5de2-486a-b9b2-83cee372f3c6,after,2026-09-14 15:52:47,motorola edge 40 neo,34,0000tohtech,44:12:44:a9:cf:d1,5300,5GHz,-88,802.11ax,NOT_FOUND,NOT_FOUND,3018,3-5s,NONE,0,
307461,94d17a07-5de2-486a-b9b2-83cee372f3c6,after,2026-09-14 15:52:47,motorola edge 40 neo,34,0000tohtech,44:12:44:aa:78:32,5500,5GHz,-89,802.11ax,NOT_FOUND,NOT_FOUND,3016,3-5s,NONE,0,
307468,94d17a07-5de2-486a-b9b2-83cee372f3c6,after,2026-09-14 15:52:47,motorola edge 40 neo,34,0000tohtech,44:12:44:aa:db:72,5580,5GHz,-91,802.11ax,NOT_FOUND,NOT_FOUND,3016,3-5s,NONE,0,
307472,94d17a07-5de2-486a-b9b2-83cee372f3c6,after,2026-09-14 15:52:47,motorola edge 40 neo,34,0000tohtech,44:12:44:a9:7a:b1,5200,5GHz,-92,802.11ax,NOT_FOUND,NOT_FOUND,3016,3-5s,NONE,0,
307474,94d17a07-5de2-486a-b9b2-83cee372f3c6,after,2026-09-14 15:52:47,motorola edge 40 neo,34,0000tohtech,44:12:44:aa:2a:32,5660,5GHz,-92,802.11ax,NOT_FOUND,NOT_FOUND,3015,3-5s,NONE,0,
307480,0875e978-6fa5-4c15-a493-e1cac68698e2,after,2026-09-14 15:53:49,motorola edge 40 neo,34,0000tohtech,b0:1f:8c:7f:3f:a1,2412,2.4GHz,-74,802.11ax,NOT_FOUND,NOT_FOUND,3010,3-5s,NONE,0,
307486,0875e978-6fa5-4c15-a493-e1cac68698e2,after,2026-09-14 15:53:49,motorola edge 40 neo,34,0000tohtech,44:12:44:aa:8b:02,2462,2.4GHz,-79,802.11ax,NOT_FOUND,NOT_FOUND,3016,3-5s,NONE,0,
307500,0875e978-6fa5-4c15-a493-e1cac68698e2,after,2026-09-14 15:53:49,motorola edge 40 neo,34,0000tohtech,b0:1f:8c:7f:f3:71,5200,5GHz,-85,802.11ax,NOT_FOUND,NOT_FOUND,3016,3-5s,NONE,0,
307505,0875e978-6fa5-4c15-a493-e1cac68698e2,after,2026-09-14 15:53:49,motorola edge 40 neo,34,0000tohtech,44:12:44:aa:0d:61,2437,2.4GHz,-85,802.11ax,NOT_FOUND,NOT_FOUND,3013,3-5s,NONE,0,
307513,0875e978-6fa5-4c15-a493-e1cac68698e2,after,2026-09-14 15:53:49,motorola edge 40 neo,34,0000tohtech,44:12:44:aa:c1:b1,5260,5GHz,-91,802.11ax,NOT_FOUND,NOT_FOUND,3014,3-5s,NONE,0,
307525,0875e978-6fa5-4c15-a493-e1cac68698e2,after,2026-09-14 15:53:49,motorola edge 40 neo,34,0000tohtech,44:12:44:aa:16:f1,5700,5GHz,-92,802.11ax,NOT_FOUND,NOT_FOUND,3014,3-5s,NONE,0,
307527,0875e978-6fa5-4c15-a493-e1cac68698e2,after,2026-09-14 15:53:49,motorola edge 40 neo,34,0000tohtech,b0:1f:8c:7f:b3:10,5600,5GHz,-92,802.11ax,NOT_FOUND,NOT_FOUND,3016,3-5s,NONE,0,
307528,0875e978-6fa5-4c15-a493-e1cac68698e2,after,2026-09-14 15:53:49,motorola edge 40 neo,34,0000tohtech,44:12:44:aa:0d:71,5240,5GHz,-92,802.11ax,NOT_FOUND,NOT_FOUND,3016,3-5s,NONE,0,
307550,ff9f2be2-abfd-4505-bf74-aaad3ed0fbea,after,2026-09-14 15:54:36,motorola edge 40 neo,34,0000tohtech,b0:1f:8c:7f:3f:b1,5680,5GHz,-88,802.11ax,NOT_FOUND,NOT_FOUND,3018,3-5s,NONE,0,
307564,ff9f2be2-abfd-4505-bf74-aaad3ed0fbea,after,2026-09-14 15:54:36,motorola edge 40 neo,34,0000tohtech,44:12:44:80:41:d1,5320,5GHz,-91,802.11ax,NOT_FOUND,NOT_FOUND,3018,3-5s,NONE,0,
307568,ff9f2be2-abfd-4505-bf74-aaad3ed0fbea,after,2026-09-14 15:54:36,motorola edge 40 neo,34,0000tohtech,b0:1f:8c:7f:f3:71,5200,5GHz,-92,802.11ax,NOT_FOUND,NOT_FOUND,3017,3-5s,NONE,0,
307632,3d5b0980-ef6d-4039-9a7e-458d77ecf200,after,2026-09-14 18:09:10,ASUS_I006D,33,SENDAI_free_Wi-Fi,d4:68:4d:02:69:9d,5500,5GHz,-66,802.11n,TIMEOUT_AT_COMPLETED,TIMEOUT_AT_<STATE>,954,0-2s,COMPLETED,3,ASSOCIATING>ASSOCIATED>COMPLETED
307729,b9853608-64da-407f-a4be-f09b4c1e7e73,after,2026-09-14 18:09:39,ASUS_I006D,33,SENDAI_free_Wi-Fi,d4:68:4d:02:69:9d,5500,5GHz,-71,802.11n,TIMEOUT_AT_ASSOCIATING,TIMEOUT_AT_<STATE>,3027,3-5s,ASSOCIATING_ONLY,1,ASSOCIATING
307739,b9853608-64da-407f-a4be-f09b4c1e7e73,after,2026-09-14 18:09:39,ASUS_I006D,33,SENDAI_free_Wi-Fi,d4:68:4d:00:29:bd,5500,5GHz,-81,802.11n,FAILED_AT_SCANNING,FAILED_AT_<STATE>,3020,3-5s,ASSOCIATING_ONLY,5,ASSOCIATING>DISCONNECTED>INTERFACE_DISABLED>DISCONNECTED>SCANNING
312346,b4c15561-f81a-41c4-8729-1b4d8cad2ddf,after,2026-09-14 18:09:47,motorola edge 40 neo,34,SENDAI_free_Wi-Fi,d4:68:4d:02:69:9d,5500,5GHz,-73,802.11n,TIMEOUT_AT_INTERFACE_DISABLED,TIMEOUT_AT_<STATE>,2915,0-2s,ASSOCIATING_ONLY,24,INTERFACE_DISABLED>DISCONNECTED>SCANNING>ASSOCIATING>DISCONNECTED>INTERFACE_DISABLED>DISCONNECTED>INTERFACE_DISABLED>DISCONNECTED>ASSOCIATING>DISCONNECTED>INTERFACE_DISABLED>DISCONNECTED>INTERFACE_DISABLED>DISCONNECTED>ASSOCIATING>DISCONNECTED>INTERFACE_DISABLED>DISCONNECTED>INTERFACE_DISABLED>DISCONNECTED>ASSOCIATING>DISCONNECTED>INTERFACE_DISABLED
312360,b4c15561-f81a-41c4-8729-1b4d8cad2ddf,after,2026-09-14 18:09:47,motorola edge 40 neo,34,SENDAI_free_Wi-Fi,d4:68:4d:00:29:bd,5500,5GHz,-83,802.11n,FAILED_AT_DISCONNECTED,FAILED_AT_<STATE>,857,0-2s,ASSOCIATING_ONLY,22,INTERFACE_DISABLED>DISCONNECTED>ASSOCIATING>DISCONNECTED>INTERFACE_DISABLED>DISCONNECTED>INTERFACE_DISABLED>DISCONNECTED>ASSOCIATING>DISCONNECTED>INTERFACE_DISABLED>DISCONNECTED>INTERFACE_DISABLED>DISCONNECTED>ASSOCIATING>DISCONNECTED>INTERFACE_DISABLED>DISCONNECTED>INTERFACE_DISABLED>DISCONNECTED>ASSOCIATING>DISCONNECTED
307795,c62e880f-9285-4292-82a0-0a010dc74072,after,2026-09-14 18:10:06,ASUS_I006D,33,SENDAI_free_Wi-Fi,d4:68:4d:02:69:9d,5500,5GHz,-73,802.11n,FAILED_AT_SCANNING,FAILED_AT_<STATE>,3022,3-5s,ASSOCIATING_ONLY,5,ASSOCIATING>DISCONNECTED>INTERFACE_DISABLED>DISCONNECTED>SCANNING
307805,c62e880f-9285-4292-82a0-0a010dc74072,after,2026-09-14 18:10:06,ASUS_I006D,33,SENDAI_free_Wi-Fi,d4:68:4d:00:29:bd,5500,5GHz,-77,802.11n,FAILED_AT_DISCONNECTED,FAILED_AT_<STATE>,3016,3-5s,ASSOCIATING_ONLY,2,ASSOCIATING>DISCONNECTED
312389,c1cfd4b4-a6ee-452a-8d56-0347f986a073,after,2026-09-14 18:10:08,motorola edge 40 neo,34,SENDAI_free_Wi-Fi,d4:68:4d:02:69:9d,5500,5GHz,-66,802.11n,TIMEOUT_AT_COMPLETED,TIMEOUT_AT_<STATE>,315,0-2s,COMPLETED,5,INTERFACE_DISABLED>DISCONNECTED>ASSOCIATING>ASSOCIATED>COMPLETED
312408,c1cfd4b4-a6ee-452a-8d56-0347f986a073,after,2026-09-14 18:10:08,motorola edge 40 neo,34,SENDAI_free_Wi-Fi,d4:68:4d:00:29:bd,5500,5GHz,-85,802.11n,FAILED_AT_DISCONNECTED,FAILED_AT_<STATE>,782,0-2s,ASSOCIATING_ONLY,18,ASSOCIATING>DISCONNECTED>INTERFACE_DISABLED>DISCONNECTED>INTERFACE_DISABLED>DISCONNECTED>ASSOCIATING>DISCONNECTED>INTERFACE_DISABLED>DISCONNECTED>ASSOCIATING>DISCONNECTED>INTERFACE_DISABLED>DISCONNECTED>INTERFACE_DISABLED>DISCONNECTED>ASSOCIATING>DISCONNECTED
307838,35b71ecd-c1d0-4bfb-b2e1-14d122a18903,after,2026-09-14 18:10:33,ASUS_I006D,33,SENDAI_free_Wi-Fi,d4:68:4d:02:69:9d,5500,5GHz,-68,802.11n,TIMEOUT_AT_COMPLETED,TIMEOUT_AT_<STATE>,467,0-2s,COMPLETED,3,ASSOCIATING>ASSOCIATED>COMPLETED
307843,35b71ecd-c1d0-4bfb-b2e1-14d122a18903,after,2026-09-14 18:10:33,ASUS_I006D,33,SENDAI_free_Wi-Fi,d4:68:4d:c2:69:98,2412,2.4GHz,-72,802.11n,TIMEOUT_AT_ASSOCIATING,TIMEOUT_AT_<STATE>,3027,3-5s,ASSOCIATING_ONLY,3,INTERFACE_DISABLED>DISCONNECTED>ASSOCIATING
307853,35b71ecd-c1d0-4bfb-b2e1-14d122a18903,after,2026-09-14 18:10:33,ASUS_I006D,33,SENDAI_free_Wi-Fi,d4:68:4d:00:29:bd,5500,5GHz,-76,802.11n,TIMEOUT_AT_INTERFACE_DISABLED,TIMEOUT_AT_<STATE>,3029,3-5s,ASSOCIATING_ONLY,6,DISCONNECTED>INTERFACE_DISABLED>DISCONNECTED>ASSOCIATING>DISCONNECTED>INTERFACE_DISABLED
312444,2ed75f40-1c83-4cc9-9d97-4dfc16c252c1,after,2026-09-14 18:10:35,motorola edge 40 neo,34,SENDAI_free_Wi-Fi,d4:68:4d:02:69:9d,5500,5GHz,-73,802.11n,FAILED_AT_DISCONNECTED,FAILED_AT_<STATE>,815,0-2s,ASSOCIATING_ONLY,21,INTERFACE_DISABLED>DISCONNECTED>ASSOCIATING>DISCONNECTED>INTERFACE_DISABLED>DISCONNECTED>INTERFACE_DISABLED>DISCONNECTED>ASSOCIATING>DISCONNECTED>INTERFACE_DISABLED>DISCONNECTED>INTERFACE_DISABLED>DISCONNECTED>ASSOCIATING>DISCONNECTED>DISCONNECTED>INTERFACE_DISABLED>DISCONNECTED>ASSOCIATING>DISCONNECTED
312451,2ed75f40-1c83-4cc9-9d97-4dfc16c252c1,after,2026-09-14 18:10:35,motorola edge 40 neo,34,SENDAI_free_Wi-Fi,d4:68:4d:00:29:bd,5500,5GHz,-80,802.11n,TIMEOUT_AT_COMPLETED,TIMEOUT_AT_<STATE>,392,0-2s,COMPLETED,3,ASSOCIATING>ASSOCIATED>COMPLETED
312487,962f022a-bef4-4ec3-a553-c3b45083f23c,after,2026-09-14 18:11:01,motorola edge 40 neo,34,SENDAI_free_Wi-Fi,d4:68:4d:02:69:9d,5500,5GHz,-76,802.11n,TIMEOUT_AT_COMPLETED,TIMEOUT_AT_<STATE>,244,0-2s,COMPLETED,4,DISCONNECTED>ASSOCIATING>ASSOCIATED>COMPLETED
312493,962f022a-bef4-4ec3-a553-c3b45083f23c,after,2026-09-14 18:11:01,motorola edge 40 neo,34,SENDAI_free_Wi-Fi,d4:68:4d:00:29:bd,5500,5GHz,-80,802.11n,FAILED_AT_DISCONNECTED,FAILED_AT_<STATE>,840,0-2s,ASSOCIATING_ONLY,22,INTERFACE_DISABLED>DISCONNECTED>ASSOCIATING>DISCONNECTED>INTERFACE_DISABLED>DISCONNECTED>INTERFACE_DISABLED>DISCONNECTED>ASSOCIATING>DISCONNECTED>INTERFACE_DISABLED>DISCONNECTED>DISCONNECTED>ASSOCIATING>DISCONNECTED>INTERFACE_DISABLED>DISCONNECTED>INTERFACE_DISABLED>DISCONNECTED>ASSOCIATING>DISCONNECTED>DISCONNECTED
307910,48ee6827-b4df-4558-9a0a-ad1576329f7f,after,2026-09-14 18:11:05,ASUS_I006D,33,SENDAI_free_Wi-Fi,d4:68:4d:c2:69:98,2412,2.4GHz,-68,802.11n,FAILED_AT_SCANNING,FAILED_AT_<STATE>,3019,3-5s,ASSOCIATING_ONLY,5,ASSOCIATING>DISCONNECTED>INTERFACE_DISABLED>DISCONNECTED>SCANNING
307916,48ee6827-b4df-4558-9a0a-ad1576329f7f,after,2026-09-14 18:11:05,ASUS_I006D,33,SENDAI_free_Wi-Fi,d4:68:4d:00:29:bd,5500,5GHz,-70,802.11n,FAILED_AT_SCANNING,FAILED_AT_<STATE>,3021,3-5s,ASSOCIATING_ONLY,7,ASSOCIATING>DISCONNECTED>INTERFACE_DISABLED>DISCONNECTED>INTERFACE_DISABLED>DISCONNECTED>SCANNING
307985,cfe5151b-5811-4b43-92ba-56aab72c2241,after,2026-09-14 18:11:28,ASUS_I006D,33,SENDAI_free_Wi-Fi,d4:68:4d:00:29:bd,5500,5GHz,-61,802.11n,TIMEOUT_AT_COMPLETED,TIMEOUT_AT_<STATE>,490,0-2s,COMPLETED,3,ASSOCIATING>ASSOCIATED>COMPLETED
307988,cfe5151b-5811-4b43-92ba-56aab72c2241,after,2026-09-14 18:11:28,ASUS_I006D,33,SENDAI_free_Wi-Fi,d4:68:4d:02:69:9d,5500,5GHz,-63,802.11n,TIMEOUT_AT_COMPLETED,TIMEOUT_AT_<STATE>,1475,0-2s,COMPLETED,3,ASSOCIATING>ASSOCIATED>COMPLETED
307991,cfe5151b-5811-4b43-92ba-56aab72c2241,after,2026-09-14 18:11:28,ASUS_I006D,33,SENDAI_free_Wi-Fi,d4:68:4d:c2:69:98,2412,2.4GHz,-66,802.11n,FAILED_AT_SCANNING,FAILED_AT_<STATE>,3016,3-5s,ASSOCIATING_ONLY,7,INTERFACE_DISABLED>DISCONNECTED>ASSOCIATING>DISCONNECTED>INTERFACE_DISABLED>DISCONNECTED>SCANNING
312522,368e804b-a273-4ab8-8f4e-969dbcaa101a,after,2026-09-14 18:11:31,motorola edge 40 neo,34,SENDAI_free_Wi-Fi,d4:68:4d:c2:69:98,2412,2.4GHz,-64,802.11n,TIMEOUT_AT_COMPLETED,TIMEOUT_AT_<STATE>,558,0-2s,COMPLETED,5,INTERFACE_DISABLED>DISCONNECTED>ASSOCIATING>ASSOCIATED>COMPLETED
312540,368e804b-a273-4ab8-8f4e-969dbcaa101a,after,2026-09-14 18:11:31,motorola edge 40 neo,34,SENDAI_free_Wi-Fi,d4:68:4d:00:29:bd,5500,5GHz,-73,802.11n,TIMEOUT_AT_INTERFACE_DISABLED,TIMEOUT_AT_<STATE>,966,0-2s,ASSOCIATING_ONLY,23,INTERFACE_DISABLED>DISCONNECTED>ASSOCIATING>DISCONNECTED>INTERFACE_DISABLED>DISCONNECTED>INTERFACE_DISABLED>DISCONNECTED>ASSOCIATING>DISCONNECTED>INTERFACE_DISABLED>DISCONNECTED>INTERFACE_DISABLED>DISCONNECTED>ASSOCIATING>DISCONNECTED>INTERFACE_DISABLED>DISCONNECTED>INTERFACE_DISABLED>DISCONNECTED>ASSOCIATING>DISCONNECTED>INTERFACE_DISABLED
312543,368e804b-a273-4ab8-8f4e-969dbcaa101a,after,2026-09-14 18:11:31,motorola edge 40 neo,34,SENDAI_free_Wi-Fi,d4:68:4d:02:69:9d,5500,5GHz,-73,802.11n,TIMEOUT_AT_COMPLETED,TIMEOUT_AT_<STATE>,298,0-2s,COMPLETED,5,INTERFACE_DISABLED>DISCONNECTED>ASSOCIATING>ASSOCIATED>COMPLETED
308071,176a76e6-6c15-475b-b67f-7f31049e94fc,after,2026-09-14 18:11:47,ASUS_I006D,33,SENDAI_free_Wi-Fi,d4:68:4d:02:69:9d,5500,5GHz,-64,802.11n,TIMEOUT_AT_COMPLETED,TIMEOUT_AT_<STATE>,508,0-2s,COMPLETED,3,ASSOCIATING>ASSOCIATED>COMPLETED
308077,176a76e6-6c15-475b-b67f-7f31049e94fc,after,2026-09-14 18:11:47,ASUS_I006D,33,SENDAI_free_Wi-Fi,d4:68:4d:c0:29:b8,2412,2.4GHz,-67,802.11n,TIMEOUT_AT_COMPLETED,TIMEOUT_AT_<STATE>,1619,0-2s,COMPLETED,5,INTERFACE_DISABLED>DISCONNECTED>ASSOCIATING>ASSOCIATED>COMPLETED
312600,76392a19-ba46-44e0-85ac-856699b177b7,after,2026-09-14 18:11:58,motorola edge 40 neo,34,SENDAI_free_Wi-Fi,d4:68:4d:02:69:9d,5500,5GHz,-66,802.11n,TIMEOUT_AT_COMPLETED,TIMEOUT_AT_<STATE>,206,0-2s,COMPLETED,5,INTERFACE_DISABLED>DISCONNECTED>ASSOCIATING>ASSOCIATED>COMPLETED
312604,76392a19-ba46-44e0-85ac-856699b177b7,after,2026-09-14 18:11:58,motorola edge 40 neo,34,SENDAI_free_Wi-Fi,d4:68:4d:00:29:bd,5500,5GHz,-67,802.11n,TIMEOUT_AT_COMPLETED,TIMEOUT_AT_<STATE>,395,0-2s,COMPLETED,5,INTERFACE_DISABLED>DISCONNECTED>ASSOCIATING>ASSOCIATED>COMPLETED
308158,9b7736bb-a8c2-48dd-a6e6-6036114bfafd,after,2026-09-14 18:12:14,ASUS_I006D,33,SENDAI_free_Wi-Fi,d4:68:4d:c0:29:b8,2412,2.4GHz,-67,802.11n,TIMEOUT_AT_ASSOCIATING,TIMEOUT_AT_<STATE>,3028,3-5s,ASSOCIATING_ONLY,1,ASSOCIATING
308165,9b7736bb-a8c2-48dd-a6e6-6036114bfafd,after,2026-09-14 18:12:14,ASUS_I006D,33,SENDAI_free_Wi-Fi,d4:68:4d:00:29:bd,5500,5GHz,-70,802.11n,TIMEOUT_AT_INTERFACE_DISABLED,TIMEOUT_AT_<STATE>,3028,3-5s,ASSOCIATING_ONLY,8,DISCONNECTED>INTERFACE_DISABLED>DISCONNECTED>INTERFACE_DISABLED>DISCONNECTED>ASSOCIATING>DISCONNECTED>INTERFACE_DISABLED
308173,9b7736bb-a8c2-48dd-a6e6-6036114bfafd,after,2026-09-14 18:12:14,ASUS_I006D,33,SENDAI_free_Wi-Fi,d4:68:4d:c2:69:98,2412,2.4GHz,-75,802.11n,TIMEOUT_AT_COMPLETED,TIMEOUT_AT_<STATE>,1118,0-2s,COMPLETED,7,INTERFACE_DISABLED>DISCONNECTED>SCANNING>DISCONNECTED>ASSOCIATING>ASSOCIATED>COMPLETED
308174,9b7736bb-a8c2-48dd-a6e6-6036114bfafd,after,2026-09-14 18:12:14,ASUS_I006D,33,SENDAI_free_Wi-Fi,d4:68:4d:02:69:9d,5500,5GHz,-75,802.11n,FAILED_AT_SCANNING,FAILED_AT_<STATE>,3026,3-5s,ASSOCIATING_ONLY,10,DISCONNECTED>INTERFACE_DISABLED>DISCONNECTED>INTERFACE_DISABLED>DISCONNECTED>ASSOCIATING>DISCONNECTED>INTERFACE_DISABLED>DISCONNECTED>SCANNING
312690,9ffb3ac0-3f6f-44e8-aea3-64c14fa90024,after,2026-09-14 18:12:21,motorola edge 40 neo,34,SENDAI_free_Wi-Fi,d4:68:4d:02:69:9d,5500,5GHz,-68,802.11n,TIMEOUT_AT_COMPLETED,TIMEOUT_AT_<STATE>,273,0-2s,COMPLETED,5,INTERFACE_DISABLED>DISCONNECTED>ASSOCIATING>ASSOCIATED>COMPLETED
312696,9ffb3ac0-3f6f-44e8-aea3-64c14fa90024,after,2026-09-14 18:12:21,motorola edge 40 neo,34,SENDAI_free_Wi-Fi,d4:68:4d:00:29:bd,5500,5GHz,-70,802.11n,TIMEOUT_AT_COMPLETED,TIMEOUT_AT_<STATE>,290,0-2s,COMPLETED,5,INTERFACE_DISABLED>DISCONNECTED>ASSOCIATING>ASSOCIATED>COMPLETED
312763,a9adf824-79b9-4d27-96d3-956528e8014c,after,2026-09-14 18:12:40,motorola edge 40 neo,34,SENDAI_free_Wi-Fi,d4:68:4d:00:29:bd,5500,5GHz,-74,802.11n,FAILED_AT_DISCONNECTED,FAILED_AT_<STATE>,777,0-2s,ASSOCIATING_ONLY,17,DISCONNECTED>ASSOCIATING>DISCONNECTED>INTERFACE_DISABLED>DISCONNECTED>INTERFACE_DISABLED>DISCONNECTED>ASSOCIATING>DISCONNECTED>DISCONNECTED>INTERFACE_DISABLED>DISCONNECTED>ASSOCIATING>DISCONNECTED>DISCONNECTED>ASSOCIATING>DISCONNECTED
312769,a9adf824-79b9-4d27-96d3-956528e8014c,after,2026-09-14 18:12:40,motorola edge 40 neo,34,SENDAI_free_Wi-Fi,d4:68:4d:02:69:9d,5500,5GHz,-76,802.11n,FAILED_AT_DISCONNECTED,FAILED_AT_<STATE>,834,0-2s,ASSOCIATING_ONLY,22,INTERFACE_DISABLED>DISCONNECTED>ASSOCIATING>DISCONNECTED>INTERFACE_DISABLED>DISCONNECTED>INTERFACE_DISABLED>DISCONNECTED>ASSOCIATING>DISCONNECTED>INTERFACE_DISABLED>DISCONNECTED>INTERFACE_DISABLED>DISCONNECTED>ASSOCIATING>DISCONNECTED>INTERFACE_DISABLED>DISCONNECTED>INTERFACE_DISABLED>DISCONNECTED>ASSOCIATING>DISCONNECTED
308228,ffad0a84-8f46-47c7-aae9-264e04d79185,after,2026-09-14 18:12:42,ASUS_I006D,33,SENDAI_free_Wi-Fi,d4:68:4d:c2:69:98,2412,2.4GHz,-56,802.11n,TIMEOUT_AT_COMPLETED,TIMEOUT_AT_<STATE>,1269,0-2s,COMPLETED,3,ASSOCIATING>ASSOCIATED>COMPLETED
308231,ffad0a84-8f46-47c7-aae9-264e04d79185,after,2026-09-14 18:12:42,ASUS_I006D,33,SENDAI_free_Wi-Fi,d4:68:4d:00:29:bd,5500,5GHz,-66,802.11n,TIMEOUT_AT_ASSOCIATING,TIMEOUT_AT_<STATE>,3028,3-5s,ASSOCIATING_ONLY,4,DISCONNECTED>INTERFACE_DISABLED>DISCONNECTED>ASSOCIATING
308241,ffad0a84-8f46-47c7-aae9-264e04d79185,after,2026-09-14 18:12:42,ASUS_I006D,33,SENDAI_free_Wi-Fi,d4:68:4d:02:69:9d,5500,5GHz,-70,802.11n,TIMEOUT_AT_COMPLETED,TIMEOUT_AT_<STATE>,1760,0-2s,COMPLETED,5,INTERFACE_DISABLED>DISCONNECTED>ASSOCIATING>ASSOCIATED>COMPLETED
308243,ffad0a84-8f46-47c7-aae9-264e04d79185,after,2026-09-14 18:12:42,ASUS_I006D,33,SENDAI_free_Wi-Fi,d4:68:4d:c0:29:b8,2412,2.4GHz,-72,802.11n,TIMEOUT_AT_ASSOCIATING,TIMEOUT_AT_<STATE>,3027,3-5s,ASSOCIATING_ONLY,3,INTERFACE_DISABLED>DISCONNECTED>ASSOCIATING
312804,b8a3ebbb-cb15-41e6-93e7-42c29a6dbee3,after,2026-09-14 18:13:07,motorola edge 40 neo,34,SENDAI_free_Wi-Fi,d4:68:4d:c0:29:b8,2412,2.4GHz,-59,802.11n,TIMEOUT_AT_COMPLETED,TIMEOUT_AT_<STATE>,230,0-2s,COMPLETED,5,INTERFACE_DISABLED>DISCONNECTED>ASSOCIATING>ASSOCIATED>COMPLETED
312818,b8a3ebbb-cb15-41e6-93e7-42c29a6dbee3,after,2026-09-14 18:13:07,motorola edge 40 neo,34,SENDAI_free_Wi-Fi,d4:68:4d:00:29:bd,5500,5GHz,-69,802.11n,TIMEOUT_AT_COMPLETED,TIMEOUT_AT_<STATE>,271,0-2s,COMPLETED,3,ASSOCIATING>ASSOCIATED>COMPLETED
312820,b8a3ebbb-cb15-41e6-93e7-42c29a6dbee3,after,2026-09-14 18:13:07,motorola edge 40 neo,34,SENDAI_free_Wi-Fi,d4:68:4d:02:69:9d,5500,5GHz,-70,802.11n,TIMEOUT_AT_COMPLETED,TIMEOUT_AT_<STATE>,291,0-2s,COMPLETED,5,INTERFACE_DISABLED>DISCONNECTED>ASSOCIATING>ASSOCIATED>COMPLETED
308307,fc7c49c5-4f1d-4058-bdb2-1ca8969e1f21,after,2026-09-14 18:13:09,ASUS_I006D,33,SENDAI_free_Wi-Fi,d4:68:4d:c0:29:b8,2412,2.4GHz,-69,802.11n,TIMEOUT_AT_COMPLETED,TIMEOUT_AT_<STATE>,1160,0-2s,COMPLETED,5,INTERFACE_DISABLED>DISCONNECTED>ASSOCIATING>ASSOCIATED>COMPLETED
308309,fc7c49c5-4f1d-4058-bdb2-1ca8969e1f21,after,2026-09-14 18:13:09,ASUS_I006D,33,SENDAI_free_Wi-Fi,d4:68:4d:00:29:bd,5500,5GHz,-69,802.11n,TIMEOUT_AT_COMPLETED,TIMEOUT_AT_<STATE>,1429,0-2s,COMPLETED,8,DISCONNECTED>INTERFACE_DISABLED>DISCONNECTED>INTERFACE_DISABLED>DISCONNECTED>ASSOCIATING>ASSOCIATED>COMPLETED
308318,fc7c49c5-4f1d-4058-bdb2-1ca8969e1f21,after,2026-09-14 18:13:09,ASUS_I006D,33,SENDAI_free_Wi-Fi,d4:68:4d:02:69:9d,5500,5GHz,-76,802.11n,TIMEOUT_AT_ASSOCIATING,TIMEOUT_AT_<STATE>,3026,3-5s,ASSOCIATING_ONLY,1,ASSOCIATING
308389,af743e35-d3dd-4d85-82e5-ee30a355e0f7,after,2026-09-14 18:13:25,ASUS_I006D,33,SENDAI_free_Wi-Fi,d4:68:4d:c0:29:b8,2412,2.4GHz,-55,802.11n,TIMEOUT_AT_COMPLETED,TIMEOUT_AT_<STATE>,2605,0-2s,COMPLETED,5,INTERFACE_DISABLED>DISCONNECTED>ASSOCIATING>ASSOCIATED>COMPLETED
308396,af743e35-d3dd-4d85-82e5-ee30a355e0f7,after,2026-09-14 18:13:25,ASUS_I006D,33,SENDAI_free_Wi-Fi,d4:68:4d:00:29:bd,5500,5GHz,-63,802.11n,TIMEOUT_AT_COMPLETED,TIMEOUT_AT_<STATE>,1372,0-2s,COMPLETED,6,DISCONNECTED>INTERFACE_DISABLED>DISCONNECTED>ASSOCIATING>ASSOCIATED>COMPLETED
308407,af743e35-d3dd-4d85-82e5-ee30a355e0f7,after,2026-09-14 18:13:25,ASUS_I006D,33,SENDAI_free_Wi-Fi,d4:68:4d:02:69:9d,5500,5GHz,-72,802.11n,TIMEOUT_AT_COMPLETED,TIMEOUT_AT_<STATE>,1627,0-2s,COMPLETED,5,INTERFACE_DISABLED>DISCONNECTED>ASSOCIATING>ASSOCIATED>COMPLETED
312868,3d2a00d9-81bd-4136-a971-9532de0ee47d,after,2026-09-14 18:13:37,motorola edge 40 neo,34,SENDAI_free_Wi-Fi,d4:68:4d:00:29:bd,5500,5GHz,-72,802.11n,TIMEOUT_AT_COMPLETED,TIMEOUT_AT_<STATE>,228,0-2s,COMPLETED,5,INTERFACE_DISABLED>DISCONNECTED>ASSOCIATING>ASSOCIATED>COMPLETED
308489,5c9ac4cd-7dc3-4b14-b7e8-5cf2c7c8dc34,after,2026-09-14 18:13:41,ASUS_I006D,33,SENDAI_free_Wi-Fi,d4:68:4d:00:29:bd,5500,5GHz,-56,802.11n,TIMEOUT_AT_COMPLETED,TIMEOUT_AT_<STATE>,1379,0-2s,COMPLETED,5,INTERFACE_DISABLED>DISCONNECTED>ASSOCIATING>ASSOCIATED>COMPLETED
312919,4bcf4fe1-97c1-4bad-a314-279d864db300,after,2026-09-14 18:13:57,motorola edge 40 neo,34,SENDAI_free_Wi-Fi,d4:68:4d:c0:29:b8,2412,2.4GHz,-66,802.11n,TIMEOUT_AT_COMPLETED,TIMEOUT_AT_<STATE>,240,0-2s,COMPLETED,5,INTERFACE_DISABLED>DISCONNECTED>ASSOCIATING>ASSOCIATED>COMPLETED
312929,4bcf4fe1-97c1-4bad-a314-279d864db300,after,2026-09-14 18:13:57,motorola edge 40 neo,34,SENDAI_free_Wi-Fi,d4:68:4d:00:29:bd,5500,5GHz,-72,802.11n,TIMEOUT_AT_COMPLETED,TIMEOUT_AT_<STATE>,301,0-2s,COMPLETED,5,INTERFACE_DISABLED>DISCONNECTED>ASSOCIATING>ASSOCIATED>COMPLETED
312949,4bcf4fe1-97c1-4bad-a314-279d864db300,after,2026-09-14 18:13:57,motorola edge 40 neo,34,SENDAI_free_Wi-Fi,d4:68:4d:02:69:9d,5500,5GHz,-85,802.11n,TIMEOUT_AT_COMPLETED,TIMEOUT_AT_<STATE>,559,0-2s,COMPLETED,5,INTERFACE_DISABLED>DISCONNECTED>ASSOCIATING>ASSOCIATED>COMPLETED
308565,767b18a6-32d8-4556-bc4e-f91bdd7c5440,after,2026-09-14 18:14:12,ASUS_I006D,33,SENDAI_free_Wi-Fi,d4:68:4d:00:29:bd,5500,5GHz,-60,802.11n,TIMEOUT_AT_COMPLETED,TIMEOUT_AT_<STATE>,833,0-2s,COMPLETED,5,INTERFACE_DISABLED>DISCONNECTED>ASSOCIATING>ASSOCIATED>COMPLETED
308578,767b18a6-32d8-4556-bc4e-f91bdd7c5440,after,2026-09-14 18:14:12,ASUS_I006D,33,SENDAI_free_Wi-Fi,d4:68:4d:02:69:9d,5500,5GHz,-72,802.11n,TIMEOUT_AT_COMPLETED,TIMEOUT_AT_<STATE>,1257,0-2s,COMPLETED,3,ASSOCIATING>ASSOCIATED>COMPLETED
312979,07a81aec-4b73-4ee0-aa57-660911b57907,after,2026-09-14 18:14:16,motorola edge 40 neo,34,SENDAI_free_Wi-Fi,d4:68:4d:00:29:bd,5500,5GHz,-66,802.11n,TIMEOUT_AT_COMPLETED,TIMEOUT_AT_<STATE>,238,0-2s,COMPLETED,5,INTERFACE_DISABLED>DISCONNECTED>ASSOCIATING>ASSOCIATED>COMPLETED
312983,07a81aec-4b73-4ee0-aa57-660911b57907,after,2026-09-14 18:14:16,motorola edge 40 neo,34,SENDAI_free_Wi-Fi,d4:68:4d:c0:29:b8,2412,2.4GHz,-67,802.11n,TIMEOUT_AT_COMPLETED,TIMEOUT_AT_<STATE>,583,0-2s,COMPLETED,5,INTERFACE_DISABLED>DISCONNECTED>ASSOCIATING>ASSOCIATED>COMPLETED
312984,07a81aec-4b73-4ee0-aa57-660911b57907,after,2026-09-14 18:14:16,motorola edge 40 neo,34,SENDAI_free_Wi-Fi,d4:68:4d:c2:69:98,2412,2.4GHz,-67,802.11n,TIMEOUT_AT_COMPLETED,TIMEOUT_AT_<STATE>,573,0-2s,COMPLETED,5,INTERFACE_DISABLED>DISCONNECTED>ASSOCIATING>ASSOCIATED>COMPLETED
313069,de80b0dc-030f-4bc7-a950-1175b651214b,after,2026-09-14 18:14:44,motorola edge 40 neo,34,SENDAI_free_Wi-Fi,d4:68:4d:00:29:bd,5500,5GHz,-65,802.11n,TIMEOUT_AT_COMPLETED,TIMEOUT_AT_<STATE>,210,0-2s,COMPLETED,5,INTERFACE_DISABLED>DISCONNECTED>ASSOCIATING>ASSOCIATED>COMPLETED
308669,5b383bb1-383c-4696-b3ea-ceefde7d84c0,after,2026-09-14 18:14:48,ASUS_I006D,33,SENDAI_free_Wi-Fi,d4:68:4d:00:29:bd,5500,5GHz,-58,802.11n,TIMEOUT_AT_COMPLETED,TIMEOUT_AT_<STATE>,1051,0-2s,COMPLETED,5,INTERFACE_DISABLED>DISCONNECTED>ASSOCIATING>ASSOCIATED>COMPLETED
308676,5b383bb1-383c-4696-b3ea-ceefde7d84c0,after,2026-09-14 18:14:48,ASUS_I006D,33,SENDAI_free_Wi-Fi,d4:68:4d:c0:29:b8,2412,2.4GHz,-67,802.11n,TIMEOUT_AT_COMPLETED,TIMEOUT_AT_<STATE>,1857,0-2s,COMPLETED,5,INTERFACE_DISABLED>DISCONNECTED>ASSOCIATING>ASSOCIATED>COMPLETED
308693,5b383bb1-383c-4696-b3ea-ceefde7d84c0,after,2026-09-14 18:14:48,ASUS_I006D,33,SENDAI_free_Wi-Fi,d4:68:4d:02:69:9d,5500,5GHz,-75,802.11n,TIMEOUT_AT_INTERFACE_DISABLED,TIMEOUT_AT_<STATE>,3026,3-5s,ASSOCIATING_ONLY,7,INTERFACE_DISABLED>DISCONNECTED>INTERFACE_DISABLED>DISCONNECTED>ASSOCIATING>DISCONNECTED>INTERFACE_DISABLED
313166,f302afb6-20ce-45ff-8929-a30e8dda793e,after,2026-09-14 18:15:18,motorola edge 40 neo,34,SENDAI_free_Wi-Fi,d4:68:4d:00:29:bd,5500,5GHz,-69,802.11n,TIMEOUT_AT_COMPLETED,TIMEOUT_AT_<STATE>,250,0-2s,COMPLETED,5,INTERFACE_DISABLED>DISCONNECTED>ASSOCIATING>ASSOCIATED>COMPLETED
313192,f302afb6-20ce-45ff-8929-a30e8dda793e,after,2026-09-14 18:15:18,motorola edge 40 neo,34,SENDAI_free_Wi-Fi,d4:68:4d:02:69:9d,5500,5GHz,-81,802.11n,FAILED_AT_DISCONNECTED,FAILED_AT_<STATE>,1099,0-2s,ASSOCIATING_ONLY,22,INTERFACE_DISABLED>DISCONNECTED>ASSOCIATING>DISCONNECTED>INTERFACE_DISABLED>DISCONNECTED>INTERFACE_DISABLED>DISCONNECTED>ASSOCIATING>DISCONNECTED>INTERFACE_DISABLED>DISCONNECTED>INTERFACE_DISABLED>DISCONNECTED>ASSOCIATING>DISCONNECTED>INTERFACE_DISABLED>DISCONNECTED>INTERFACE_DISABLED>DISCONNECTED>ASSOCIATING>DISCONNECTED
308763,23f51454-0790-4fdd-8106-fbcb9a29cb60,after,2026-09-14 18:15:19,ASUS_I006D,33,SENDAI_free_Wi-Fi,d4:68:4d:c0:29:b8,2412,2.4GHz,-67,802.11n,TIMEOUT_AT_COMPLETED,TIMEOUT_AT_<STATE>,625,0-2s,COMPLETED,3,ASSOCIATING>ASSOCIATED>COMPLETED
308765,23f51454-0790-4fdd-8106-fbcb9a29cb60,after,2026-09-14 18:15:19,ASUS_I006D,33,SENDAI_free_Wi-Fi,d4:68:4d:00:29:bd,5500,5GHz,-67,802.11n,TIMEOUT_AT_COMPLETED,TIMEOUT_AT_<STATE>,1296,0-2s,COMPLETED,6,DISCONNECTED>INTERFACE_DISABLED>DISCONNECTED>ASSOCIATING>ASSOCIATED>COMPLETED
308855,06701d3c-4222-492c-ba0b-3ebee53a43ac,after,2026-09-14 18:15:46,ASUS_I006D,33,SENDAI_free_Wi-Fi,d4:68:4d:00:29:bd,5500,5GHz,-66,802.11n,TIMEOUT_AT_COMPLETED,TIMEOUT_AT_<STATE>,1215,0-2s,COMPLETED,5,INTERFACE_DISABLED>DISCONNECTED>ASSOCIATING>ASSOCIATED>COMPLETED
308871,06701d3c-4222-492c-ba0b-3ebee53a43ac,after,2026-09-14 18:15:46,ASUS_I006D,33,SENDAI_free_Wi-Fi,d4:68:4d:02:69:9d,5500,5GHz,-73,802.11n,FAILED_AT_SCANNING,FAILED_AT_<STATE>,3017,3-5s,ASSOCIATING_ONLY,7,INTERFACE_DISABLED>DISCONNECTED>ASSOCIATING>DISCONNECTED>INTERFACE_DISABLED>DISCONNECTED>SCANNING
313240,c019340d-2fc6-4770-8e98-2810569151b3,after,2026-09-14 18:15:52,motorola edge 40 neo,34,SENDAI_free_Wi-Fi,d4:68:4d:c0:29:b8,2412,2.4GHz,-65,802.11n,TIMEOUT_AT_COMPLETED,TIMEOUT_AT_<STATE>,266,0-2s,COMPLETED,5,INTERFACE_DISABLED>DISCONNECTED>ASSOCIATING>ASSOCIATED>COMPLETED
308943,3ffddff7-c1f1-40b6-ae75-dce030e83271,after,2026-09-14 18:16:19,ASUS_I006D,33,SENDAI_free_Wi-Fi,d4:68:4d:00:29:bd,5500,5GHz,-66,802.11n,TIMEOUT_AT_COMPLETED,TIMEOUT_AT_<STATE>,1267,0-2s,COMPLETED,3,ASSOCIATING>ASSOCIATED>COMPLETED
308962,3ffddff7-c1f1-40b6-ae75-dce030e83271,after,2026-09-14 18:16:19,ASUS_I006D,33,SENDAI_free_Wi-Fi,d4:68:4d:02:69:9d,5500,5GHz,-75,802.11n,FAILED_AT_SCANNING,FAILED_AT_<STATE>,3016,3-5s,ASSOCIATING_ONLY,9,INTERFACE_DISABLED>DISCONNECTED>ASSOCIATING>DISCONNECTED>INTERFACE_DISABLED>DISCONNECTED>INTERFACE_DISABLED>DISCONNECTED>SCANNING
313369,4386c061-295c-45d6-a699-da0afccf9f30,after,2026-09-14 18:16:19,motorola edge 40 neo,34,SENDAI_free_Wi-Fi,d4:68:4d:00:29:bd,5500,5GHz,-77,802.11n,TIMEOUT_AT_COMPLETED,TIMEOUT_AT_<STATE>,209,0-2s,COMPLETED,5,INTERFACE_DISABLED>DISCONNECTED>ASSOCIATING>ASSOCIATED>COMPLETED
313377,4386c061-295c-45d6-a699-da0afccf9f30,after,2026-09-14 18:16:19,motorola edge 40 neo,34,SENDAI_free_Wi-Fi,d4:68:4d:02:69:9d,5500,5GHz,-81,802.11n,FAILED_AT_DISCONNECTED,FAILED_AT_<STATE>,818,0-2s,ASSOCIATING_ONLY,21,INTERFACE_DISABLED>DISCONNECTED>ASSOCIATING>DISCONNECTED>INTERFACE_DISABLED>DISCONNECTED>INTERFACE_DISABLED>DISCONNECTED>ASSOCIATING>DISCONNECTED>DISCONNECTED>INTERFACE_DISABLED>DISCONNECTED>ASSOCIATING>DISCONNECTED>INTERFACE_DISABLED>DISCONNECTED>INTERFACE_DISABLED>DISCONNECTED>ASSOCIATING>DISCONNECTED
313415,5536edf8-4b89-4472-abd0-aa8bec33a0dc,after,2026-09-14 18:16:50,motorola edge 40 neo,34,SENDAI_free_Wi-Fi,d4:68:4d:c0:29:b8,2412,2.4GHz,-64,802.11n,TIMEOUT_AT_COMPLETED,TIMEOUT_AT_<STATE>,354,0-2s,COMPLETED,5,INTERFACE_DISABLED>DISCONNECTED>ASSOCIATING>ASSOCIATED>COMPLETED
313434,5536edf8-4b89-4472-abd0-aa8bec33a0dc,after,2026-09-14 18:16:50,motorola edge 40 neo,34,SENDAI_free_Wi-Fi,d4:68:4d:00:29:bd,5500,5GHz,-73,802.11n,TIMEOUT_AT_COMPLETED,TIMEOUT_AT_<STATE>,296,0-2s,COMPLETED,5,INTERFACE_DISABLED>DISCONNECTED>ASSOCIATING>ASSOCIATED>COMPLETED
313453,5536edf8-4b89-4472-abd0-aa8bec33a0dc,after,2026-09-14 18:16:50,motorola edge 40 neo,34,SENDAI_free_Wi-Fi,d4:68:4d:02:69:9d,5500,5GHz,-82,802.11n,TIMEOUT_AT_INTERFACE_DISABLED,TIMEOUT_AT_<STATE>,1047,0-2s,ASSOCIATING_ONLY,23,INTERFACE_DISABLED>DISCONNECTED>ASSOCIATING>DISCONNECTED>INTERFACE_DISABLED>DISCONNECTED>INTERFACE_DISABLED>DISCONNECTED>ASSOCIATING>DISCONNECTED>INTERFACE_DISABLED>DISCONNECTED>INTERFACE_DISABLED>DISCONNECTED>ASSOCIATING>DISCONNECTED>INTERFACE_DISABLED>DISCONNECTED>INTERFACE_DISABLED>DISCONNECTED>ASSOCIATING>DISCONNECTED>INTERFACE_DISABLED
309039,6ca0dc7c-38e9-4c17-a67f-5a854b9d4001,after,2026-09-14 18:16:54,ASUS_I006D,33,SENDAI_free_Wi-Fi,d4:68:4d:00:29:bd,5500,5GHz,-69,802.11n,FAILED_AT_SCANNING,FAILED_AT_<STATE>,3020,3-5s,ASSOCIATING_ONLY,5,ASSOCIATING>DISCONNECTED>INTERFACE_DISABLED>DISCONNECTED>SCANNING
309053,6ca0dc7c-38e9-4c17-a67f-5a854b9d4001,after,2026-09-14 18:16:54,ASUS_I006D,33,SENDAI_free_Wi-Fi,d4:68:4d:02:69:9d,5500,5GHz,-74,802.11n,FAILED_AT_SCANNING,FAILED_AT_<STATE>,3024,3-5s,ASSOCIATING_ONLY,6,ASSOCIATING>DISCONNECTED>INTERFACE_DISABLED>DISCONNECTED>DISCONNECTED>SCANNING
309158,881720eb-14c2-4ae3-b7b4-9aae31ed133c,after,2026-09-14 18:17:23,ASUS_I006D,33,SENDAI_free_Wi-Fi,d4:68:4d:00:29:bd,5500,5GHz,-70,802.11n,FAILED_AT_DISCONNECTED,FAILED_AT_<STATE>,3010,3-5s,ASSOCIATING_ONLY,2,ASSOCIATING>DISCONNECTED
309168,881720eb-14c2-4ae3-b7b4-9aae31ed133c,after,2026-09-14 18:17:23,ASUS_I006D,33,SENDAI_free_Wi-Fi,d4:68:4d:02:69:9d,5500,5GHz,-72,802.11n,TIMEOUT_AT_COMPLETED,TIMEOUT_AT_<STATE>,812,0-2s,COMPLETED,7,INTERFACE_DISABLED>DISCONNECTED>SCANNING>DISCONNECTED>ASSOCIATING>ASSOCIATED>COMPLETED
309218,881720eb-14c2-4ae3-b7b4-9aae31ed133c,after,2026-09-14 18:17:23,ASUS_I006D,33,SENDAI_free_Wi-Fi,f0:b0:52:32:6f:5d,5540,5GHz,-85,802.11n,FAILED_AT_SCANNING,FAILED_AT_<STATE>,3011,3-5s,ASSOCIATING_ONLY,7,INTERFACE_DISABLED>DISCONNECTED>ASSOCIATING>DISCONNECTED>INTERFACE_DISABLED>DISCONNECTED>SCANNING
313497,25e3345b-bee6-4e43-83f4-c9c914b6cb7a,after,2026-09-14 18:17:26,motorola edge 40 neo,34,SENDAI_free_Wi-Fi,d4:68:4d:c0:29:b8,2412,2.4GHz,-69,802.11n,TIMEOUT_AT_COMPLETED,TIMEOUT_AT_<STATE>,525,0-2s,COMPLETED,5,INTERFACE_DISABLED>DISCONNECTED>ASSOCIATING>ASSOCIATED>COMPLETED
313514,25e3345b-bee6-4e43-83f4-c9c914b6cb7a,after,2026-09-14 18:17:26,motorola edge 40 neo,34,SENDAI_free_Wi-Fi,d4:68:4d:02:69:9d,5500,5GHz,-80,802.11n,FAILED_AT_DISCONNECTED,FAILED_AT_<STATE>,1409,0-2s,ASSOCIATING_ONLY,20,INTERFACE_DISABLED>DISCONNECTED>ASSOCIATING>DISCONNECTED>INTERFACE_DISABLED>DISCONNECTED>INTERFACE_DISABLED>DISCONNECTED>ASSOCIATING>DISCONNECTED>INTERFACE_DISABLED>DISCONNECTED>INTERFACE_DISABLED>DISCONNECTED>ASSOCIATING>DISCONNECTED>INTERFACE_DISABLED>DISCONNECTED>ASSOCIATING>DISCONNECTED
313522,25e3345b-bee6-4e43-83f4-c9c914b6cb7a,after,2026-09-14 18:17:26,motorola edge 40 neo,34,SENDAI_free_Wi-Fi,d4:68:4d:00:29:bd,5500,5GHz,-81,802.11n,FAILED_AT_DISCONNECTED,FAILED_AT_<STATE>,781,0-2s,ASSOCIATING_ONLY,24,INTERFACE_DISABLED>DISCONNECTED>ASSOCIATING>DISCONNECTED>INTERFACE_DISABLED>DISCONNECTED>INTERFACE_DISABLED>DISCONNECTED>ASSOCIATING>DISCONNECTED>INTERFACE_DISABLED>DISCONNECTED>INTERFACE_DISABLED>DISCONNECTED>ASSOCIATING>DISCONNECTED>INTERFACE_DISABLED>DISCONNECTED>INTERFACE_DISABLED>DISCONNECTED>ASSOCIATING>DISCONNECTED>INTERFACE_DISABLED>DISCONNECTED
313615,1254f74d-7733-41e2-88a3-bfdcee22f3e9,after,2026-09-14 18:17:49,motorola edge 40 neo,34,SENDAI_free_Wi-Fi,d4:68:4d:02:69:9d,5500,5GHz,-81,802.11n,TIMEOUT_AT_COMPLETED,TIMEOUT_AT_<STATE>,232,0-2s,COMPLETED,3,ASSOCIATING>ASSOCIATED>COMPLETED
313643,1254f74d-7733-41e2-88a3-bfdcee22f3e9,after,2026-09-14 18:17:49,motorola edge 40 neo,34,SENDAI_free_Wi-Fi,f0:b0:52:32:6f:5d,5540,5GHz,-90,802.11n,TIMEOUT_AT_COMPLETED,TIMEOUT_AT_<STATE>,635,0-2s,COMPLETED,5,INTERFACE_DISABLED>DISCONNECTED>ASSOCIATING>ASSOCIATED>COMPLETED
309247,06751d2b-aab6-44fd-b7d7-417a3769a900,after,2026-09-14 18:17:56,ASUS_I006D,33,SENDAI_free_Wi-Fi,d4:68:4d:c2:69:98,2412,2.4GHz,-71,802.11n,FAILED_AT_SCANNING,FAILED_AT_<STATE>,3016,3-5s,ASSOCIATING_ONLY,7,ASSOCIATING>DISCONNECTED>INTERFACE_DISABLED>DISCONNECTED>INTERFACE_DISABLED>DISCONNECTED>SCANNING
309250,06751d2b-aab6-44fd-b7d7-417a3769a900,after,2026-09-14 18:17:56,ASUS_I006D,33,SENDAI_free_Wi-Fi,d4:68:4d:02:69:9d,5500,5GHz,-71,802.11n,TIMEOUT_AT_COMPLETED,TIMEOUT_AT_<STATE>,633,0-2s,COMPLETED,3,ASSOCIATING>ASSOCIATED>COMPLETED
309256,06751d2b-aab6-44fd-b7d7-417a3769a900,after,2026-09-14 18:17:56,ASUS_I006D,33,SENDAI_free_Wi-Fi,d4:68:4d:00:29:bd,5500,5GHz,-71,802.11n,TIMEOUT_AT_COMPLETED,TIMEOUT_AT_<STATE>,2085,0-2s,COMPLETED,5,INTERFACE_DISABLED>DISCONNECTED>ASSOCIATING>ASSOCIATED>COMPLETED
313657,014351c6-8629-4ece-9800-e2f3990284fa,after,2026-09-14 18:18:28,motorola edge 40 neo,34,SENDAI_free_Wi-Fi,d4:68:4d:c2:69:98,2412,2.4GHz,-70,802.11n,TIMEOUT_AT_ASSOCIATING,TIMEOUT_AT_<STATE>,2011,0-2s,ASSOCIATING_ONLY,21,INTERFACE_DISABLED>DISCONNECTED>ASSOCIATING>DISCONNECTED>INTERFACE_DISABLED>DISCONNECTED>INTERFACE_DISABLED>DISCONNECTED>ASSOCIATING>DISCONNECTED>INTERFACE_DISABLED>DISCONNECTED>INTERFACE_DISABLED>DISCONNECTED>ASSOCIATING>DISCONNECTED>INTERFACE_DISABLED>DISCONNECTED>INTERFACE_DISABLED>DISCONNECTED>ASSOCIATING
313676,014351c6-8629-4ece-9800-e2f3990284fa,after,2026-09-14 18:18:28,motorola edge 40 neo,34,SENDAI_free_Wi-Fi,d4:68:4d:00:29:bd,5500,5GHz,-81,802.11n,FAILED_AT_DISCONNECTED,FAILED_AT_<STATE>,1017,0-2s,ASSOCIATING_ONLY,22,INTERFACE_DISABLED>DISCONNECTED>ASSOCIATING>DISCONNECTED>INTERFACE_DISABLED>DISCONNECTED>INTERFACE_DISABLED>DISCONNECTED>ASSOCIATING>DISCONNECTED>INTERFACE_DISABLED>DISCONNECTED>INTERFACE_DISABLED>DISCONNECTED>ASSOCIATING>DISCONNECTED>INTERFACE_DISABLED>DISCONNECTED>INTERFACE_DISABLED>DISCONNECTED>ASSOCIATING>DISCONNECTED
309315,a9431668-fc16-4a8a-a68b-13fc6a8968f3,after,2026-09-14 18:18:33,ASUS_I006D,33,SENDAI_free_Wi-Fi,d4:68:4d:c2:69:98,2412,2.4GHz,-63,802.11n,TIMEOUT_AT_COMPLETED,TIMEOUT_AT_<STATE>,996,0-2s,COMPLETED,5,INTERFACE_DISABLED>DISCONNECTED>ASSOCIATING>ASSOCIATED>COMPLETED
309327,a9431668-fc16-4a8a-a68b-13fc6a8968f3,after,2026-09-14 18:18:33,ASUS_I006D,33,SENDAI_free_Wi-Fi,d4:68:4d:02:69:9d,5500,5GHz,-70,802.11n,FAILED_AT_SCANNING,FAILED_AT_<STATE>,3021,3-5s,ASSOCIATING_ONLY,8,DISCONNECTED>INTERFACE_DISABLED>DISCONNECTED>INTERFACE_DISABLED>DISCONNECTED>ASSOCIATING>DISCONNECTED>SCANNING
309334,a9431668-fc16-4a8a-a68b-13fc6a8968f3,after,2026-09-14 18:18:33,ASUS_I006D,33,SENDAI_free_Wi-Fi,d4:68:4d:00:29:bd,5500,5GHz,-71,802.11n,FAILED_AT_SCANNING,FAILED_AT_<STATE>,3029,3-5s,ASSOCIATING_ONLY,5,ASSOCIATING>DISCONNECTED>INTERFACE_DISABLED>DISCONNECTED>SCANNING
309337,a9431668-fc16-4a8a-a68b-13fc6a8968f3,after,2026-09-14 18:18:33,ASUS_I006D,33,SENDAI_free_Wi-Fi,d4:68:4d:c0:29:b8,2412,2.4GHz,-74,802.11n,TIMEOUT_AT_ASSOCIATING,TIMEOUT_AT_<STATE>,3030,3-5s,ASSOCIATING_ONLY,1,ASSOCIATING
309377,a9431668-fc16-4a8a-a68b-13fc6a8968f3,after,2026-09-14 18:18:33,ASUS_I006D,33,SENDAI_free_Wi-Fi,f0:b0:52:32:6f:5d,5540,5GHz,-87,802.11n,TIMEOUT_AT_ASSOCIATING,TIMEOUT_AT_<STATE>,3020,3-5s,ASSOCIATING_ONLY,6,DISCONNECTED>INTERFACE_DISABLED>DISCONNECTED>INTERFACE_DISABLED>DISCONNECTED>ASSOCIATING
313713,a6e8b473-a4f1-4cea-a4c5-3ab20127cd0c,after,2026-09-14 18:18:59,motorola edge 40 neo,34,SENDAI_free_Wi-Fi,d4:68:4d:c2:69:98,2412,2.4GHz,-70,802.11n,FAILED_AT_DISCONNECTED,FAILED_AT_<STATE>,1932,0-2s,ASSOCIATING_ONLY,23,INTERFACE_DISABLED>DISCONNECTED>ASSOCIATING>DISCONNECTED>INTERFACE_DISABLED>DISCONNECTED>INTERFACE_DISABLED>DISCONNECTED>ASSOCIATING>DISCONNECTED>INTERFACE_DISABLED>DISCONNECTED>INTERFACE_DISABLED>DISCONNECTED>ASSOCIATING>DISCONNECTED>INTERFACE_DISABLED>DISCONNECTED>INTERFACE_DISABLED>DISCONNECTED>ASSOCIATING>DISCONNECTED>DISCONNECTED
313723,a6e8b473-a4f1-4cea-a4c5-3ab20127cd0c,after,2026-09-14 18:18:59,motorola edge 40 neo,34,SENDAI_free_Wi-Fi,d4:68:4d:00:29:bd,5500,5GHz,-78,802.11n,FAILED_AT_DISCONNECTED,FAILED_AT_<STATE>,828,0-2s,ASSOCIATING_ONLY,20,INTERFACE_DISABLED>DISCONNECTED>ASSOCIATING>DISCONNECTED>INTERFACE_DISABLED>DISCONNECTED>INTERFACE_DISABLED>DISCONNECTED>ASSOCIATING>DISCONNECTED>INTERFACE_DISABLED>DISCONNECTED>ASSOCIATING>DISCONNECTED>INTERFACE_DISABLED>DISCONNECTED>INTERFACE_DISABLED>DISCONNECTED>ASSOCIATING>DISCONNECTED
313733,a6e8b473-a4f1-4cea-a4c5-3ab20127cd0c,after,2026-09-14 18:18:59,motorola edge 40 neo,34,SENDAI_free_Wi-Fi,d4:68:4d:02:69:9d,5500,5GHz,-81,802.11n,TIMEOUT_AT_ASSOCIATING,TIMEOUT_AT_<STATE>,783,0-2s,ASSOCIATING_ONLY,21,INTERFACE_DISABLED>DISCONNECTED>ASSOCIATING>DISCONNECTED>INTERFACE_DISABLED>DISCONNECTED>INTERFACE_DISABLED>DISCONNECTED>ASSOCIATING>DISCONNECTED>INTERFACE_DISABLED>DISCONNECTED>INTERFACE_DISABLED>DISCONNECTED>ASSOCIATING>DISCONNECTED>INTERFACE_DISABLED>DISCONNECTED>INTERFACE_DISABLED>DISCONNECTED>ASSOCIATING
309407,d4a0daff-875b-44ed-b4a8-ee8ebf3bce49,after,2026-09-14 18:19:00,ASUS_I006D,33,SENDAI_free_Wi-Fi,d4:68:4d:02:69:9d,5500,5GHz,-78,802.11n,FAILED_AT_SCANNING,FAILED_AT_<STATE>,3014,3-5s,ASSOCIATING_ONLY,9,INTERFACE_DISABLED>DISCONNECTED>ASSOCIATING>DISCONNECTED>INTERFACE_DISABLED>DISCONNECTED>INTERFACE_DISABLED>DISCONNECTED>SCANNING
309423,d4a0daff-875b-44ed-b4a8-ee8ebf3bce49,after,2026-09-14 18:19:00,ASUS_I006D,33,SENDAI_free_Wi-Fi,d4:68:4d:00:29:bd,5500,5GHz,-84,802.11n,FAILED_AT_SCANNING,FAILED_AT_<STATE>,3028,3-5s,ASSOCIATING_ONLY,7,ASSOCIATING>DISCONNECTED>INTERFACE_DISABLED>DISCONNECTED>INTERFACE_DISABLED>DISCONNECTED>SCANNING
309461,d4a0daff-875b-44ed-b4a8-ee8ebf3bce49,after,2026-09-14 18:19:00,ASUS_I006D,33,SENDAI_free_Wi-Fi,f0:b0:52:32:6f:5d,5540,5GHz,-91,802.11n,TIMEOUT_AT_COMPLETED,TIMEOUT_AT_<STATE>,529,0-2s,COMPLETED,3,ASSOCIATING>ASSOCIATED>COMPLETED
313776,f797b112-b1e5-4c59-904c-f45650238417,after,2026-09-14 18:19:27,motorola edge 40 neo,34,SENDAI_free_Wi-Fi,d4:68:4d:02:69:9d,5500,5GHz,-83,802.11n,FAILED_AT_DISCONNECTED,FAILED_AT_<STATE>,729,0-2s,ASSOCIATING_ONLY,21,INTERFACE_DISABLED>DISCONNECTED>ASSOCIATING>DISCONNECTED>INTERFACE_DISABLED>DISCONNECTED>INTERFACE_DISABLED>DISCONNECTED>ASSOCIATING>DISCONNECTED>DISCONNECTED>INTERFACE_DISABLED>DISCONNECTED>ASSOCIATING>DISCONNECTED>INTERFACE_DISABLED>DISCONNECTED>INTERFACE_DISABLED>DISCONNECTED>ASSOCIATING>DISCONNECTED
309487,30630a98-03f4-4006-b644-5ecee147579a,after,2026-09-14 18:19:33,ASUS_I006D,33,SENDAI_free_Wi-Fi,d4:68:4d:02:69:9d,5500,5GHz,-82,802.11n,FAILED_AT_SCANNING,FAILED_AT_<STATE>,3024,3-5s,ASSOCIATING_ONLY,7,INTERFACE_DISABLED>DISCONNECTED>ASSOCIATING>DISCONNECTED>INTERFACE_DISABLED>DISCONNECTED>SCANNING
309500,30630a98-03f4-4006-b644-5ecee147579a,after,2026-09-14 18:19:33,ASUS_I006D,33,SENDAI_free_Wi-Fi,d4:68:4d:00:29:bd,5500,5GHz,-85,802.11n,FAILED_AT_SCANNING,FAILED_AT_<STATE>,3024,3-5s,ASSOCIATING_ONLY,5,ASSOCIATING>DISCONNECTED>INTERFACE_DISABLED>DISCONNECTED>SCANNING
313842,3380c3c7-7bfb-45db-afba-1b2aebb8d840,after,2026-09-14 18:20:02,motorola edge 40 neo,34,SENDAI_free_Wi-Fi,d4:68:4d:02:69:9d,5500,5GHz,-85,802.11n,FAILED_AT_DISCONNECTED,FAILED_AT_<STATE>,780,0-2s,ASSOCIATING_ONLY,18,INTERFACE_DISABLED>DISCONNECTED>ASSOCIATING>DISCONNECTED>INTERFACE_DISABLED>DISCONNECTED>INTERFACE_DISABLED>DISCONNECTED>ASSOCIATING>DISCONNECTED>INTERFACE_DISABLED>DISCONNECTED>ASSOCIATING>DISCONNECTED>INTERFACE_DISABLED>DISCONNECTED>ASSOCIATING>DISCONNECTED
309534,e9a24992-dc84-4168-9a6e-2bdd98cdf7ce,after,2026-09-14 18:20:04,ASUS_I006D,33,SENDAI_free_Wi-Fi,d4:68:4d:02:69:9d,5500,5GHz,-75,802.11n,FAILED_AT_SCANNING,FAILED_AT_<STATE>,3020,3-5s,ASSOCIATING_ONLY,7,ASSOCIATING>DISCONNECTED>INTERFACE_DISABLED>DISCONNECTED>INTERFACE_DISABLED>DISCONNECTED>SCANNING
309535,e9a24992-dc84-4168-9a6e-2bdd98cdf7ce,after,2026-09-14 18:20:04,ASUS_I006D,33,SENDAI_free_Wi-Fi,d4:68:4d:00:29:bd,5500,5GHz,-75,802.11n,TIMEOUT_AT_INTERFACE_DISABLED,TIMEOUT_AT_<STATE>,3021,3-5s,ASSOCIATING_ONLY,3,ASSOCIATING>DISCONNECTED>INTERFACE_DISABLED
313905,19f82f5e-bdc0-400c-8c0a-f00a10335610,after,2026-09-14 18:20:35,motorola edge 40 neo,34,SENDAI_free_Wi-Fi,d4:68:4d:00:29:bd,5500,5GHz,-85,802.11n,FAILED_AT_DISCONNECTED,FAILED_AT_<STATE>,871,0-2s,ASSOCIATING_ONLY,22,INTERFACE_DISABLED>DISCONNECTED>ASSOCIATING>DISCONNECTED>INTERFACE_DISABLED>DISCONNECTED>INTERFACE_DISABLED>DISCONNECTED>ASSOCIATING>DISCONNECTED>INTERFACE_DISABLED>DISCONNECTED>INTERFACE_DISABLED>DISCONNECTED>ASSOCIATING>DISCONNECTED>INTERFACE_DISABLED>DISCONNECTED>INTERFACE_DISABLED>DISCONNECTED>ASSOCIATING>DISCONNECTED
313906,19f82f5e-bdc0-400c-8c0a-f00a10335610,after,2026-09-14 18:20:35,motorola edge 40 neo,34,SENDAI_free_Wi-Fi,d4:68:4d:02:69:9d,5500,5GHz,-85,802.11n,TIMEOUT_AT_COMPLETED,TIMEOUT_AT_<STATE>,337,0-2s,COMPLETED,5,INTERFACE_DISABLED>DISCONNECTED>ASSOCIATING>ASSOCIATED>COMPLETED
309613,05d70888-9a7f-41f4-8834-d72477c2efb4,after,2026-09-14 18:20:37,ASUS_I006D,33,SENDAI_free_Wi-Fi,d4:68:4d:02:69:9d,5500,5GHz,-76,802.11n,FAILED_AT_SCANNING,FAILED_AT_<STATE>,3022,3-5s,ASSOCIATING_ONLY,5,ASSOCIATING>DISCONNECTED>INTERFACE_DISABLED>DISCONNECTED>SCANNING
309637,05d70888-9a7f-41f4-8834-d72477c2efb4,after,2026-09-14 18:20:37,ASUS_I006D,33,SENDAI_free_Wi-Fi,d4:68:4d:00:29:bd,5500,5GHz,-81,802.11n,TIMEOUT_AT_COMPLETED,TIMEOUT_AT_<STATE>,2031,0-2s,COMPLETED,3,ASSOCIATING>ASSOCIATED>COMPLETED
313976,0fd1e331-4c34-414c-a629-cf333b5e8f7b,after,2026-09-14 18:21:08,motorola edge 40 neo,34,SENDAI_free_Wi-Fi,d4:68:4d:02:69:9d,5500,5GHz,-88,802.11n,FAILED_AT_DISCONNECTED,FAILED_AT_<STATE>,765,0-2s,ASSOCIATING_ONLY,18,INTERFACE_DISABLED>DISCONNECTED>ASSOCIATING>DISCONNECTED>ASSOCIATING>DISCONNECTED>INTERFACE_DISABLED>DISCONNECTED>INTERFACE_DISABLED>DISCONNECTED>ASSOCIATING>DISCONNECTED>INTERFACE_DISABLED>DISCONNECTED>INTERFACE_DISABLED>DISCONNECTED>ASSOCIATING>DISCONNECTED
313991,0fd1e331-4c34-414c-a629-cf333b5e8f7b,after,2026-09-14 18:21:08,motorola edge 40 neo,34,SENDAI_free_Wi-Fi,d4:68:4d:00:29:bd,5500,5GHz,-90,802.11n,TIMEOUT_AT_COMPLETED,TIMEOUT_AT_<STATE>,292,0-2s,COMPLETED,5,INTERFACE_DISABLED>DISCONNECTED>ASSOCIATING>ASSOCIATED>COMPLETED
309699,3529e6a9-8e84-4ffe-9669-475b8a1853c1,after,2026-09-14 18:21:10,ASUS_I006D,33,SENDAI_free_Wi-Fi,d4:68:4d:02:69:9d,5500,5GHz,-75,802.11n,FAILED_AT_SCANNING,FAILED_AT_<STATE>,3019,3-5s,ASSOCIATING_ONLY,5,ASSOCIATING>DISCONNECTED>INTERFACE_DISABLED>DISCONNECTED>SCANNING
309710,3529e6a9-8e84-4ffe-9669-475b8a1853c1,after,2026-09-14 18:21:10,ASUS_I006D,33,SENDAI_free_Wi-Fi,d4:68:4d:00:29:bd,5500,5GHz,-77,802.11n,TIMEOUT_AT_INTERFACE_DISABLED,TIMEOUT_AT_<STATE>,3031,3-5s,ASSOCIATING_ONLY,3,ASSOCIATING>DISCONNECTED>INTERFACE_DISABLED
309773,f15af100-aa26-4820-b029-7111d69480ae,after,2026-09-14 18:21:35,ASUS_I006D,33,SENDAI_free_Wi-Fi,d4:68:4d:02:69:9d,5500,5GHz,-74,802.11n,TIMEOUT_AT_COMPLETED,TIMEOUT_AT_<STATE>,489,0-2s,COMPLETED,3,ASSOCIATING>ASSOCIATED>COMPLETED
309783,f15af100-aa26-4820-b029-7111d69480ae,after,2026-09-14 18:21:35,ASUS_I006D,33,SENDAI_free_Wi-Fi,d4:68:4d:00:29:bd,5500,5GHz,-78,802.11n,FAILED_AT_SCANNING,FAILED_AT_<STATE>,3021,3-5s,ASSOCIATING_ONLY,7,INTERFACE_DISABLED>DISCONNECTED>ASSOCIATING>DISCONNECTED>INTERFACE_DISABLED>DISCONNECTED>SCANNING
309797,f15af100-aa26-4820-b029-7111d69480ae,after,2026-09-14 18:21:35,ASUS_I006D,33,SENDAI_free_Wi-Fi,f0:b0:52:32:6f:5d,5540,5GHz,-83,802.11n,FAILED_AT_SCANNING,FAILED_AT_<STATE>,3024,3-5s,ASSOCIATING_ONLY,5,ASSOCIATING>DISCONNECTED>INTERFACE_DISABLED>DISCONNECTED>SCANNING
314021,bfc7e5c1-430b-450b-95e5-faa773d63e58,after,2026-09-14 18:21:41,motorola edge 40 neo,34,SENDAI_free_Wi-Fi,d4:68:4d:02:69:9d,5500,5GHz,-83,802.11n,TIMEOUT_AT_INTERFACE_DISABLED,TIMEOUT_AT_<STATE>,861,0-2s,ASSOCIATING_ONLY,23,INTERFACE_DISABLED>DISCONNECTED>ASSOCIATING>DISCONNECTED>INTERFACE_DISABLED>DISCONNECTED>INTERFACE_DISABLED>DISCONNECTED>ASSOCIATING>DISCONNECTED>INTERFACE_DISABLED>DISCONNECTED>INTERFACE_DISABLED>DISCONNECTED>ASSOCIATING>DISCONNECTED>INTERFACE_DISABLED>DISCONNECTED>INTERFACE_DISABLED>DISCONNECTED>ASSOCIATING>DISCONNECTED>INTERFACE_DISABLED
314039,bfc7e5c1-430b-450b-95e5-faa773d63e58,after,2026-09-14 18:21:41,motorola edge 40 neo,34,SENDAI_free_Wi-Fi,d4:68:4d:00:29:bd,5500,5GHz,-88,802.11n,TIMEOUT_AT_COMPLETED,TIMEOUT_AT_<STATE>,645,0-2s,COMPLETED,9,ASSOCIATING>DISCONNECTED>INTERFACE_DISABLED>DISCONNECTED>INTERFACE_DISABLED>DISCONNECTED>ASSOCIATING>ASSOCIATED>COMPLETED
309852,3630f7a1-0035-4c85-9700-3a2843c4bfac,after,2026-09-14 18:22:02,ASUS_I006D,33,SENDAI_free_Wi-Fi,d4:68:4d:00:29:bd,5500,5GHz,-78,802.11n,TIMEOUT_AT_INTERFACE_DISABLED,TIMEOUT_AT_<STATE>,3019,3-5s,ASSOCIATING_ONLY,3,ASSOCIATING>DISCONNECTED>INTERFACE_DISABLED
309856,3630f7a1-0035-4c85-9700-3a2843c4bfac,after,2026-09-14 18:22:02,ASUS_I006D,33,SENDAI_free_Wi-Fi,d4:68:4d:02:69:9d,5500,5GHz,-80,802.11n,FAILED_AT_SCANNING,FAILED_AT_<STATE>,3026,3-5s,ASSOCIATING_ONLY,7,SCANNING>DISCONNECTED>ASSOCIATING>DISCONNECTED>INTERFACE_DISABLED>DISCONNECTED>SCANNING
309868,3630f7a1-0035-4c85-9700-3a2843c4bfac,after,2026-09-14 18:22:02,ASUS_I006D,33,SENDAI_free_Wi-Fi,f0:b0:52:32:6f:5d,5540,5GHz,-85,802.11n,FAILED_AT_DISCONNECTED,FAILED_AT_<STATE>,3026,3-5s,ASSOCIATING_ONLY,2,ASSOCIATING>DISCONNECTED
314083,ca14a44a-6552-431b-a28b-a814ce02af48,after,2026-09-14 18:22:04,motorola edge 40 neo,34,SENDAI_free_Wi-Fi,d4:68:4d:00:29:bd,5500,5GHz,-82,802.11n,FAILED_AT_DISCONNECTED,FAILED_AT_<STATE>,816,0-2s,ASSOCIATING_ONLY,22,INTERFACE_DISABLED>DISCONNECTED>ASSOCIATING>DISCONNECTED>INTERFACE_DISABLED>DISCONNECTED>INTERFACE_DISABLED>DISCONNECTED>ASSOCIATING>DISCONNECTED>INTERFACE_DISABLED>DISCONNECTED>INTERFACE_DISABLED>DISCONNECTED>ASSOCIATING>DISCONNECTED>INTERFACE_DISABLED>DISCONNECTED>INTERFACE_DISABLED>DISCONNECTED>ASSOCIATING>DISCONNECTED
314106,ca14a44a-6552-431b-a28b-a814ce02af48,after,2026-09-14 18:22:04,motorola edge 40 neo,34,SENDAI_free_Wi-Fi,d4:68:4d:02:69:9d,5500,5GHz,-87,802.11n,TIMEOUT_AT_COMPLETED,TIMEOUT_AT_<STATE>,268,0-2s,COMPLETED,5,INTERFACE_DISABLED>DISCONNECTED>ASSOCIATING>ASSOCIATED>COMPLETED
309893,904b6caf-3c75-4325-aefd-56b05db5d284,after,2026-09-14 18:22:29,ASUS_I006D,33,SENDAI_free_Wi-Fi,d4:68:4d:00:29:bd,5500,5GHz,-71,802.11n,FAILED_AT_SCANNING,FAILED_AT_<STATE>,3018,3-5s,ASSOCIATING_ONLY,5,ASSOCIATING>DISCONNECTED>INTERFACE_DISABLED>DISCONNECTED>SCANNING
309897,904b6caf-3c75-4325-aefd-56b05db5d284,after,2026-09-14 18:22:29,ASUS_I006D,33,SENDAI_free_Wi-Fi,d4:68:4d:02:69:9d,5500,5GHz,-75,802.11n,FAILED_AT_SCANNING,FAILED_AT_<STATE>,3025,3-5s,ASSOCIATING_ONLY,7,ASSOCIATING>DISCONNECTED>INTERFACE_DISABLED>DISCONNECTED>INTERFACE_DISABLED>DISCONNECTED>SCANNING
309963,81281b3d-7c5b-430c-8848-dab57a069b21,after,2026-09-14 18:22:50,ASUS_I006D,33,SENDAI_free_Wi-Fi,d4:68:4d:02:69:9d,5500,5GHz,-70,802.11n,TIMEOUT_AT_ASSOCIATING,TIMEOUT_AT_<STATE>,3026,3-5s,ASSOCIATING_ONLY,1,ASSOCIATING
309979,81281b3d-7c5b-430c-8848-dab57a069b21,after,2026-09-14 18:22:50,ASUS_I006D,33,SENDAI_free_Wi-Fi,f0:b0:52:f2:6f:58,2437,2.4GHz,-78,802.11n,NOT_FOUND,NOT_FOUND,3014,3-5s,NONE,0,
309986,81281b3d-7c5b-430c-8848-dab57a069b21,after,2026-09-14 18:22:50,ASUS_I006D,33,SENDAI_free_Wi-Fi,f0:b0:52:32:6f:5d,5540,5GHz,-81,802.11n,TIMEOUT_AT_COMPLETED,TIMEOUT_AT_<STATE>,1053,0-2s,COMPLETED,5,INTERFACE_DISABLED>DISCONNECTED>ASSOCIATING>ASSOCIATED>COMPLETED
314135,168bb3a5-75aa-405b-9c5a-9f21ab4b83b8,after,2026-09-14 18:23:04,motorola edge 40 neo,34,SENDAI_free_Wi-Fi,f0:b0:52:f2:6f:58,2437,2.4GHz,-70,802.11n,NOT_FOUND,NOT_FOUND,3008,3-5s,NONE,0,
314145,168bb3a5-75aa-405b-9c5a-9f21ab4b83b8,after,2026-09-14 18:23:04,motorola edge 40 neo,34,SENDAI_free_Wi-Fi,d4:68:4d:00:29:bd,5500,5GHz,-81,802.11n,TIMEOUT_AT_ASSOCIATING,TIMEOUT_AT_<STATE>,2268,0-2s,ASSOCIATING_ONLY,19,INTERFACE_DISABLED>DISCONNECTED>ASSOCIATING>DISCONNECTED>DISCONNECTED>INTERFACE_DISABLED>DISCONNECTED>ASSOCIATING>DISCONNECTED>DISCONNECTED>INTERFACE_DISABLED>DISCONNECTED>ASSOCIATING>DISCONNECTED>INTERFACE_DISABLED>DISCONNECTED>INTERFACE_DISABLED>DISCONNECTED>ASSOCIATING
314153,168bb3a5-75aa-405b-9c5a-9f21ab4b83b8,after,2026-09-14 18:23:04,motorola edge 40 neo,34,SENDAI_free_Wi-Fi,d4:68:4d:02:69:9d,5500,5GHz,-82,802.11n,TIMEOUT_AT_INTERFACE_DISABLED,TIMEOUT_AT_<STATE>,731,0-2s,ASSOCIATING_ONLY,23,INTERFACE_DISABLED>DISCONNECTED>ASSOCIATING>DISCONNECTED>INTERFACE_DISABLED>DISCONNECTED>INTERFACE_DISABLED>DISCONNECTED>ASSOCIATING>DISCONNECTED>INTERFACE_DISABLED>DISCONNECTED>INTERFACE_DISABLED>DISCONNECTED>ASSOCIATING>DISCONNECTED>INTERFACE_DISABLED>DISCONNECTED>INTERFACE_DISABLED>DISCONNECTED>ASSOCIATING>DISCONNECTED>INTERFACE_DISABLED
310035,f6713fe0-7266-4122-b679-c59416cdac5f,after,2026-09-14 18:23:13,ASUS_I006D,33,SENDAI_free_Wi-Fi,d4:68:4d:02:69:9d,5500,5GHz,-63,802.11n,TIMEOUT_AT_COMPLETED,TIMEOUT_AT_<STATE>,1155,0-2s,COMPLETED,5,INTERFACE_DISABLED>DISCONNECTED>ASSOCIATING>ASSOCIATED>COMPLETED
310044,f6713fe0-7266-4122-b679-c59416cdac5f,after,2026-09-14 18:23:13,ASUS_I006D,33,SENDAI_free_Wi-Fi,d4:68:4d:00:29:bd,5500,5GHz,-69,802.11n,FAILED_AT_DISCONNECTED,FAILED_AT_<STATE>,3016,3-5s,ASSOCIATING_ONLY,4,INTERFACE_DISABLED>DISCONNECTED>ASSOCIATING>DISCONNECTED
310100,f6713fe0-7266-4122-b679-c59416cdac5f,after,2026-09-14 18:23:13,ASUS_I006D,33,SENDAI_free_Wi-Fi,f0:b0:52:32:6f:5d,5540,5GHz,-90,802.11n,FAILED_AT_SCANNING,FAILED_AT_<STATE>,3022,3-5s,ASSOCIATING_ONLY,7,SCANNING>DISCONNECTED>ASSOCIATING>DISCONNECTED>INTERFACE_DISABLED>DISCONNECTED>SCANNING
314217,0b72895e-affc-4f76-8117-68b35a9827e6,after,2026-09-14 18:23:19,motorola edge 40 neo,34,SENDAI_free_Wi-Fi,d4:68:4d:00:29:bd,5500,5GHz,-89,802.11n,FAILED_AT_DISCONNECTED,FAILED_AT_<STATE>,808,0-2s,ASSOCIATING_ONLY,21,INTERFACE_DISABLED>DISCONNECTED>ASSOCIATING>DISCONNECTED>INTERFACE_DISABLED>DISCONNECTED>INTERFACE_DISABLED>DISCONNECTED>ASSOCIATING>INTERFACE_DISABLED>DISCONNECTED>INTERFACE_DISABLED>DISCONNECTED>ASSOCIATING>DISCONNECTED>INTERFACE_DISABLED>DISCONNECTED>INTERFACE_DISABLED>DISCONNECTED>ASSOCIATING>DISCONNECTED
314239,c654c7b5-c725-4b51-a562-5061bf795af0,after,2026-09-14 18:23:42,motorola edge 40 neo,34,SENDAI_free_Wi-Fi,d4:68:4d:02:69:9d,5500,5GHz,-70,802.11n,TIMEOUT_AT_COMPLETED,TIMEOUT_AT_<STATE>,263,0-2s,COMPLETED,5,INTERFACE_DISABLED>DISCONNECTED>ASSOCIATING>ASSOCIATED>COMPLETED
314253,c654c7b5-c725-4b51-a562-5061bf795af0,after,2026-09-14 18:23:42,motorola edge 40 neo,34,SENDAI_free_Wi-Fi,d4:68:4d:00:29:bd,5500,5GHz,-79,802.11n,FAILED_AT_DISCONNECTED,FAILED_AT_<STATE>,796,0-2s,ASSOCIATING_ONLY,20,INTERFACE_DISABLED>DISCONNECTED>ASSOCIATING>DISCONNECTED>INTERFACE_DISABLED>DISCONNECTED>INTERFACE_DISABLED>DISCONNECTED>ASSOCIATING>DISCONNECTED>INTERFACE_DISABLED>DISCONNECTED>INTERFACE_DISABLED>DISCONNECTED>ASSOCIATING>DISCONNECTED>INTERFACE_DISABLED>DISCONNECTED>ASSOCIATING>DISCONNECTED
310105,3c70315a-a375-4da7-94b4-14b2233d95d6,after,2026-09-14 18:23:43,ASUS_I006D,33,SENDAI_free_Wi-Fi,d4:68:4d:02:69:9d,5500,5GHz,-63,802.11n,TIMEOUT_AT_COMPLETED,TIMEOUT_AT_<STATE>,534,0-2s,COMPLETED,3,ASSOCIATING>ASSOCIATED>COMPLETED
310113,3c70315a-a375-4da7-94b4-14b2233d95d6,after,2026-09-14 18:23:43,ASUS_I006D,33,SENDAI_free_Wi-Fi,d4:68:4d:c2:69:98,2412,2.4GHz,-69,802.11n,TIMEOUT_AT_COMPLETED,TIMEOUT_AT_<STATE>,1769,0-2s,COMPLETED,5,INTERFACE_DISABLED>DISCONNECTED>ASSOCIATING>ASSOCIATED>COMPLETED
310170,ce9f546d-f827-4da9-af4c-45e9cb69418a,after,2026-09-14 18:24:07,ASUS_I006D,33,SENDAI_free_Wi-Fi,d4:68:4d:02:69:9d,5500,5GHz,-66,802.11n,TIMEOUT_AT_COMPLETED,TIMEOUT_AT_<STATE>,1034,0-2s,COMPLETED,5,INTERFACE_DISABLED>DISCONNECTED>ASSOCIATING>ASSOCIATED>COMPLETED
310191,ce9f546d-f827-4da9-af4c-45e9cb69418a,after,2026-09-14 18:24:07,ASUS_I006D,33,SENDAI_free_Wi-Fi,d4:68:4d:00:29:bd,5500,5GHz,-78,802.11n,FAILED_AT_SCANNING,FAILED_AT_<STATE>,3015,3-5s,ASSOCIATING_ONLY,9,INTERFACE_DISABLED>DISCONNECTED>ASSOCIATING>DISCONNECTED>INTERFACE_DISABLED>DISCONNECTED>INTERFACE_DISABLED>DISCONNECTED>SCANNING
314281,44e0b779-a784-4ae4-a9ef-10c2d1dc1120,after,2026-09-14 18:24:19,motorola edge 40 neo,34,SENDAI_free_Wi-Fi,d4:68:4d:c2:69:98,2412,2.4GHz,-64,802.11n,TIMEOUT_AT_COMPLETED,TIMEOUT_AT_<STATE>,943,0-2s,COMPLETED,5,INTERFACE_DISABLED>DISCONNECTED>ASSOCIATING>ASSOCIATED>COMPLETED
314288,44e0b779-a784-4ae4-a9ef-10c2d1dc1120,after,2026-09-14 18:24:19,motorola edge 40 neo,34,SENDAI_free_Wi-Fi,d4:68:4d:02:69:9d,5500,5GHz,-68,802.11n,TIMEOUT_AT_COMPLETED,TIMEOUT_AT_<STATE>,226,0-2s,COMPLETED,3,ASSOCIATING>ASSOCIATED>COMPLETED
314322,44e0b779-a784-4ae4-a9ef-10c2d1dc1120,after,2026-09-14 18:24:19,motorola edge 40 neo,34,SENDAI_free_Wi-Fi,d4:68:4d:00:29:bd,5500,5GHz,-86,802.11n,FAILED_AT_DISCONNECTED,FAILED_AT_<STATE>,768,0-2s,ASSOCIATING_ONLY,17,INTERFACE_DISABLED>DISCONNECTED>ASSOCIATING>DISCONNECTED>DISCONNECTED>ASSOCIATING>DISCONNECTED>INTERFACE_DISABLED>DISCONNECTED>ASSOCIATING>DISCONNECTED>INTERFACE_DISABLED>DISCONNECTED>INTERFACE_DISABLED>DISCONNECTED>ASSOCIATING>DISCONNECTED
314342,6ad17f3f-0a33-4e31-8a90-146a8b354446,after,2026-09-14 18:24:39,motorola edge 40 neo,34,SENDAI_free_Wi-Fi,d4:68:4d:c2:69:98,2412,2.4GHz,-66,802.11n,TIMEOUT_AT_COMPLETED,TIMEOUT_AT_<STATE>,800,0-2s,COMPLETED,5,INTERFACE_DISABLED>DISCONNECTED>ASSOCIATING>ASSOCIATED>COMPLETED
314356,6ad17f3f-0a33-4e31-8a90-146a8b354446,after,2026-09-14 18:24:39,motorola edge 40 neo,34,SENDAI_free_Wi-Fi,d4:68:4d:02:69:9d,5500,5GHz,-72,802.11n,TIMEOUT_AT_COMPLETED,TIMEOUT_AT_<STATE>,246,0-2s,COMPLETED,4,DISCONNECTED>ASSOCIATING>ASSOCIATED>COMPLETED
314386,6ad17f3f-0a33-4e31-8a90-146a8b354446,after,2026-09-14 18:24:39,motorola edge 40 neo,34,SENDAI_free_Wi-Fi,d4:68:4d:00:29:bd,5500,5GHz,-88,802.11n,FAILED_AT_DISCONNECTED,FAILED_AT_<STATE>,787,0-2s,ASSOCIATING_ONLY,20,INTERFACE_DISABLED>DISCONNECTED>ASSOCIATING>DISCONNECTED>INTERFACE_DISABLED>DISCONNECTED>ASSOCIATING>DISCONNECTED>INTERFACE_DISABLED>DISCONNECTED>INTERFACE_DISABLED>DISCONNECTED>ASSOCIATING>DISCONNECTED>INTERFACE_DISABLED>DISCONNECTED>INTERFACE_DISABLED>DISCONNECTED>ASSOCIATING>DISCONNECTED
310251,f0cf656e-fde2-4d35-ba5d-50ece0715927,after,2026-09-15 12:23:33,ASUS_I006D,33,TOHOKU_United_Free_Wi-Fi,d4:68:4d:c2:69:9c,5500,5GHz,-65,802.11n,TIMEOUT_AT_COMPLETED,TIMEOUT_AT_<STATE>,2001,0-2s,COMPLETED,5,INTERFACE_DISABLED>DISCONNECTED>ASSOCIATING>ASSOCIATED>COMPLETED
310254,f0cf656e-fde2-4d35-ba5d-50ece0715927,after,2026-09-15 12:23:33,ASUS_I006D,33,Wi2eap,d4:68:4d:82:69:9c,5500,5GHz,-66,802.11n,NOT_FOUND,NOT_FOUND,3022,3-5s,NONE,0,
310255,f0cf656e-fde2-4d35-ba5d-50ece0715927,after,2026-09-15 12:23:33,ASUS_I006D,33,SENDAI_free_Wi-Fi,d4:68:4d:02:69:9d,5500,5GHz,-66,802.11n,TIMEOUT_AT_COMPLETED,TIMEOUT_AT_<STATE>,1209,0-2s,COMPLETED,5,INTERFACE_DISABLED>DISCONNECTED>ASSOCIATING>ASSOCIATED>COMPLETED
310258,f0cf656e-fde2-4d35-ba5d-50ece0715927,after,2026-09-15 12:23:33,ASUS_I006D,33,SENDAI_free_Wi-Fi,d4:68:4d:c2:69:98,2462,2.4GHz,-71,802.11n,TIMEOUT_AT_COMPLETED,TIMEOUT_AT_<STATE>,1114,0-2s,COMPLETED,5,INTERFACE_DISABLED>DISCONNECTED>ASSOCIATING>ASSOCIATED>COMPLETED
310274,f0cf656e-fde2-4d35-ba5d-50ece0715927,after,2026-09-15 12:23:33,ASUS_I006D,33,TOHOKU_United_Free_Wi-Fi,d4:68:4d:c0:29:bc,5500,5GHz,-79,802.11n,NOT_FOUND,NOT_FOUND,3021,3-5s,NONE,0,
310322,f0cf656e-fde2-4d35-ba5d-50ece0715927,after,2026-09-15 12:23:33,ASUS_I006D,33,Wi2eap,c4:10:8a:9f:79:8c,5580,5GHz,-87,802.11n,NOT_FOUND,NOT_FOUND,3028,3-5s,NONE,0,
314404,7cd8fec9-cb2a-4de3-b2a1-33e3dad84eed,after,2026-09-15 12:24:09,motorola edge 40 neo,34,TOHOKU_United_Free_Wi-Fi,d4:68:4d:82:69:98,2462,2.4GHz,-67,802.11n,TIMEOUT_AT_ASSOCIATED,TIMEOUT_AT_<STATE>,3005,3-5s,ASSOCIATED_ONLY,4,INTERFACE_DISABLED>DISCONNECTED>ASSOCIATING>ASSOCIATED
314405,7cd8fec9-cb2a-4de3-b2a1-33e3dad84eed,after,2026-09-15 12:24:09,motorola edge 40 neo,34,SENDAI_free_Wi-Fi,d4:68:4d:c2:69:98,2462,2.4GHz,-68,802.11n,TIMEOUT_AT_COMPLETED,TIMEOUT_AT_<STATE>,194,0-2s,COMPLETED,5,INTERFACE_DISABLED>DISCONNECTED>ASSOCIATING>ASSOCIATED>COMPLETED
314413,7cd8fec9-cb2a-4de3-b2a1-33e3dad84eed,after,2026-09-15 12:24:09,motorola edge 40 neo,34,0000softbank,02:09:b4:71:22:08,5520,5GHz,-71,802.11ac,TIMEOUT_AT_FOUR_WAY_HANDSHAKE,TIMEOUT_AT_<STATE>,3007,3-5s,ASSOCIATED_ONLY,3,ASSOCIATING>ASSOCIATED>FOUR_WAY_HANDSHAKE
314420,7cd8fec9-cb2a-4de3-b2a1-33e3dad84eed,after,2026-09-15 12:24:09,motorola edge 40 neo,34,SENDAI_free_Wi-Fi,d4:68:4d:02:69:9d,5500,5GHz,-72,802.11n,TIMEOUT_AT_COMPLETED,TIMEOUT_AT_<STATE>,513,0-2s,COMPLETED,11,INTERFACE_DISABLED>DISCONNECTED>ASSOCIATING>DISCONNECTED>INTERFACE_DISABLED>DISCONNECTED>INTERFACE_DISABLED>DISCONNECTED>ASSOCIATING>ASSOCIATED>COMPLETED
314424,7cd8fec9-cb2a-4de3-b2a1-33e3dad84eed,after,2026-09-15 12:24:09,motorola edge 40 neo,34,TOHOKU_United_Free_Wi-Fi,d4:68:4d:c2:69:9c,5500,5GHz,-73,802.11n,NOT_FOUND,NOT_FOUND,3010,3-5s,NONE,0,
314452,7cd8fec9-cb2a-4de3-b2a1-33e3dad84eed,after,2026-09-15 12:24:09,motorola edge 40 neo,34,TOHOKU_United_Free_Wi-Fi,d4:68:4d:c0:29:bc,5500,5GHz,-86,802.11n,FAILED_AT_DISCONNECTED,FAILED_AT_<STATE>,1713,0-2s,ASSOCIATING_ONLY,22,INTERFACE_DISABLED>DISCONNECTED>ASSOCIATING>DISCONNECTED>INTERFACE_DISABLED>DISCONNECTED>INTERFACE_DISABLED>DISCONNECTED>ASSOCIATING>DISCONNECTED>INTERFACE_DISABLED>DISCONNECTED>INTERFACE_DISABLED>DISCONNECTED>ASSOCIATING>DISCONNECTED>INTERFACE_DISABLED>DISCONNECTED>INTERFACE_DISABLED>DISCONNECTED>ASSOCIATING>DISCONNECTED
314458,7cd8fec9-cb2a-4de3-b2a1-33e3dad84eed,after,2026-09-15 12:24:09,motorola edge 40 neo,34,0000softbank,30:f7:72:f9:55:c9,5620,5GHz,-88,802.11ac,NOT_FOUND,NOT_FOUND,3013,3-5s,NONE,0,
310334,569c1575-24b7-495a-b0a8-631012d5c6ab,after,2026-09-15 12:24:59,ASUS_I006D,33,Wi2eap,d4:68:4d:82:69:9c,5500,5GHz,-60,802.11n,NOT_FOUND,NOT_FOUND,3011,3-5s,NONE,0,
310336,569c1575-24b7-495a-b0a8-631012d5c6ab,after,2026-09-15 12:24:59,ASUS_I006D,33,SENDAI_free_Wi-Fi,d4:68:4d:02:69:9d,5500,5GHz,-60,802.11n,TIMEOUT_AT_COMPLETED,TIMEOUT_AT_<STATE>,1339,0-2s,COMPLETED,5,INTERFACE_DISABLED>DISCONNECTED>ASSOCIATING>ASSOCIATED>COMPLETED
310338,569c1575-24b7-495a-b0a8-631012d5c6ab,after,2026-09-15 12:24:59,ASUS_I006D,33,TOHOKU_United_Free_Wi-Fi,d4:68:4d:c2:69:9c,5500,5GHz,-60,802.11n,TIMEOUT_AT_COMPLETED,TIMEOUT_AT_<STATE>,1333,0-2s,COMPLETED,5,INTERFACE_DISABLED>DISCONNECTED>ASSOCIATING>ASSOCIATED>COMPLETED
310339,569c1575-24b7-495a-b0a8-631012d5c6ab,after,2026-09-15 12:24:59,ASUS_I006D,33,TOHOKU_United_Free_Wi-Fi,d4:68:4d:82:69:98,2462,2.4GHz,-66,802.11n,NOT_FOUND,NOT_FOUND,3019,3-5s,NONE,0,
310340,569c1575-24b7-495a-b0a8-631012d5c6ab,after,2026-09-15 12:24:59,ASUS_I006D,33,SENDAI_free_Wi-Fi,d4:68:4d:c2:69:98,2462,2.4GHz,-67,802.11n,TIMEOUT_AT_COMPLETED,TIMEOUT_AT_<STATE>,2579,0-2s,COMPLETED,5,INTERFACE_DISABLED>DISCONNECTED>ASSOCIATING>ASSOCIATED>COMPLETED
310353,569c1575-24b7-495a-b0a8-631012d5c6ab,after,2026-09-15 12:24:59,ASUS_I006D,33,Wi2eap,d4:68:4d:80:29:bc,5500,5GHz,-78,802.11n,NOT_FOUND,NOT_FOUND,3023,3-5s,NONE,0,
310355,569c1575-24b7-495a-b0a8-631012d5c6ab,after,2026-09-15 12:24:59,ASUS_I006D,33,SENDAI_free_Wi-Fi,d4:68:4d:00:29:bd,5500,5GHz,-78,802.11n,TIMEOUT_AT_COMPLETED,TIMEOUT_AT_<STATE>,1142,0-2s,COMPLETED,5,INTERFACE_DISABLED>DISCONNECTED>ASSOCIATING>ASSOCIATED>COMPLETED
310356,569c1575-24b7-495a-b0a8-631012d5c6ab,after,2026-09-15 12:24:59,ASUS_I006D,33,TOHOKU_United_Free_Wi-Fi,d4:68:4d:c0:29:bc,5500,5GHz,-79,802.11n,FAILED_AT_DISCONNECTED,FAILED_AT_<STATE>,3013,3-5s,NONE,2,INTERFACE_DISABLED>DISCONNECTED
310365,569c1575-24b7-495a-b0a8-631012d5c6ab,after,2026-09-15 12:24:59,ASUS_I006D,33,Wi2eap,c4:10:8a:9f:79:8c,5580,5GHz,-82,802.11n,NOT_FOUND,NOT_FOUND,3027,3-5s,NONE,0,
314484,eb814241-e477-4b86-b90b-9b1960bb4a97,after,2026-09-15 12:25:36,motorola edge 40 neo,34,TOHOKU_United_Free_Wi-Fi,d4:68:4d:82:69:98,2462,2.4GHz,-66,802.11n,TIMEOUT_AT_COMPLETED,TIMEOUT_AT_<STATE>,530,0-2s,COMPLETED,5,INTERFACE_DISABLED>DISCONNECTED>ASSOCIATING>ASSOCIATED>COMPLETED
314487,eb814241-e477-4b86-b90b-9b1960bb4a97,after,2026-09-15 12:25:36,motorola edge 40 neo,34,SENDAI_free_Wi-Fi,d4:68:4d:c2:69:98,2462,2.4GHz,-67,802.11n,TIMEOUT_AT_COMPLETED,TIMEOUT_AT_<STATE>,287,0-2s,COMPLETED,5,INTERFACE_DISABLED>DISCONNECTED>ASSOCIATING>ASSOCIATED>COMPLETED
314494,eb814241-e477-4b86-b90b-9b1960bb4a97,after,2026-09-15 12:25:36,motorola edge 40 neo,34,TOHOKU_United_Free_Wi-Fi,d4:68:4d:c2:69:9c,5500,5GHz,-72,802.11n,TIMEOUT_AT_COMPLETED,TIMEOUT_AT_<STATE>,1255,0-2s,COMPLETED,3,ASSOCIATING>ASSOCIATED>COMPLETED
314497,eb814241-e477-4b86-b90b-9b1960bb4a97,after,2026-09-15 12:25:36,motorola edge 40 neo,34,SENDAI_free_Wi-Fi,d4:68:4d:02:69:9d,5500,5GHz,-72,802.11n,TIMEOUT_AT_COMPLETED,TIMEOUT_AT_<STATE>,2987,0-2s,COMPLETED,5,INTERFACE_DISABLED>DISCONNECTED>ASSOCIATING>ASSOCIATED>COMPLETED
314502,eb814241-e477-4b86-b90b-9b1960bb4a97,after,2026-09-15 12:25:36,motorola edge 40 neo,34,0000softbank,02:09:b4:71:22:08,5520,5GHz,-76,802.11ac,NOT_FOUND,NOT_FOUND,3012,3-5s,NONE,0,
310404,09c1a516-25da-4ea1-b2c9-851aea8e7f5d,after,2026-09-15 12:25:44,ASUS_I006D,33,TOHOKU_United_Free_Wi-Fi,d4:68:4d:c2:69:9c,5500,5GHz,-62,802.11n,FAILED_AT_SCANNING,FAILED_AT_<STATE>,3010,3-5s,ASSOCIATING_ONLY,5,ASSOCIATING>DISCONNECTED>INTERFACE_DISABLED>DISCONNECTED>SCANNING
310405,09c1a516-25da-4ea1-b2c9-851aea8e7f5d,after,2026-09-15 12:25:44,ASUS_I006D,33,Wi2eap,d4:68:4d:82:69:9c,5500,5GHz,-63,802.11n,FAILED_AT_DISCONNECTED,FAILED_AT_<STATE>,3028,3-5s,NONE,1,DISCONNECTED
310406,09c1a516-25da-4ea1-b2c9-851aea8e7f5d,after,2026-09-15 12:25:44,ASUS_I006D,33,SENDAI_free_Wi-Fi,d4:68:4d:02:69:9d,5500,5GHz,-63,802.11n,TIMEOUT_AT_COMPLETED,TIMEOUT_AT_<STATE>,1219,0-2s,COMPLETED,5,INTERFACE_DISABLED>DISCONNECTED>ASSOCIATING>ASSOCIATED>COMPLETED
310423,09c1a516-25da-4ea1-b2c9-851aea8e7f5d,after,2026-09-15 12:25:44,ASUS_I006D,33,TOHOKU_United_Free_Wi-Fi,d4:68:4d:c0:29:bc,5500,5GHz,-78,802.11n,TIMEOUT_AT_COMPLETED,TIMEOUT_AT_<STATE>,1201,0-2s,COMPLETED,5,INTERFACE_DISABLED>DISCONNECTED>ASSOCIATING>ASSOCIATED>COMPLETED
310425,09c1a516-25da-4ea1-b2c9-851aea8e7f5d,after,2026-09-15 12:25:44,ASUS_I006D,33,Wi2eap,d4:68:4d:80:29:bc,5500,5GHz,-78,802.11n,NOT_FOUND,NOT_FOUND,3022,3-5s,NONE,0,
310445,09c1a516-25da-4ea1-b2c9-851aea8e7f5d,after,2026-09-15 12:25:44,ASUS_I006D,33,Wi2eap,60:d0:2c:33:40:0d,5540,5GHz,-85,802.11ac,NOT_FOUND,NOT_FOUND,3020,3-5s,NONE,0,
310446,09c1a516-25da-4ea1-b2c9-851aea8e7f5d,after,2026-09-15 12:25:44,ASUS_I006D,33,TOHOKU_United_Free_Wi-Fi,60:d0:2c:73:40:0d,5540,5GHz,-85,802.11ac,NOT_FOUND,NOT_FOUND,3015,3-5s,NONE,0,
310453,09c1a516-25da-4ea1-b2c9-851aea8e7f5d,after,2026-09-15 12:25:44,ASUS_I006D,33,Wi2eap,c4:10:8a:9f:79:8c,5580,5GHz,-87,802.11n,NOT_FOUND,NOT_FOUND,3024,3-5s,NONE,0,
310467,09c1a516-25da-4ea1-b2c9-851aea8e7f5d,after,2026-09-15 12:25:44,ASUS_I006D,33,Wi2eap,f0:b0:52:b2:6f:5c,5540,5GHz,-91,802.11n,NOT_FOUND,NOT_FOUND,3028,3-5s,NONE,0,
310470,09c1a516-25da-4ea1-b2c9-851aea8e7f5d,after,2026-09-15 12:25:44,ASUS_I006D,33,SENDAI_free_Wi-Fi,f0:b0:52:32:6f:5d,5540,5GHz,-92,802.11n,FAILED_AT_SCANNING,FAILED_AT_<STATE>,3013,3-5s,ASSOCIATING_ONLY,7,INTERFACE_DISABLED>DISCONNECTED>ASSOCIATING>DISCONNECTED>INTERFACE_DISABLED>DISCONNECTED>SCANNING
314540,06b79230-a6cb-459d-8215-a54abf97e32e,after,2026-09-15 12:25:55,motorola edge 40 neo,34,TOHOKU_United_Free_Wi-Fi,d4:68:4d:c2:69:9c,5500,5GHz,-70,802.11n,TIMEOUT_AT_COMPLETED,TIMEOUT_AT_<STATE>,255,0-2s,COMPLETED,5,INTERFACE_DISABLED>DISCONNECTED>ASSOCIATING>ASSOCIATED>COMPLETED
314545,06b79230-a6cb-459d-8215-a54abf97e32e,after,2026-09-15 12:25:55,motorola edge 40 neo,34,SENDAI_free_Wi-Fi,d4:68:4d:02:69:9d,5500,5GHz,-71,802.11n,TIMEOUT_AT_COMPLETED,TIMEOUT_AT_<STATE>,316,0-2s,COMPLETED,5,INTERFACE_DISABLED>DISCONNECTED>ASSOCIATING>ASSOCIATED>COMPLETED
314559,06b79230-a6cb-459d-8215-a54abf97e32e,after,2026-09-15 12:25:55,motorola edge 40 neo,34,SENDAI_free_Wi-Fi,d4:68:4d:00:29:bd,5500,5GHz,-83,802.11n,TIMEOUT_AT_COMPLETED,TIMEOUT_AT_<STATE>,257,0-2s,COMPLETED,3,ASSOCIATING>ASSOCIATED>COMPLETED
314560,06b79230-a6cb-459d-8215-a54abf97e32e,after,2026-09-15 12:25:55,motorola edge 40 neo,34,TOHOKU_United_Free_Wi-Fi,d4:68:4d:c0:29:bc,5500,5GHz,-84,802.11n,TIMEOUT_AT_COMPLETED,TIMEOUT_AT_<STATE>,317,0-2s,COMPLETED,5,INTERFACE_DISABLED>DISCONNECTED>ASSOCIATING>ASSOCIATED>COMPLETED
314577,06b79230-a6cb-459d-8215-a54abf97e32e,after,2026-09-15 12:25:55,motorola edge 40 neo,34,TOHOKU_United_Free_Wi-Fi,60:d0:2c:73:40:0d,5540,5GHz,-90,802.11ac,TIMEOUT_AT_COMPLETED,TIMEOUT_AT_<STATE>,1427,0-2s,COMPLETED,3,ASSOCIATING>ASSOCIATED>COMPLETED
310472,164ed6d0-5c98-436e-88d0-48d92be61990,after,2026-09-15 12:26:12,ASUS_I006D,33,Wi2eap,d4:68:4d:82:69:9c,5500,5GHz,-69,802.11n,NOT_FOUND,NOT_FOUND,3031,3-5s,NONE,0,
310473,164ed6d0-5c98-436e-88d0-48d92be61990,after,2026-09-15 12:26:12,ASUS_I006D,33,SENDAI_free_Wi-Fi,d4:68:4d:02:69:9d,5500,5GHz,-69,802.11n,TIMEOUT_AT_COMPLETED,TIMEOUT_AT_<STATE>,508,0-2s,COMPLETED,3,ASSOCIATING>ASSOCIATED>COMPLETED
310477,164ed6d0-5c98-436e-88d0-48d92be61990,after,2026-09-15 12:26:12,ASUS_I006D,33,TOHOKU_United_Free_Wi-Fi,d4:68:4d:c2:69:9c,5500,5GHz,-70,802.11n,TIMEOUT_AT_COMPLETED,TIMEOUT_AT_<STATE>,1513,0-2s,COMPLETED,5,INTERFACE_DISABLED>DISCONNECTED>ASSOCIATING>ASSOCIATED>COMPLETED
310485,164ed6d0-5c98-436e-88d0-48d92be61990,after,2026-09-15 12:26:12,ASUS_I006D,33,TOHOKU_United_Free_Wi-Fi,d4:68:4d:c0:29:bc,5500,5GHz,-73,802.11n,TIMEOUT_AT_COMPLETED,TIMEOUT_AT_<STATE>,2075,0-2s,COMPLETED,5,INTERFACE_DISABLED>DISCONNECTED>ASSOCIATING>ASSOCIATED>COMPLETED
310492,164ed6d0-5c98-436e-88d0-48d92be61990,after,2026-09-15 12:26:12,ASUS_I006D,33,SENDAI_free_Wi-Fi,d4:68:4d:00:29:bd,5500,5GHz,-74,802.11n,TIMEOUT_AT_COMPLETED,TIMEOUT_AT_<STATE>,1148,0-2s,COMPLETED,5,INTERFACE_DISABLED>DISCONNECTED>ASSOCIATING>ASSOCIATED>COMPLETED
310495,164ed6d0-5c98-436e-88d0-48d92be61990,after,2026-09-15 12:26:12,ASUS_I006D,33,Wi2eap,d4:68:4d:80:29:bc,5500,5GHz,-75,802.11n,NOT_FOUND,NOT_FOUND,3027,3-5s,NONE,0,
314604,23506dcf-eaf0-4d51-a736-4f6d64a7853a,after,2026-09-15 12:26:37,motorola edge 40 neo,34,SENDAI_free_Wi-Fi,d4:68:4d:02:69:9d,5500,5GHz,-75,802.11n,TIMEOUT_AT_COMPLETED,TIMEOUT_AT_<STATE>,648,0-2s,COMPLETED,5,INTERFACE_DISABLED>DISCONNECTED>ASSOCIATING>ASSOCIATED>COMPLETED
314606,23506dcf-eaf0-4d51-a736-4f6d64a7853a,after,2026-09-15 12:26:37,motorola edge 40 neo,34,TOHOKU_United_Free_Wi-Fi,d4:68:4d:c2:69:9c,5500,5GHz,-75,802.11n,TIMEOUT_AT_COMPLETED,TIMEOUT_AT_<STATE>,398,0-2s,COMPLETED,5,INTERFACE_DISABLED>DISCONNECTED>ASSOCIATING>ASSOCIATED>COMPLETED
314612,23506dcf-eaf0-4d51-a736-4f6d64a7853a,after,2026-09-15 12:26:37,motorola edge 40 neo,34,SENDAI_free_Wi-Fi,d4:68:4d:00:29:bd,5500,5GHz,-81,802.11n,TIMEOUT_AT_COMPLETED,TIMEOUT_AT_<STATE>,281,0-2s,COMPLETED,5,INTERFACE_DISABLED>DISCONNECTED>ASSOCIATING>ASSOCIATED>COMPLETED
314614,23506dcf-eaf0-4d51-a736-4f6d64a7853a,after,2026-09-15 12:26:37,motorola edge 40 neo,34,TOHOKU_United_Free_Wi-Fi,d4:68:4d:c0:29:bc,5500,5GHz,-81,802.11n,TIMEOUT_AT_COMPLETED,TIMEOUT_AT_<STATE>,332,0-2s,COMPLETED,5,INTERFACE_DISABLED>DISCONNECTED>ASSOCIATING>ASSOCIATED>COMPLETED
310541,698217d1-01a3-4760-b55b-3cc34d7fa201,after,2026-09-15 12:27:00,ASUS_I006D,33,SENDAI_free_Wi-Fi,d4:68:4d:02:69:9d,5500,5GHz,-66,802.11n,TIMEOUT_AT_COMPLETED,TIMEOUT_AT_<STATE>,1273,0-2s,COMPLETED,5,INTERFACE_DISABLED>DISCONNECTED>ASSOCIATING>ASSOCIATED>COMPLETED
310543,698217d1-01a3-4760-b55b-3cc34d7fa201,after,2026-09-15 12:27:00,ASUS_I006D,33,Wi2eap,d4:68:4d:82:69:9c,5500,5GHz,-67,802.11n,NOT_FOUND,NOT_FOUND,3023,3-5s,NONE,0,
310544,698217d1-01a3-4760-b55b-3cc34d7fa201,after,2026-09-15 12:27:00,ASUS_I006D,33,TOHOKU_United_Free_Wi-Fi,d4:68:4d:c2:69:9c,5500,5GHz,-67,802.11n,TIMEOUT_AT_COMPLETED,TIMEOUT_AT_<STATE>,993,0-2s,COMPLETED,5,INTERFACE_DISABLED>DISCONNECTED>ASSOCIATING>ASSOCIATED>COMPLETED
310545,698217d1-01a3-4760-b55b-3cc34d7fa201,after,2026-09-15 12:27:00,ASUS_I006D,33,TOHOKU_United_Free_Wi-Fi,d4:68:4d:82:69:98,2462,2.4GHz,-68,802.11n,TIMEOUT_AT_ASSOCIATING,TIMEOUT_AT_<STATE>,3010,3-5s,ASSOCIATING_ONLY,3,INTERFACE_DISABLED>DISCONNECTED>ASSOCIATING
310546,698217d1-01a3-4760-b55b-3cc34d7fa201,after,2026-09-15 12:27:00,ASUS_I006D,33,SENDAI_free_Wi-Fi,d4:68:4d:c2:69:98,2462,2.4GHz,-69,802.11n,TIMEOUT_AT_ASSOCIATING,TIMEOUT_AT_<STATE>,3017,3-5s,ASSOCIATING_ONLY,6,DISCONNECTED>INTERFACE_DISABLED>DISCONNECTED>INTERFACE_DISABLED>DISCONNECTED>ASSOCIATING
310549,698217d1-01a3-4760-b55b-3cc34d7fa201,after,2026-09-15 12:27:00,ASUS_I006D,33,Wi2eap,d4:68:4d:80:29:bc,5500,5GHz,-71,802.11n,NOT_FOUND,NOT_FOUND,3027,3-5s,NONE,0,
310550,698217d1-01a3-4760-b55b-3cc34d7fa201,after,2026-09-15 12:27:00,ASUS_I006D,33,SENDAI_free_Wi-Fi,d4:68:4d:c0:29:b8,2412,2.4GHz,-71,802.11n,TIMEOUT_AT_COMPLETED,TIMEOUT_AT_<STATE>,1140,0-2s,COMPLETED,5,INTERFACE_DISABLED>DISCONNECTED>ASSOCIATING>ASSOCIATED>COMPLETED
310552,698217d1-01a3-4760-b55b-3cc34d7fa201,after,2026-09-15 12:27:00,ASUS_I006D,33,TOHOKU_United_Free_Wi-Fi,d4:68:4d:c0:29:bc,5500,5GHz,-72,802.11n,TIMEOUT_AT_COMPLETED,TIMEOUT_AT_<STATE>,1455,0-2s,COMPLETED,5,INTERFACE_DISABLED>DISCONNECTED>ASSOCIATING>ASSOCIATED>COMPLETED
310555,698217d1-01a3-4760-b55b-3cc34d7fa201,after,2026-09-15 12:27:00,ASUS_I006D,33,SENDAI_free_Wi-Fi,d4:68:4d:00:29:bd,5500,5GHz,-72,802.11n,TIMEOUT_AT_COMPLETED,TIMEOUT_AT_<STATE>,1422,0-2s,COMPLETED,5,INTERFACE_DISABLED>DISCONNECTED>ASSOCIATING>ASSOCIATED>COMPLETED
310594,698217d1-01a3-4760-b55b-3cc34d7fa201,after,2026-09-15 12:27:00,ASUS_I006D,33,Wi2eap,60:d0:2c:32:e4:ed,5500,5GHz,-87,802.11ac,NOT_FOUND,NOT_FOUND,3026,3-5s,NONE,0,
310602,698217d1-01a3-4760-b55b-3cc34d7fa201,after,2026-09-15 12:27:00,ASUS_I006D,33,Wi2eap,f0:b0:52:b2:6f:5c,5540,5GHz,-88,802.11n,NOT_FOUND,NOT_FOUND,3030,3-5s,NONE,0,
310608,698217d1-01a3-4760-b55b-3cc34d7fa201,after,2026-09-15 12:27:00,ASUS_I006D,33,Wi2eap,c4:10:8a:9f:79:8c,5580,5GHz,-91,802.11n,NOT_FOUND,NOT_FOUND,3029,3-5s,NONE,0,
314644,69bc020d-223d-44f4-8eb0-d772c991d83c,after,2026-09-15 12:27:07,motorola edge 40 neo,34,SENDAI_free_Wi-Fi,d4:68:4d:02:69:9d,5500,5GHz,-76,802.11n,TIMEOUT_AT_COMPLETED,TIMEOUT_AT_<STATE>,332,0-2s,COMPLETED,5,INTERFACE_DISABLED>DISCONNECTED>ASSOCIATING>ASSOCIATED>COMPLETED
314645,69bc020d-223d-44f4-8eb0-d772c991d83c,after,2026-09-15 12:27:07,motorola edge 40 neo,34,TOHOKU_United_Free_Wi-Fi,d4:68:4d:c2:69:9c,5500,5GHz,-76,802.11n,TIMEOUT_AT_COMPLETED,TIMEOUT_AT_<STATE>,284,0-2s,COMPLETED,5,INTERFACE_DISABLED>DISCONNECTED>ASSOCIATING>ASSOCIATED>COMPLETED
314647,69bc020d-223d-44f4-8eb0-d772c991d83c,after,2026-09-15 12:27:07,motorola edge 40 neo,34,SENDAI_free_Wi-Fi,d4:68:4d:00:29:bd,5500,5GHz,-78,802.11n,FAILED_AT_DISCONNECTED,FAILED_AT_<STATE>,796,0-2s,ASSOCIATING_ONLY,20,INTERFACE_DISABLED>DISCONNECTED>ASSOCIATING>DISCONNECTED>DISCONNECTED>INTERFACE_DISABLED>DISCONNECTED>ASSOCIATING>DISCONNECTED>INTERFACE_DISABLED>DISCONNECTED>INTERFACE_DISABLED>DISCONNECTED>ASSOCIATING>DISCONNECTED>DISCONNECTED>INTERFACE_DISABLED>DISCONNECTED>ASSOCIATING>DISCONNECTED
314648,69bc020d-223d-44f4-8eb0-d772c991d83c,after,2026-09-15 12:27:07,motorola edge 40 neo,34,TOHOKU_United_Free_Wi-Fi,d4:68:4d:c0:29:bc,5500,5GHz,-79,802.11n,TIMEOUT_AT_INTERFACE_DISABLED,TIMEOUT_AT_<STATE>,874,0-2s,ASSOCIATING_ONLY,23,INTERFACE_DISABLED>DISCONNECTED>ASSOCIATING>DISCONNECTED>INTERFACE_DISABLED>DISCONNECTED>INTERFACE_DISABLED>DISCONNECTED>ASSOCIATING>DISCONNECTED>INTERFACE_DISABLED>DISCONNECTED>INTERFACE_DISABLED>DISCONNECTED>ASSOCIATING>DISCONNECTED>INTERFACE_DISABLED>DISCONNECTED>INTERFACE_DISABLED>DISCONNECTED>ASSOCIATING>DISCONNECTED>INTERFACE_DISABLED
310612,89f083f4-fe58-4b75-b0e5-b4a39f2b19cc,after,2026-09-15 12:27:49,ASUS_I006D,33,TOHOKU_United_Free_Wi-Fi,d4:68:4d:c0:29:bc,5500,5GHz,-64,802.11n,TIMEOUT_AT_COMPLETED,TIMEOUT_AT_<STATE>,1181,0-2s,COMPLETED,3,ASSOCIATING>ASSOCIATED>COMPLETED
310613,89f083f4-fe58-4b75-b0e5-b4a39f2b19cc,after,2026-09-15 12:27:49,ASUS_I006D,33,Wi2eap,d4:68:4d:80:29:bc,5500,5GHz,-64,802.11n,NOT_FOUND,NOT_FOUND,3023,3-5s,NONE,0,
310614,89f083f4-fe58-4b75-b0e5-b4a39f2b19cc,after,2026-09-15 12:27:49,ASUS_I006D,33,SENDAI_free_Wi-Fi,d4:68:4d:00:29:bd,5500,5GHz,-64,802.11n,TIMEOUT_AT_COMPLETED,TIMEOUT_AT_<STATE>,1144,0-2s,COMPLETED,5,INTERFACE_DISABLED>DISCONNECTED>ASSOCIATING>ASSOCIATED>COMPLETED
310616,89f083f4-fe58-4b75-b0e5-b4a39f2b19cc,after,2026-09-15 12:27:49,ASUS_I006D,33,Wi2eap,d4:68:4d:82:69:9c,5500,5GHz,-66,802.11n,NOT_FOUND,NOT_FOUND,3029,3-5s,NONE,0,
310618,89f083f4-fe58-4b75-b0e5-b4a39f2b19cc,after,2026-09-15 12:27:49,ASUS_I006D,33,SENDAI_free_Wi-Fi,d4:68:4d:02:69:9d,5500,5GHz,-66,802.11n,TIMEOUT_AT_ASSOCIATING,TIMEOUT_AT_<STATE>,3024,3-5s,ASSOCIATING_ONLY,3,INTERFACE_DISABLED>DISCONNECTED>ASSOCIATING
310621,89f083f4-fe58-4b75-b0e5-b4a39f2b19cc,after,2026-09-15 12:27:49,ASUS_I006D,33,TOHOKU_United_Free_Wi-Fi,d4:68:4d:c2:69:9c,5500,5GHz,-66,802.11n,TIMEOUT_AT_ASSOCIATING,TIMEOUT_AT_<STATE>,3022,3-5s,ASSOCIATING_ONLY,3,INTERFACE_DISABLED>DISCONNECTED>ASSOCIATING
310622,89f083f4-fe58-4b75-b0e5-b4a39f2b19cc,after,2026-09-15 12:27:49,ASUS_I006D,33,TOHOKU_United_Free_Wi-Fi,d4:68:4d:82:69:98,2462,2.4GHz,-66,802.11n,TIMEOUT_AT_COMPLETED,TIMEOUT_AT_<STATE>,687,0-2s,COMPLETED,3,ASSOCIATING>ASSOCIATED>COMPLETED
310624,89f083f4-fe58-4b75-b0e5-b4a39f2b19cc,after,2026-09-15 12:27:49,ASUS_I006D,33,TOHOKU_United_Free_Wi-Fi,d4:68:4d:80:29:b8,2412,2.4GHz,-67,802.11n,FAILED_AT_DISCONNECTED,FAILED_AT_<STATE>,3016,3-5s,NONE,3,DISCONNECTED>INTERFACE_DISABLED>DISCONNECTED
310626,89f083f4-fe58-4b75-b0e5-b4a39f2b19cc,after,2026-09-15 12:27:49,ASUS_I006D,33,SENDAI_free_Wi-Fi,d4:68:4d:c2:69:98,2462,2.4GHz,-67,802.11n,TIMEOUT_AT_COMPLETED,TIMEOUT_AT_<STATE>,1017,0-2s,COMPLETED,5,INTERFACE_DISABLED>DISCONNECTED>ASSOCIATING>ASSOCIATED>COMPLETED
310627,89f083f4-fe58-4b75-b0e5-b4a39f2b19cc,after,2026-09-15 12:27:49,ASUS_I006D,33,SENDAI_free_Wi-Fi,d4:68:4d:c0:29:b8,2412,2.4GHz,-67,802.11n,TIMEOUT_AT_COMPLETED,TIMEOUT_AT_<STATE>,1422,0-2s,COMPLETED,5,INTERFACE_DISABLED>DISCONNECTED>ASSOCIATING>ASSOCIATED>COMPLETED
310668,89f083f4-fe58-4b75-b0e5-b4a39f2b19cc,after,2026-09-15 12:27:49,ASUS_I006D,33,TOHOKU_United_Free_Wi-Fi,60:d0:2c:72:e4:ed,5500,5GHz,-83,802.11ac,FAILED_AT_DISCONNECTED,FAILED_AT_<STATE>,3011,3-5s,NONE,5,DISCONNECTED>INTERFACE_DISABLED>DISCONNECTED>INTERFACE_DISABLED>DISCONNECTED
310671,89f083f4-fe58-4b75-b0e5-b4a39f2b19cc,after,2026-09-15 12:27:49,ASUS_I006D,33,Wi2eap,60:d0:2c:32:e4:ed,5500,5GHz,-83,802.11ac,NOT_FOUND,NOT_FOUND,3025,3-5s,NONE,0,
314683,d3e87202-f0ec-4c31-9416-8e89024a2008,after,2026-09-15 12:28:00,motorola edge 40 neo,34,TOHOKU_United_Free_Wi-Fi,d4:68:4d:82:69:98,2462,2.4GHz,-66,802.11n,TIMEOUT_AT_COMPLETED,TIMEOUT_AT_<STATE>,584,0-2s,COMPLETED,5,INTERFACE_DISABLED>DISCONNECTED>ASSOCIATING>ASSOCIATED>COMPLETED
314684,d3e87202-f0ec-4c31-9416-8e89024a2008,after,2026-09-15 12:28:00,motorola edge 40 neo,34,SENDAI_free_Wi-Fi,d4:68:4d:c2:69:98,2462,2.4GHz,-66,802.11n,TIMEOUT_AT_COMPLETED,TIMEOUT_AT_<STATE>,342,0-2s,COMPLETED,5,INTERFACE_DISABLED>DISCONNECTED>ASSOCIATING>ASSOCIATED>COMPLETED
314695,d3e87202-f0ec-4c31-9416-8e89024a2008,after,2026-09-15 12:28:00,motorola edge 40 neo,34,SENDAI_free_Wi-Fi,d4:68:4d:00:29:bd,5500,5GHz,-72,802.11n,TIMEOUT_AT_COMPLETED,TIMEOUT_AT_<STATE>,1186,0-2s,COMPLETED,5,INTERFACE_DISABLED>DISCONNECTED>ASSOCIATING>ASSOCIATED>COMPLETED
314696,d3e87202-f0ec-4c31-9416-8e89024a2008,after,2026-09-15 12:28:00,motorola edge 40 neo,34,TOHOKU_United_Free_Wi-Fi,d4:68:4d:c0:29:bc,5500,5GHz,-73,802.11n,TIMEOUT_AT_COMPLETED,TIMEOUT_AT_<STATE>,278,0-2s,COMPLETED,5,INTERFACE_DISABLED>DISCONNECTED>ASSOCIATING>ASSOCIATED>COMPLETED
314706,d3e87202-f0ec-4c31-9416-8e89024a2008,after,2026-09-15 12:28:00,motorola edge 40 neo,34,TOHOKU_United_Free_Wi-Fi,d4:68:4d:c2:69:9c,5500,5GHz,-76,802.11n,TIMEOUT_AT_COMPLETED,TIMEOUT_AT_<STATE>,335,0-2s,COMPLETED,5,INTERFACE_DISABLED>DISCONNECTED>ASSOCIATING>ASSOCIATED>COMPLETED
314710,d3e87202-f0ec-4c31-9416-8e89024a2008,after,2026-09-15 12:28:00,motorola edge 40 neo,34,SENDAI_free_Wi-Fi,d4:68:4d:02:69:9d,5500,5GHz,-76,802.11n,TIMEOUT_AT_COMPLETED,TIMEOUT_AT_<STATE>,264,0-2s,COMPLETED,3,ASSOCIATING>ASSOCIATED>COMPLETED
310724,e1925cd1-e0b2-4326-bc5c-4db6de10e92f,after,2026-09-15 12:28:27,ASUS_I006D,33,SENDAI_free_Wi-Fi,d4:68:4d:c0:29:b8,2412,2.4GHz,-64,802.11n,TIMEOUT_AT_COMPLETED,TIMEOUT_AT_<STATE>,1097,0-2s,COMPLETED,5,INTERFACE_DISABLED>DISCONNECTED>ASSOCIATING>ASSOCIATED>COMPLETED
310726,e1925cd1-e0b2-4326-bc5c-4db6de10e92f,after,2026-09-15 12:28:27,ASUS_I006D,33,TOHOKU_United_Free_Wi-Fi,d4:68:4d:c0:29:bc,5500,5GHz,-65,802.11n,FAILED_AT_DISCONNECTED,FAILED_AT_<STATE>,3020,3-5s,ASSOCIATING_ONLY,5,DISCONNECTED>INTERFACE_DISABLED>DISCONNECTED>ASSOCIATING>DISCONNECTED
310727,e1925cd1-e0b2-4326-bc5c-4db6de10e92f,after,2026-09-15 12:28:27,ASUS_I006D,33,TOHOKU_United_Free_Wi-Fi,d4:68:4d:80:29:b8,2412,2.4GHz,-65,802.11n,FAILED_AT_SCANNING,FAILED_AT_<STATE>,3021,3-5s,ASSOCIATING_ONLY,9,INTERFACE_DISABLED>DISCONNECTED>SCANNING>DISCONNECTED>ASSOCIATING>DISCONNECTED>INTERFACE_DISABLED>DISCONNECTED>SCANNING
310729,e1925cd1-e0b2-4326-bc5c-4db6de10e92f,after,2026-09-15 12:28:27,ASUS_I006D,33,Wi2eap,d4:68:4d:80:29:bc,5500,5GHz,-65,802.11n,NOT_FOUND,NOT_FOUND,3029,3-5s,NONE,0,
310731,e1925cd1-e0b2-4326-bc5c-4db6de10e92f,after,2026-09-15 12:28:27,ASUS_I006D,33,SENDAI_free_Wi-Fi,d4:68:4d:00:29:bd,5500,5GHz,-65,802.11n,FAILED_AT_SCANNING,FAILED_AT_<STATE>,3028,3-5s,ASSOCIATING_ONLY,9,INTERFACE_DISABLED>DISCONNECTED>ASSOCIATING>DISCONNECTED>INTERFACE_DISABLED>DISCONNECTED>INTERFACE_DISABLED>DISCONNECTED>SCANNING
310735,e1925cd1-e0b2-4326-bc5c-4db6de10e92f,after,2026-09-15 12:28:27,ASUS_I006D,33,SENDAI_free_Wi-Fi,d4:68:4d:c2:69:98,2462,2.4GHz,-67,802.11n,TIMEOUT_AT_COMPLETED,TIMEOUT_AT_<STATE>,736,0-2s,COMPLETED,3,ASSOCIATING>ASSOCIATED>COMPLETED
310741,e1925cd1-e0b2-4326-bc5c-4db6de10e92f,after,2026-09-15 12:28:27,ASUS_I006D,33,SENDAI_free_Wi-Fi,d4:68:4d:02:69:9d,5500,5GHz,-69,802.11n,TIMEOUT_AT_COMPLETED,TIMEOUT_AT_<STATE>,1360,0-2s,COMPLETED,6,DISCONNECTED>INTERFACE_DISABLED>DISCONNECTED>ASSOCIATING>ASSOCIATED>COMPLETED
310747,e1925cd1-e0b2-4326-bc5c-4db6de10e92f,after,2026-09-15 12:28:27,ASUS_I006D,33,TOHOKU_United_Free_Wi-Fi,d4:68:4d:c2:69:9c,5500,5GHz,-70,802.11n,TIMEOUT_AT_COMPLETED,TIMEOUT_AT_<STATE>,2494,0-2s,COMPLETED,5,INTERFACE_DISABLED>DISCONNECTED>ASSOCIATING>ASSOCIATED>COMPLETED
310748,e1925cd1-e0b2-4326-bc5c-4db6de10e92f,after,2026-09-15 12:28:27,ASUS_I006D,33,TOHOKU_United_Free_Wi-Fi,d4:68:4d:82:69:98,2462,2.4GHz,-70,802.11n,TIMEOUT_AT_ASSOCIATING,TIMEOUT_AT_<STATE>,3028,3-5s,ASSOCIATING_ONLY,3,INTERFACE_DISABLED>DISCONNECTED>ASSOCIATING
310750,e1925cd1-e0b2-4326-bc5c-4db6de10e92f,after,2026-09-15 12:28:27,ASUS_I006D,33,Wi2eap,d4:68:4d:82:69:9c,5500,5GHz,-71,802.11n,NOT_FOUND,NOT_FOUND,3030,3-5s,NONE,0,
310774,e1925cd1-e0b2-4326-bc5c-4db6de10e92f,after,2026-09-15 12:28:27,ASUS_I006D,33,TOHOKU_United_Free_Wi-Fi,60:d0:2c:72:e4:ed,5500,5GHz,-83,802.11ac,TIMEOUT_AT_ASSOCIATING,TIMEOUT_AT_<STATE>,3017,3-5s,ASSOCIATING_ONLY,1,ASSOCIATING
310778,e1925cd1-e0b2-4326-bc5c-4db6de10e92f,after,2026-09-15 12:28:27,ASUS_I006D,33,Wi2eap,60:d0:2c:32:e4:ed,5500,5GHz,-83,802.11ac,FAILED_AT_DISCONNECTED,FAILED_AT_<STATE>,3030,3-5s,NONE,3,DISCONNECTED>INTERFACE_DISABLED>DISCONNECTED
314780,359b7e2c-f503-43fe-ab21-a18fe15039fb,after,2026-09-15 12:28:38,motorola edge 40 neo,34,TOHOKU_United_Free_Wi-Fi,d4:68:4d:80:29:b8,2412,2.4GHz,-66,802.11n,TIMEOUT_AT_COMPLETED,TIMEOUT_AT_<STATE>,1643,0-2s,COMPLETED,3,ASSOCIATING>ASSOCIATED>COMPLETED
314784,359b7e2c-f503-43fe-ab21-a18fe15039fb,after,2026-09-15 12:28:38,motorola edge 40 neo,34,SENDAI_free_Wi-Fi,d4:68:4d:c0:29:b8,2412,2.4GHz,-67,802.11n,TIMEOUT_AT_COMPLETED,TIMEOUT_AT_<STATE>,1519,0-2s,COMPLETED,3,ASSOCIATING>ASSOCIATED>COMPLETED
314789,359b7e2c-f503-43fe-ab21-a18fe15039fb,after,2026-09-15 12:28:38,motorola edge 40 neo,34,TOHOKU_United_Free_Wi-Fi,d4:68:4d:82:69:98,2462,2.4GHz,-68,802.11n,TIMEOUT_AT_COMPLETED,TIMEOUT_AT_<STATE>,601,0-2s,COMPLETED,5,INTERFACE_DISABLED>DISCONNECTED>ASSOCIATING>ASSOCIATED>COMPLETED
314791,359b7e2c-f503-43fe-ab21-a18fe15039fb,after,2026-09-15 12:28:38,motorola edge 40 neo,34,SENDAI_free_Wi-Fi,d4:68:4d:c2:69:98,2462,2.4GHz,-68,802.11n,TIMEOUT_AT_COMPLETED,TIMEOUT_AT_<STATE>,1066,0-2s,COMPLETED,5,INTERFACE_DISABLED>DISCONNECTED>ASSOCIATING>ASSOCIATED>COMPLETED
314793,359b7e2c-f503-43fe-ab21-a18fe15039fb,after,2026-09-15 12:28:38,motorola edge 40 neo,34,TOHOKU_United_Free_Wi-Fi,d4:68:4d:c0:29:bc,5500,5GHz,-69,802.11n,TIMEOUT_AT_COMPLETED,TIMEOUT_AT_<STATE>,2275,0-2s,COMPLETED,5,INTERFACE_DISABLED>DISCONNECTED>ASSOCIATING>ASSOCIATED>COMPLETED
314795,359b7e2c-f503-43fe-ab21-a18fe15039fb,after,2026-09-15 12:28:38,motorola edge 40 neo,34,SENDAI_free_Wi-Fi,d4:68:4d:00:29:bd,5500,5GHz,-69,802.11n,TIMEOUT_AT_COMPLETED,TIMEOUT_AT_<STATE>,341,0-2s,COMPLETED,5,INTERFACE_DISABLED>DISCONNECTED>ASSOCIATING>ASSOCIATED>COMPLETED
314802,359b7e2c-f503-43fe-ab21-a18fe15039fb,after,2026-09-15 12:28:38,motorola edge 40 neo,34,TOHOKU_United_Free_Wi-Fi,d4:68:4d:c2:69:9c,5500,5GHz,-72,802.11n,TIMEOUT_AT_COMPLETED,TIMEOUT_AT_<STATE>,295,0-2s,COMPLETED,5,INTERFACE_DISABLED>DISCONNECTED>ASSOCIATING>ASSOCIATED>COMPLETED
314805,359b7e2c-f503-43fe-ab21-a18fe15039fb,after,2026-09-15 12:28:38,motorola edge 40 neo,34,SENDAI_free_Wi-Fi,d4:68:4d:02:69:9d,5500,5GHz,-72,802.11n,TIMEOUT_AT_COMPLETED,TIMEOUT_AT_<STATE>,267,0-2s,COMPLETED,5,INTERFACE_DISABLED>DISCONNECTED>ASSOCIATING>ASSOCIATED>COMPLETED
310817,502a2ca6-e6af-4041-b1d4-c8467208de35,after,2026-09-15 12:28:51,ASUS_I006D,33,TOHOKU_United_Free_Wi-Fi,d4:68:4d:80:29:b8,2412,2.4GHz,-67,802.11n,TIMEOUT_AT_COMPLETED,TIMEOUT_AT_<STATE>,1479,0-2s,COMPLETED,5,INTERFACE_DISABLED>DISCONNECTED>ASSOCIATING>ASSOCIATED>COMPLETED
310821,502a2ca6-e6af-4041-b1d4-c8467208de35,after,2026-09-15 12:28:51,ASUS_I006D,33,SENDAI_free_Wi-Fi,d4:68:4d:c0:29:b8,2412,2.4GHz,-68,802.11n,TIMEOUT_AT_ASSOCIATING,TIMEOUT_AT_<STATE>,3025,3-5s,ASSOCIATING_ONLY,6,DISCONNECTED>INTERFACE_DISABLED>DISCONNECTED>INTERFACE_DISABLED>DISCONNECTED>ASSOCIATING
310822,502a2ca6-e6af-4041-b1d4-c8467208de35,after,2026-09-15 12:28:51,ASUS_I006D,33,TOHOKU_United_Free_Wi-Fi,d4:68:4d:c0:29:bc,5500,5GHz,-70,802.11n,TIMEOUT_AT_COMPLETED,TIMEOUT_AT_<STATE>,1573,0-2s,COMPLETED,6,DISCONNECTED>INTERFACE_DISABLED>DISCONNECTED>ASSOCIATING>ASSOCIATED>COMPLETED
310824,502a2ca6-e6af-4041-b1d4-c8467208de35,after,2026-09-15 12:28:51,ASUS_I006D,33,Wi2eap,d4:68:4d:82:69:9c,5500,5GHz,-71,802.11n,NOT_FOUND,NOT_FOUND,3031,3-5s,NONE,0,
310826,502a2ca6-e6af-4041-b1d4-c8467208de35,after,2026-09-15 12:28:51,ASUS_I006D,33,SENDAI_free_Wi-Fi,d4:68:4d:02:69:9d,5500,5GHz,-71,802.11n,TIMEOUT_AT_COMPLETED,TIMEOUT_AT_<STATE>,1366,0-2s,COMPLETED,5,INTERFACE_DISABLED>DISCONNECTED>ASSOCIATING>ASSOCIATED>COMPLETED
310829,502a2ca6-e6af-4041-b1d4-c8467208de35,after,2026-09-15 12:28:51,ASUS_I006D,33,TOHOKU_United_Free_Wi-Fi,d4:68:4d:c2:69:9c,5500,5GHz,-71,802.11n,TIMEOUT_AT_COMPLETED,TIMEOUT_AT_<STATE>,1102,0-2s,COMPLETED,5,INTERFACE_DISABLED>DISCONNECTED>ASSOCIATING>ASSOCIATED>COMPLETED
310831,502a2ca6-e6af-4041-b1d4-c8467208de35,after,2026-09-15 12:28:51,ASUS_I006D,33,Wi2eap,d4:68:4d:80:29:bc,5500,5GHz,-71,802.11n,NOT_FOUND,NOT_FOUND,3024,3-5s,NONE,0,
310834,502a2ca6-e6af-4041-b1d4-c8467208de35,after,2026-09-15 12:28:51,ASUS_I006D,33,SENDAI_free_Wi-Fi,d4:68:4d:00:29:bd,5500,5GHz,-71,802.11n,TIMEOUT_AT_COMPLETED,TIMEOUT_AT_<STATE>,1148,0-2s,COMPLETED,5,INTERFACE_DISABLED>DISCONNECTED>ASSOCIATING>ASSOCIATED>COMPLETED
314849,58e7700a-eaac-4c52-b38a-e6e603551093,after,2026-09-15 12:28:59,motorola edge 40 neo,34,SENDAI_free_Wi-Fi,d4:68:4d:00:29:bd,5500,5GHz,-66,802.11n,TIMEOUT_AT_COMPLETED,TIMEOUT_AT_<STATE>,237,0-2s,COMPLETED,5,INTERFACE_DISABLED>DISCONNECTED>ASSOCIATING>ASSOCIATED>COMPLETED
314850,58e7700a-eaac-4c52-b38a-e6e603551093,after,2026-09-15 12:28:59,motorola edge 40 neo,34,TOHOKU_United_Free_Wi-Fi,d4:68:4d:c0:29:bc,5500,5GHz,-67,802.11n,TIMEOUT_AT_COMPLETED,TIMEOUT_AT_<STATE>,263,0-2s,COMPLETED,3,ASSOCIATING>ASSOCIATED>COMPLETED
314856,58e7700a-eaac-4c52-b38a-e6e603551093,after,2026-09-15 12:28:59,motorola edge 40 neo,34,TOHOKU_United_Free_Wi-Fi,d4:68:4d:c2:69:9c,5500,5GHz,-71,802.11n,TIMEOUT_AT_COMPLETED,TIMEOUT_AT_<STATE>,275,0-2s,COMPLETED,5,INTERFACE_DISABLED>DISCONNECTED>ASSOCIATING>ASSOCIATED>COMPLETED
314861,58e7700a-eaac-4c52-b38a-e6e603551093,after,2026-09-15 12:28:59,motorola edge 40 neo,34,SENDAI_free_Wi-Fi,d4:68:4d:02:69:9d,5500,5GHz,-71,802.11n,FAILED_AT_DISCONNECTED,FAILED_AT_<STATE>,870,0-2s,ASSOCIATING_ONLY,18,INTERFACE_DISABLED>DISCONNECTED>ASSOCIATING>DISCONNECTED>INTERFACE_DISABLED>DISCONNECTED>ASSOCIATING>DISCONNECTED>INTERFACE_DISABLED>DISCONNECTED>INTERFACE_DISABLED>DISCONNECTED>ASSOCIATING>DISCONNECTED>INTERFACE_DISABLED>DISCONNECTED>ASSOCIATING>DISCONNECTED
314935,96297ab3-adae-4c74-bd70-31ea3bea1e37,after,2026-09-15 12:29:14,motorola edge 40 neo,34,TOHOKU_United_Free_Wi-Fi,d4:68:4d:c0:29:bc,5500,5GHz,-69,802.11n,TIMEOUT_AT_COMPLETED,TIMEOUT_AT_<STATE>,271,0-2s,COMPLETED,5,INTERFACE_DISABLED>DISCONNECTED>ASSOCIATING>ASSOCIATED>COMPLETED
314939,96297ab3-adae-4c74-bd70-31ea3bea1e37,after,2026-09-15 12:29:14,motorola edge 40 neo,34,SENDAI_free_Wi-Fi,d4:68:4d:00:29:bd,5500,5GHz,-69,802.11n,TIMEOUT_AT_COMPLETED,TIMEOUT_AT_<STATE>,311,0-2s,COMPLETED,5,INTERFACE_DISABLED>DISCONNECTED>ASSOCIATING>ASSOCIATED>COMPLETED
314949,96297ab3-adae-4c74-bd70-31ea3bea1e37,after,2026-09-15 12:29:14,motorola edge 40 neo,34,SENDAI_free_Wi-Fi,d4:68:4d:c2:69:98,2462,2.4GHz,-73,802.11n,TIMEOUT_AT_COMPLETED,TIMEOUT_AT_<STATE>,613,0-2s,COMPLETED,5,INTERFACE_DISABLED>DISCONNECTED>ASSOCIATING>ASSOCIATED>COMPLETED
314953,96297ab3-adae-4c74-bd70-31ea3bea1e37,after,2026-09-15 12:29:14,motorola edge 40 neo,34,TOHOKU_United_Free_Wi-Fi,d4:68:4d:c2:69:9c,5500,5GHz,-74,802.11n,TIMEOUT_AT_COMPLETED,TIMEOUT_AT_<STATE>,282,0-2s,COMPLETED,5,INTERFACE_DISABLED>DISCONNECTED>ASSOCIATING>ASSOCIATED>COMPLETED
314954,96297ab3-adae-4c74-bd70-31ea3bea1e37,after,2026-09-15 12:29:14,motorola edge 40 neo,34,TOHOKU_United_Free_Wi-Fi,d4:68:4d:82:69:98,2462,2.4GHz,-74,802.11n,TIMEOUT_AT_COMPLETED,TIMEOUT_AT_<STATE>,393,0-2s,COMPLETED,3,ASSOCIATING>ASSOCIATED>COMPLETED
314956,96297ab3-adae-4c74-bd70-31ea3bea1e37,after,2026-09-15 12:29:14,motorola edge 40 neo,34,SENDAI_free_Wi-Fi,d4:68:4d:02:69:9d,5500,5GHz,-74,802.11n,TIMEOUT_AT_COMPLETED,TIMEOUT_AT_<STATE>,2399,0-2s,COMPLETED,5,INTERFACE_DISABLED>DISCONNECTED>ASSOCIATING>ASSOCIATED>COMPLETED
310910,b5f3513c-87dd-482a-aeb6-be6ddf87f7aa,after,2026-09-15 12:29:39,ASUS_I006D,33,SENDAI_free_Wi-Fi,d4:68:4d:00:29:bd,5500,5GHz,-63,802.11n,TIMEOUT_AT_ASSOCIATING,TIMEOUT_AT_<STATE>,3021,3-5s,ASSOCIATING_ONLY,3,INTERFACE_DISABLED>DISCONNECTED>ASSOCIATING
310911,b5f3513c-87dd-482a-aeb6-be6ddf87f7aa,after,2026-09-15 12:29:39,ASUS_I006D,33,TOHOKU_United_Free_Wi-Fi,d4:68:4d:c0:29:bc,5500,5GHz,-64,802.11n,TIMEOUT_AT_ASSOCIATING,TIMEOUT_AT_<STATE>,3023,3-5s,ASSOCIATING_ONLY,6,DISCONNECTED>INTERFACE_DISABLED>DISCONNECTED>INTERFACE_DISABLED>DISCONNECTED>ASSOCIATING
310912,b5f3513c-87dd-482a-aeb6-be6ddf87f7aa,after,2026-09-15 12:29:39,ASUS_I006D,33,Wi2eap,d4:68:4d:80:29:bc,5500,5GHz,-64,802.11n,FAILED_AT_DISCONNECTED,FAILED_AT_<STATE>,3033,3-5s,NONE,1,DISCONNECTED
310913,b5f3513c-87dd-482a-aeb6-be6ddf87f7aa,after,2026-09-15 12:29:39,ASUS_I006D,33,TOHOKU_United_Free_Wi-Fi,d4:68:4d:80:29:b8,2412,2.4GHz,-65,802.11n,TIMEOUT_AT_COMPLETED,TIMEOUT_AT_<STATE>,1301,0-2s,COMPLETED,5,INTERFACE_DISABLED>DISCONNECTED>ASSOCIATING>ASSOCIATED>COMPLETED
310916,b5f3513c-87dd-482a-aeb6-be6ddf87f7aa,after,2026-09-15 12:29:39,ASUS_I006D,33,TOHOKU_United_Free_Wi-Fi,d4:68:4d:82:69:98,2462,2.4GHz,-67,802.11n,TIMEOUT_AT_ASSOCIATING,TIMEOUT_AT_<STATE>,3027,3-5s,ASSOCIATING_ONLY,6,DISCONNECTED>INTERFACE_DISABLED>DISCONNECTED>INTERFACE_DISABLED>DISCONNECTED>ASSOCIATING
310921,b5f3513c-87dd-482a-aeb6-be6ddf87f7aa,after,2026-09-15 12:29:39,ASUS_I006D,33,SENDAI_free_Wi-Fi,d4:68:4d:c0:29:b8,2412,2.4GHz,-69,802.11n,TIMEOUT_AT_COMPLETED,TIMEOUT_AT_<STATE>,1832,0-2s,COMPLETED,5,INTERFACE_DISABLED>DISCONNECTED>ASSOCIATING>ASSOCIATED>COMPLETED
310925,b5f3513c-87dd-482a-aeb6-be6ddf87f7aa,after,2026-09-15 12:29:39,ASUS_I006D,33,SENDAI_free_Wi-Fi,d4:68:4d:c2:69:98,2462,2.4GHz,-72,802.11n,TIMEOUT_AT_ASSOCIATING,TIMEOUT_AT_<STATE>,3025,3-5s,ASSOCIATING_ONLY,4,DISCONNECTED>INTERFACE_DISABLED>DISCONNECTED>ASSOCIATING
310937,b5f3513c-87dd-482a-aeb6-be6ddf87f7aa,after,2026-09-15 12:29:39,ASUS_I006D,33,Wi2eap,d4:68:4d:82:69:9c,5500,5GHz,-74,802.11n,FAILED_AT_DISCONNECTED,FAILED_AT_<STATE>,3029,3-5s,NONE,3,DISCONNECTED>INTERFACE_DISABLED>DISCONNECTED
310941,b5f3513c-87dd-482a-aeb6-be6ddf87f7aa,after,2026-09-15 12:29:39,ASUS_I006D,33,TOHOKU_United_Free_Wi-Fi,d4:68:4d:c2:69:9c,5500,5GHz,-74,802.11n,TIMEOUT_AT_COMPLETED,TIMEOUT_AT_<STATE>,1105,0-2s,COMPLETED,5,INTERFACE_DISABLED>DISCONNECTED>ASSOCIATING>ASSOCIATED>COMPLETED
311001,b5f3513c-87dd-482a-aeb6-be6ddf87f7aa,after,2026-09-15 12:29:39,ASUS_I006D,33,Wi2eap,c4:10:8a:9e:b0:2c,5700,5GHz,-89,802.11n,NOT_FOUND,NOT_FOUND,3022,3-5s,NONE,0,
311018,b5f3513c-87dd-482a-aeb6-be6ddf87f7aa,after,2026-09-15 12:29:39,ASUS_I006D,33,Wi2eap,60:d0:2c:33:40:0d,5540,5GHz,-93,802.11ac,NOT_FOUND,NOT_FOUND,3021,3-5s,NONE,0,
315008,7dfb3cdf-f266-44a2-9703-af7f83819330,after,2026-09-15 12:29:46,motorola edge 40 neo,34,TOHOKU_United_Free_Wi-Fi,d4:68:4d:c0:29:bc,5500,5GHz,-65,802.11n,TIMEOUT_AT_COMPLETED,TIMEOUT_AT_<STATE>,214,0-2s,COMPLETED,5,INTERFACE_DISABLED>DISCONNECTED>ASSOCIATING>ASSOCIATED>COMPLETED
315014,7dfb3cdf-f266-44a2-9703-af7f83819330,after,2026-09-15 12:29:46,motorola edge 40 neo,34,SENDAI_free_Wi-Fi,d4:68:4d:00:29:bd,5500,5GHz,-67,802.11n,TIMEOUT_AT_COMPLETED,TIMEOUT_AT_<STATE>,1518,0-2s,COMPLETED,5,INTERFACE_DISABLED>DISCONNECTED>ASSOCIATING>ASSOCIATED>COMPLETED
315029,7dfb3cdf-f266-44a2-9703-af7f83819330,after,2026-09-15 12:29:46,motorola edge 40 neo,34,TOHOKU_United_Free_Wi-Fi,d4:68:4d:c2:69:9c,5500,5GHz,-75,802.11n,TIMEOUT_AT_INTERFACE_DISABLED,TIMEOUT_AT_<STATE>,854,0-2s,ASSOCIATING_ONLY,21,INTERFACE_DISABLED>DISCONNECTED>ASSOCIATING>DISCONNECTED>INTERFACE_DISABLED>DISCONNECTED>INTERFACE_DISABLED>DISCONNECTED>ASSOCIATING>DISCONNECTED>DISCONNECTED>INTERFACE_DISABLED>DISCONNECTED>ASSOCIATING>DISCONNECTED>DISCONNECTED>INTERFACE_DISABLED>DISCONNECTED>ASSOCIATING>DISCONNECTED>INTERFACE_DISABLED
315034,7dfb3cdf-f266-44a2-9703-af7f83819330,after,2026-09-15 12:29:46,motorola edge 40 neo,34,SENDAI_free_Wi-Fi,d4:68:4d:02:69:9d,5500,5GHz,-75,802.11n,TIMEOUT_AT_INTERFACE_DISABLED,TIMEOUT_AT_<STATE>,861,0-2s,ASSOCIATING_ONLY,22,INTERFACE_DISABLED>DISCONNECTED>ASSOCIATING>DISCONNECTED>INTERFACE_DISABLED>DISCONNECTED>INTERFACE_DISABLED>DISCONNECTED>ASSOCIATING>DISCONNECTED>INTERFACE_DISABLED>DISCONNECTED>INTERFACE_DISABLED>DISCONNECTED>ASSOCIATING>DISCONNECTED>INTERFACE_DISABLED>DISCONNECTED>INTERFACE_DISABLED>ASSOCIATING>DISCONNECTED>INTERFACE_DISABLED
311023,9dcc1cd9-6288-47e2-8120-a5ddf5ec3260,after,2026-09-15 12:30:21,ASUS_I006D,33,SENDAI_free_Wi-Fi,d4:68:4d:c0:29:b8,2412,2.4GHz,-68,802.11n,TIMEOUT_AT_COMPLETED,TIMEOUT_AT_<STATE>,1207,0-2s,COMPLETED,5,INTERFACE_DISABLED>DISCONNECTED>ASSOCIATING>ASSOCIATED>COMPLETED
311027,9dcc1cd9-6288-47e2-8120-a5ddf5ec3260,after,2026-09-15 12:30:21,ASUS_I006D,33,TOHOKU_United_Free_Wi-Fi,d4:68:4d:80:29:b8,2412,2.4GHz,-70,802.11n,TIMEOUT_AT_COMPLETED,TIMEOUT_AT_<STATE>,1643,0-2s,COMPLETED,8,DISCONNECTED>INTERFACE_DISABLED>DISCONNECTED>INTERFACE_DISABLED>DISCONNECTED>ASSOCIATING>ASSOCIATED>COMPLETED
311051,9dcc1cd9-6288-47e2-8120-a5ddf5ec3260,after,2026-09-15 12:30:21,ASUS_I006D,33,Wi2eap,d4:68:4d:82:69:9c,5500,5GHz,-76,802.11n,NOT_FOUND,NOT_FOUND,3021,3-5s,NONE,0,
311056,9dcc1cd9-6288-47e2-8120-a5ddf5ec3260,after,2026-09-15 12:30:21,ASUS_I006D,33,SENDAI_free_Wi-Fi,d4:68:4d:02:69:9d,5500,5GHz,-77,802.11n,FAILED_AT_SCANNING,FAILED_AT_<STATE>,3018,3-5s,ASSOCIATING_ONLY,9,INTERFACE_DISABLED>DISCONNECTED>ASSOCIATING>DISCONNECTED>INTERFACE_DISABLED>DISCONNECTED>INTERFACE_DISABLED>DISCONNECTED>SCANNING
311057,9dcc1cd9-6288-47e2-8120-a5ddf5ec3260,after,2026-09-15 12:30:21,ASUS_I006D,33,TOHOKU_United_Free_Wi-Fi,d4:68:4d:c2:69:9c,5500,5GHz,-77,802.11n,FAILED_AT_SCANNING,FAILED_AT_<STATE>,3025,3-5s,ASSOCIATING_ONLY,6,DISCONNECTED>ASSOCIATING>DISCONNECTED>INTERFACE_DISABLED>DISCONNECTED>SCANNING
311126,9dcc1cd9-6288-47e2-8120-a5ddf5ec3260,after,2026-09-15 12:30:21,ASUS_I006D,33,Wi2eap,c4:10:8a:9f:79:8c,5580,5GHz,-87,802.11n,NOT_FOUND,NOT_FOUND,3027,3-5s,NONE,0,
311143,9dcc1cd9-6288-47e2-8120-a5ddf5ec3260,after,2026-09-15 12:30:21,ASUS_I006D,33,Wi2eap,c4:10:8a:9e:b0:2c,5700,5GHz,-91,802.11n,NOT_FOUND,NOT_FOUND,3027,3-5s,NONE,0,
311144,9dcc1cd9-6288-47e2-8120-a5ddf5ec3260,after,2026-09-15 12:30:21,ASUS_I006D,33,Wi2eap,f0:b0:52:b2:6f:5c,5540,5GHz,-91,802.11n,NOT_FOUND,NOT_FOUND,3031,3-5s,NONE,0,
311147,9dcc1cd9-6288-47e2-8120-a5ddf5ec3260,after,2026-09-15 12:30:21,ASUS_I006D,33,SENDAI_free_Wi-Fi,f0:b0:52:32:6f:5d,5540,5GHz,-92,802.11n,TIMEOUT_AT_ASSOCIATING,TIMEOUT_AT_<STATE>,3022,3-5s,ASSOCIATING_ONLY,3,INTERFACE_DISABLED>DISCONNECTED>ASSOCIATING
315112,fd7befd8-77a4-4277-8ed8-d15867d736cd,after,2026-09-15 12:30:34,motorola edge 40 neo,34,TOHOKU_United_Free_Wi-Fi,d4:68:4d:80:29:b8,2412,2.4GHz,-71,802.11n,TIMEOUT_AT_COMPLETED,TIMEOUT_AT_<STATE>,1099,0-2s,COMPLETED,5,INTERFACE_DISABLED>DISCONNECTED>ASSOCIATING>ASSOCIATED>COMPLETED
315131,fd7befd8-77a4-4277-8ed8-d15867d736cd,after,2026-09-15 12:30:34,motorola edge 40 neo,34,SENDAI_free_Wi-Fi,d4:68:4d:02:69:9d,5500,5GHz,-80,802.11n,FAILED_AT_DISCONNECTED,FAILED_AT_<STATE>,790,0-2s,ASSOCIATING_ONLY,22,INTERFACE_DISABLED>DISCONNECTED>ASSOCIATING>DISCONNECTED>INTERFACE_DISABLED>DISCONNECTED>INTERFACE_DISABLED>DISCONNECTED>ASSOCIATING>DISCONNECTED>INTERFACE_DISABLED>DISCONNECTED>INTERFACE_DISABLED>DISCONNECTED>ASSOCIATING>DISCONNECTED>INTERFACE_DISABLED>DISCONNECTED>INTERFACE_DISABLED>DISCONNECTED>ASSOCIATING>DISCONNECTED
315133,fd7befd8-77a4-4277-8ed8-d15867d736cd,after,2026-09-15 12:30:34,motorola edge 40 neo,34,TOHOKU_United_Free_Wi-Fi,d4:68:4d:c2:69:9c,5500,5GHz,-80,802.11n,FAILED_AT_DISCONNECTED,FAILED_AT_<STATE>,911,0-2s,ASSOCIATING_ONLY,24,INTERFACE_DISABLED>DISCONNECTED>ASSOCIATING>DISCONNECTED>INTERFACE_DISABLED>DISCONNECTED>INTERFACE_DISABLED>DISCONNECTED>ASSOCIATING>DISCONNECTED>INTERFACE_DISABLED>DISCONNECTED>INTERFACE_DISABLED>DISCONNECTED>ASSOCIATING>DISCONNECTED>INTERFACE_DISABLED>DISCONNECTED>INTERFACE_DISABLED>DISCONNECTED>ASSOCIATING>DISCONNECTED>INTERFACE_DISABLED>DISCONNECTED
311149,2651ad80-1afa-4c3f-ae0a-749a0ff669d1,after,2026-09-15 12:31:04,ASUS_I006D,33,SENDAI_free_Wi-Fi,d4:68:4d:c0:29:b8,2412,2.4GHz,-40,802.11n,TIMEOUT_AT_ASSOCIATING,TIMEOUT_AT_<STATE>,3019,3-5s,ASSOCIATING_ONLY,1,ASSOCIATING
311150,2651ad80-1afa-4c3f-ae0a-749a0ff669d1,after,2026-09-15 12:31:04,ASUS_I006D,33,TOHOKU_United_Free_Wi-Fi,d4:68:4d:80:29:b8,2412,2.4GHz,-61,802.11n,TIMEOUT_AT_ASSOCIATING,TIMEOUT_AT_<STATE>,3019,3-5s,ASSOCIATING_ONLY,1,ASSOCIATING
311157,2651ad80-1afa-4c3f-ae0a-749a0ff669d1,after,2026-09-15 12:31:04,ASUS_I006D,33,TOHOKU_United_Free_Wi-Fi,d4:68:4d:c0:29:bc,5500,5GHz,-67,802.11n,FAILED_AT_SCANNING,FAILED_AT_<STATE>,3015,3-5s,ASSOCIATING_ONLY,10,DISCONNECTED>INTERFACE_DISABLED>DISCONNECTED>INTERFACE_DISABLED>DISCONNECTED>ASSOCIATING>DISCONNECTED>INTERFACE_DISABLED>DISCONNECTED>SCANNING
311159,2651ad80-1afa-4c3f-ae0a-749a0ff669d1,after,2026-09-15 12:31:04,ASUS_I006D,33,Wi2eap,d4:68:4d:80:29:bc,5500,5GHz,-67,802.11n,NOT_FOUND,NOT_FOUND,3024,3-5s,NONE,0,
311161,2651ad80-1afa-4c3f-ae0a-749a0ff669d1,after,2026-09-15 12:31:04,ASUS_I006D,33,SENDAI_free_Wi-Fi,d4:68:4d:00:29:bd,5500,5GHz,-67,802.11n,TIMEOUT_AT_ASSOCIATING,TIMEOUT_AT_<STATE>,3013,3-5s,ASSOCIATING_ONLY,3,INTERFACE_DISABLED>DISCONNECTED>ASSOCIATING
311176,2651ad80-1afa-4c3f-ae0a-749a0ff669d1,after,2026-09-15 12:31:04,ASUS_I006D,33,Wi2eap,d4:68:4d:82:69:9c,5500,5GHz,-75,802.11n,FAILED_AT_DISCONNECTED,FAILED_AT_<STATE>,3031,3-5s,NONE,2,INTERFACE_DISABLED>DISCONNECTED
311178,2651ad80-1afa-4c3f-ae0a-749a0ff669d1,after,2026-09-15 12:31:04,ASUS_I006D,33,SENDAI_free_Wi-Fi,d4:68:4d:02:69:9d,5500,5GHz,-75,802.11n,FAILED_AT_SCANNING,FAILED_AT_<STATE>,3019,3-5s,ASSOCIATING_ONLY,5,ASSOCIATING>DISCONNECTED>INTERFACE_DISABLED>DISCONNECTED>SCANNING
311182,2651ad80-1afa-4c3f-ae0a-749a0ff669d1,after,2026-09-15 12:31:04,ASUS_I006D,33,TOHOKU_United_Free_Wi-Fi,d4:68:4d:c2:69:9c,5500,5GHz,-75,802.11n,TIMEOUT_AT_COMPLETED,TIMEOUT_AT_<STATE>,1045,0-2s,COMPLETED,3,ASSOCIATING>ASSOCIATED>COMPLETED
311209,2651ad80-1afa-4c3f-ae0a-749a0ff669d1,after,2026-09-15 12:31:04,ASUS_I006D,33,Wi2eap,c4:10:8a:9f:79:8c,5580,5GHz,-82,802.11n,NOT_FOUND,NOT_FOUND,3024,3-5s,NONE,0,
311232,2651ad80-1afa-4c3f-ae0a-749a0ff669d1,after,2026-09-15 12:31:04,ASUS_I006D,33,Wi2eap,18:4b:0d:95:d6:3c,5520,5GHz,-86,802.11ac,NOT_FOUND,NOT_FOUND,3023,3-5s,NONE,0,
315206,ac735d02-53da-4a38-b3b4-9ceb12e3f39c,after,2026-09-15 12:31:16,motorola edge 40 neo,34,TOHOKU_United_Free_Wi-Fi,d4:68:4d:80:29:b8,2412,2.4GHz,-66,802.11n,TIMEOUT_AT_COMPLETED,TIMEOUT_AT_<STATE>,218,0-2s,COMPLETED,5,INTERFACE_DISABLED>DISCONNECTED>ASSOCIATING>ASSOCIATED>COMPLETED
315207,ac735d02-53da-4a38-b3b4-9ceb12e3f39c,after,2026-09-15 12:31:16,motorola edge 40 neo,34,SENDAI_free_Wi-Fi,d4:68:4d:c0:29:b8,2412,2.4GHz,-66,802.11n,TIMEOUT_AT_COMPLETED,TIMEOUT_AT_<STATE>,273,0-2s,COMPLETED,5,INTERFACE_DISABLED>DISCONNECTED>ASSOCIATING>ASSOCIATED>COMPLETED
315223,ac735d02-53da-4a38-b3b4-9ceb12e3f39c,after,2026-09-15 12:31:16,motorola edge 40 neo,34,TOHOKU_United_Free_Wi-Fi,d4:68:4d:c0:29:bc,5500,5GHz,-74,802.11n,TIMEOUT_AT_COMPLETED,TIMEOUT_AT_<STATE>,285,0-2s,COMPLETED,3,ASSOCIATING>ASSOCIATED>COMPLETED
315225,ac735d02-53da-4a38-b3b4-9ceb12e3f39c,after,2026-09-15 12:31:16,motorola edge 40 neo,34,SENDAI_free_Wi-Fi,d4:68:4d:00:29:bd,5500,5GHz,-74,802.11n,FAILED_AT_DISCONNECTED,FAILED_AT_<STATE>,823,0-2s,ASSOCIATING_ONLY,20,INTERFACE_DISABLED>DISCONNECTED>ASSOCIATING>DISCONNECTED>INTERFACE_DISABLED>DISCONNECTED>INTERFACE_DISABLED>DISCONNECTED>ASSOCIATING>DISCONNECTED>INTERFACE_DISABLED>DISCONNECTED>ASSOCIATING>DISCONNECTED>INTERFACE_DISABLED>DISCONNECTED>INTERFACE_DISABLED>DISCONNECTED>ASSOCIATING>DISCONNECTED
315247,ac735d02-53da-4a38-b3b4-9ceb12e3f39c,after,2026-09-15 12:31:16,motorola edge 40 neo,34,TOHOKU_United_Free_Wi-Fi,d4:68:4d:c2:69:9c,5500,5GHz,-84,802.11n,TIMEOUT_AT_ASSOCIATING,TIMEOUT_AT_<STATE>,2485,0-2s,ASSOCIATING_ONLY,19,INTERFACE_DISABLED>DISCONNECTED>ASSOCIATING>DISCONNECTED>INTERFACE_DISABLED>DISCONNECTED>INTERFACE_DISABLED>DISCONNECTED>ASSOCIATING>DISCONNECTED>INTERFACE_DISABLED>DISCONNECTED>ASSOCIATING>DISCONNECTED>INTERFACE_DISABLED>DISCONNECTED>INTERFACE_DISABLED>DISCONNECTED>ASSOCIATING
315255,ac735d02-53da-4a38-b3b4-9ceb12e3f39c,after,2026-09-15 12:31:16,motorola edge 40 neo,34,SENDAI_free_Wi-Fi,d4:68:4d:02:69:9d,5500,5GHz,-85,802.11n,FAILED_AT_DISCONNECTED,FAILED_AT_<STATE>,737,0-2s,ASSOCIATING_ONLY,21,INTERFACE_DISABLED>DISCONNECTED>ASSOCIATING>DISCONNECTED>INTERFACE_DISABLED>DISCONNECTED>INTERFACE_DISABLED>DISCONNECTED>ASSOCIATING>DISCONNECTED>INTERFACE_DISABLED>DISCONNECTED>INTERFACE_DISABLED>ASSOCIATING>DISCONNECTED>INTERFACE_DISABLED>DISCONNECTED>INTERFACE_DISABLED>DISCONNECTED>ASSOCIATING>DISCONNECTED
311276,bd76de8c-29b7-4c0e-97d2-46427f0296d5,after,2026-09-15 12:31:33,ASUS_I006D,33,Wi2eap,d4:68:4d:82:69:9c,5500,5GHz,-70,802.11n,NOT_FOUND,NOT_FOUND,3019,3-5s,NONE,0,
311278,bd76de8c-29b7-4c0e-97d2-46427f0296d5,after,2026-09-15 12:31:33,ASUS_I006D,33,SENDAI_free_Wi-Fi,d4:68:4d:02:69:9d,5500,5GHz,-70,802.11n,TIMEOUT_AT_COMPLETED,TIMEOUT_AT_<STATE>,1244,0-2s,COMPLETED,5,INTERFACE_DISABLED>DISCONNECTED>ASSOCIATING>ASSOCIATED>COMPLETED
311282,bd76de8c-29b7-4c0e-97d2-46427f0296d5,after,2026-09-15 12:31:33,ASUS_I006D,33,TOHOKU_United_Free_Wi-Fi,d4:68:4d:c2:69:9c,5500,5GHz,-70,802.11n,TIMEOUT_AT_COMPLETED,TIMEOUT_AT_<STATE>,1271,0-2s,COMPLETED,3,ASSOCIATING>ASSOCIATED>COMPLETED
311285,bd76de8c-29b7-4c0e-97d2-46427f0296d5,after,2026-09-15 12:31:33,ASUS_I006D,33,TOHOKU_United_Free_Wi-Fi,d4:68:4d:c0:29:bc,5500,5GHz,-71,802.11n,TIMEOUT_AT_INTERFACE_DISABLED,TIMEOUT_AT_<STATE>,3021,3-5s,ASSOCIATING_ONLY,3,ASSOCIATING>DISCONNECTED>INTERFACE_DISABLED
311287,bd76de8c-29b7-4c0e-97d2-46427f0296d5,after,2026-09-15 12:31:33,ASUS_I006D,33,Wi2eap,d4:68:4d:80:29:bc,5500,5GHz,-71,802.11n,FAILED_AT_DISCONNECTED,FAILED_AT_<STATE>,3031,3-5s,NONE,4,INTERFACE_DISABLED>DISCONNECTED>SCANNING>DISCONNECTED
311293,bd76de8c-29b7-4c0e-97d2-46427f0296d5,after,2026-09-15 12:31:33,ASUS_I006D,33,SENDAI_free_Wi-Fi,d4:68:4d:00:29:bd,5500,5GHz,-72,802.11n,TIMEOUT_AT_ASSOCIATING,TIMEOUT_AT_<STATE>,3033,3-5s,ASSOCIATING_ONLY,3,INTERFACE_DISABLED>DISCONNECTED>ASSOCIATING
311305,bd76de8c-29b7-4c0e-97d2-46427f0296d5,after,2026-09-15 12:31:33,ASUS_I006D,33,Wi2eap,18:4b:0d:95:d6:3c,5520,5GHz,-76,802.11ac,NOT_FOUND,NOT_FOUND,3023,3-5s,NONE,0,
311320,bd76de8c-29b7-4c0e-97d2-46427f0296d5,after,2026-09-15 12:31:33,ASUS_I006D,33,Wi2eap,c4:10:8a:9f:79:8c,5580,5GHz,-79,802.11n,NOT_FOUND,NOT_FOUND,3027,3-5s,NONE,0,
311344,bd76de8c-29b7-4c0e-97d2-46427f0296d5,after,2026-09-15 12:31:33,ASUS_I006D,33,Wi2eap,c4:10:8a:9e:b0:2c,5700,5GHz,-84,802.11n,NOT_FOUND,NOT_FOUND,3034,3-5s,NONE,0,
315292,54260524-366a-4559-a129-df148e536581,after,2026-09-15 12:31:49,motorola edge 40 neo,34,TOHOKU_United_Free_Wi-Fi,d4:68:4d:80:29:b8,2412,2.4GHz,-67,802.11n,TIMEOUT_AT_COMPLETED,TIMEOUT_AT_<STATE>,299,0-2s,COMPLETED,5,INTERFACE_DISABLED>DISCONNECTED>ASSOCIATING>ASSOCIATED>COMPLETED
315294,54260524-366a-4559-a129-df148e536581,after,2026-09-15 12:31:49,motorola edge 40 neo,34,SENDAI_free_Wi-Fi,d4:68:4d:c0:29:b8,2412,2.4GHz,-67,802.11n,TIMEOUT_AT_COMPLETED,TIMEOUT_AT_<STATE>,276,0-2s,COMPLETED,5,INTERFACE_DISABLED>DISCONNECTED>ASSOCIATING>ASSOCIATED>COMPLETED
315318,54260524-366a-4559-a129-df148e536581,after,2026-09-15 12:31:49,motorola edge 40 neo,34,TOHOKU_United_Free_Wi-Fi,d4:68:4d:c0:29:bc,5500,5GHz,-80,802.11n,FAILED_AT_DISCONNECTED,FAILED_AT_<STATE>,803,0-2s,ASSOCIATING_ONLY,22,INTERFACE_DISABLED>DISCONNECTED>ASSOCIATING>DISCONNECTED>INTERFACE_DISABLED>DISCONNECTED>INTERFACE_DISABLED>DISCONNECTED>ASSOCIATING>DISCONNECTED>INTERFACE_DISABLED>DISCONNECTED>INTERFACE_DISABLED>DISCONNECTED>ASSOCIATING>DISCONNECTED>INTERFACE_DISABLED>DISCONNECTED>INTERFACE_DISABLED>DISCONNECTED>ASSOCIATING>DISCONNECTED
315319,54260524-366a-4559-a129-df148e536581,after,2026-09-15 12:31:49,motorola edge 40 neo,34,TOHOKU_United_Free_Wi-Fi,d4:68:4d:c2:69:9c,5500,5GHz,-80,802.11n,TIMEOUT_AT_COMPLETED,TIMEOUT_AT_<STATE>,294,0-2s,COMPLETED,5,INTERFACE_DISABLED>DISCONNECTED>ASSOCIATING>ASSOCIATED>COMPLETED
315325,54260524-366a-4559-a129-df148e536581,after,2026-09-15 12:31:49,motorola edge 40 neo,34,SENDAI_free_Wi-Fi,d4:68:4d:00:29:bd,5500,5GHz,-80,802.11n,FAILED_AT_DISCONNECTED,FAILED_AT_<STATE>,2364,0-2s,ASSOCIATING_ONLY,22,INTERFACE_DISABLED>DISCONNECTED>ASSOCIATING>DISCONNECTED>INTERFACE_DISABLED>DISCONNECTED>INTERFACE_DISABLED>DISCONNECTED>ASSOCIATING>DISCONNECTED>INTERFACE_DISABLED>DISCONNECTED>INTERFACE_DISABLED>DISCONNECTED>ASSOCIATING>DISCONNECTED>INTERFACE_DISABLED>DISCONNECTED>INTERFACE_DISABLED>DISCONNECTED>ASSOCIATING>DISCONNECTED
315331,54260524-366a-4559-a129-df148e536581,after,2026-09-15 12:31:49,motorola edge 40 neo,34,SENDAI_free_Wi-Fi,d4:68:4d:02:69:9d,5500,5GHz,-81,802.11n,TIMEOUT_AT_COMPLETED,TIMEOUT_AT_<STATE>,264,0-2s,COMPLETED,5,INTERFACE_DISABLED>DISCONNECTED>ASSOCIATING>ASSOCIATED>COMPLETED
311389,fb0f78b6-39ef-4656-a505-f1e227adcb3a,after,2026-09-15 12:32:03,ASUS_I006D,33,TOHOKU_United_Free_Wi-Fi,d4:68:4d:c0:29:bc,5500,5GHz,-68,802.11n,TIMEOUT_AT_COMPLETED,TIMEOUT_AT_<STATE>,1120,0-2s,COMPLETED,3,ASSOCIATING>ASSOCIATED>COMPLETED
311390,fb0f78b6-39ef-4656-a505-f1e227adcb3a,after,2026-09-15 12:32:03,ASUS_I006D,33,Wi2eap,d4:68:4d:80:29:bc,5500,5GHz,-68,802.11n,FAILED_AT_DISCONNECTED,FAILED_AT_<STATE>,3021,3-5s,NONE,1,DISCONNECTED
311393,fb0f78b6-39ef-4656-a505-f1e227adcb3a,after,2026-09-15 12:32:03,ASUS_I006D,33,SENDAI_free_Wi-Fi,d4:68:4d:00:29:bd,5500,5GHz,-68,802.11n,FAILED_AT_SCANNING,FAILED_AT_<STATE>,3017,3-5s,ASSOCIATING_ONLY,7,INTERFACE_DISABLED>DISCONNECTED>ASSOCIATING>DISCONNECTED>INTERFACE_DISABLED>DISCONNECTED>SCANNING
311405,fb0f78b6-39ef-4656-a505-f1e227adcb3a,after,2026-09-15 12:32:03,ASUS_I006D,33,Wi2eap,d4:68:4d:82:69:9c,5500,5GHz,-73,802.11n,NOT_FOUND,NOT_FOUND,3033,3-5s,NONE,0,
311407,fb0f78b6-39ef-4656-a505-f1e227adcb3a,after,2026-09-15 12:32:03,ASUS_I006D,33,SENDAI_free_Wi-Fi,d4:68:4d:02:69:9d,5500,5GHz,-73,802.11n,TIMEOUT_AT_COMPLETED,TIMEOUT_AT_<STATE>,496,0-2s,COMPLETED,3,ASSOCIATING>ASSOCIATED>COMPLETED
311409,fb0f78b6-39ef-4656-a505-f1e227adcb3a,after,2026-09-15 12:32:03,ASUS_I006D,33,TOHOKU_United_Free_Wi-Fi,d4:68:4d:c2:69:9c,5500,5GHz,-73,802.11n,TIMEOUT_AT_COMPLETED,TIMEOUT_AT_<STATE>,1171,0-2s,COMPLETED,5,INTERFACE_DISABLED>DISCONNECTED>ASSOCIATING>ASSOCIATED>COMPLETED
311424,fb0f78b6-39ef-4656-a505-f1e227adcb3a,after,2026-09-15 12:32:03,ASUS_I006D,33,Wi2eap,c4:10:8a:9f:79:8c,5580,5GHz,-76,802.11n,NOT_FOUND,NOT_FOUND,3028,3-5s,NONE,0,
311440,fb0f78b6-39ef-4656-a505-f1e227adcb3a,after,2026-09-15 12:32:03,ASUS_I006D,33,Wi2eap,c4:10:8a:9e:b0:2c,5700,5GHz,-80,802.11n,NOT_FOUND,NOT_FOUND,3031,3-5s,NONE,0,
311474,fb0f78b6-39ef-4656-a505-f1e227adcb3a,after,2026-09-15 12:32:03,ASUS_I006D,33,Wi2eap,18:4b:0d:95:d6:3c,5520,5GHz,-85,802.11ac,NOT_FOUND,NOT_FOUND,3033,3-5s,NONE,0,
311491,fb0f78b6-39ef-4656-a505-f1e227adcb3a,after,2026-09-15 12:32:03,ASUS_I006D,33,SENDAI_free_Wi-Fi,f0:b0:52:32:6f:5d,5540,5GHz,-86,802.11n,TIMEOUT_AT_COMPLETED,TIMEOUT_AT_<STATE>,1144,0-2s,COMPLETED,5,INTERFACE_DISABLED>DISCONNECTED>ASSOCIATING>ASSOCIATED>COMPLETED
311503,fb0f78b6-39ef-4656-a505-f1e227adcb3a,after,2026-09-15 12:32:03,ASUS_I006D,33,Wi2eap,f0:b0:52:b2:6f:5c,5540,5GHz,-88,802.11n,NOT_FOUND,NOT_FOUND,3028,3-5s,NONE,0,
315400,182158ee-11db-4e49-b8e2-0956c69590a8,after,2026-09-15 12:32:14,motorola edge 40 neo,34,TOHOKU_United_Free_Wi-Fi,d4:68:4d:c2:69:9c,5500,5GHz,-83,802.11n,TIMEOUT_AT_COMPLETED,TIMEOUT_AT_<STATE>,361,0-2s,COMPLETED,5,INTERFACE_DISABLED>DISCONNECTED>ASSOCIATING>ASSOCIATED>COMPLETED
315409,182158ee-11db-4e49-b8e2-0956c69590a8,after,2026-09-15 12:32:14,motorola edge 40 neo,34,SENDAI_free_Wi-Fi,d4:68:4d:02:69:9d,5500,5GHz,-84,802.11n,TIMEOUT_AT_COMPLETED,TIMEOUT_AT_<STATE>,382,0-2s,COMPLETED,5,INTERFACE_DISABLED>DISCONNECTED>ASSOCIATING>ASSOCIATED>COMPLETED
311524,c983ed01-8712-4560-a02e-45ccb915077e,after,2026-09-15 12:32:46,ASUS_I006D,33,Wi2eap,d4:68:4d:82:69:9c,5500,5GHz,-68,802.11n,NOT_FOUND,NOT_FOUND,3026,3-5s,NONE,0,
311526,c983ed01-8712-4560-a02e-45ccb915077e,after,2026-09-15 12:32:46,ASUS_I006D,33,SENDAI_free_Wi-Fi,d4:68:4d:02:69:9d,5500,5GHz,-68,802.11n,FAILED_AT_SCANNING,FAILED_AT_<STATE>,3023,3-5s,ASSOCIATING_ONLY,5,INTERFACE_DISABLED>DISCONNECTED>ASSOCIATING>DISCONNECTED>SCANNING
311538,c983ed01-8712-4560-a02e-45ccb915077e,after,2026-09-15 12:32:46,ASUS_I006D,33,TOHOKU_United_Free_Wi-Fi,d4:68:4d:c2:69:9c,5500,5GHz,-69,802.11n,FAILED_AT_SCANNING,FAILED_AT_<STATE>,3017,3-5s,ASSOCIATING_ONLY,5,ASSOCIATING>DISCONNECTED>INTERFACE_DISABLED>DISCONNECTED>SCANNING
311545,c983ed01-8712-4560-a02e-45ccb915077e,after,2026-09-15 12:32:46,ASUS_I006D,33,TOHOKU_United_Free_Wi-Fi,d4:68:4d:c0:29:bc,5500,5GHz,-71,802.11n,FAILED_AT_DISCONNECTED,FAILED_AT_<STATE>,3023,3-5s,ASSOCIATING_ONLY,2,ASSOCIATING>DISCONNECTED
311551,c983ed01-8712-4560-a02e-45ccb915077e,after,2026-09-15 12:32:46,ASUS_I006D,33,Wi2eap,d4:68:4d:80:29:bc,5500,5GHz,-71,802.11n,FAILED_AT_DISCONNECTED,FAILED_AT_<STATE>,3026,3-5s,NONE,4,INTERFACE_DISABLED>DISCONNECTED>SCANNING>DISCONNECTED
311557,c983ed01-8712-4560-a02e-45ccb915077e,after,2026-09-15 12:32:46,ASUS_I006D,33,SENDAI_free_Wi-Fi,d4:68:4d:00:29:bd,5500,5GHz,-72,802.11n,FAILED_AT_DISCONNECTED,FAILED_AT_<STATE>,3024,3-5s,ASSOCIATING_ONLY,4,INTERFACE_DISABLED>DISCONNECTED>ASSOCIATING>DISCONNECTED
311586,c983ed01-8712-4560-a02e-45ccb915077e,after,2026-09-15 12:32:46,ASUS_I006D,33,Wi2eap,c4:10:8a:9f:79:8c,5580,5GHz,-81,802.11n,FAILED_AT_DISCONNECTED,FAILED_AT_<STATE>,3014,3-5s,NONE,4,INTERFACE_DISABLED>DISCONNECTED>SCANNING>DISCONNECTED
311604,c983ed01-8712-4560-a02e-45ccb915077e,after,2026-09-15 12:32:46,ASUS_I006D,33,Wi2eap,c4:10:8a:9e:b0:2c,5700,5GHz,-88,802.11n,NOT_FOUND,NOT_FOUND,3024,3-5s,NONE,0,
311608,c983ed01-8712-4560-a02e-45ccb915077e,after,2026-09-15 12:32:46,ASUS_I006D,33,Wi2eap,f0:b0:52:b2:6f:5c,5540,5GHz,-90,802.11n,NOT_FOUND,NOT_FOUND,3023,3-5s,NONE,0,
315473,1c2c78a0-5c9a-4346-97e0-73fb01970ba7,after,2026-09-15 12:32:55,motorola edge 40 neo,34,TOHOKU_United_Free_Wi-Fi,d4:68:4d:c0:29:bc,5500,5GHz,-73,802.11n,TIMEOUT_AT_COMPLETED,TIMEOUT_AT_<STATE>,225,0-2s,COMPLETED,5,INTERFACE_DISABLED>DISCONNECTED>ASSOCIATING>ASSOCIATED>COMPLETED
315477,1c2c78a0-5c9a-4346-97e0-73fb01970ba7,after,2026-09-15 12:32:55,motorola edge 40 neo,34,SENDAI_free_Wi-Fi,d4:68:4d:00:29:bd,5500,5GHz,-73,802.11n,TIMEOUT_AT_COMPLETED,TIMEOUT_AT_<STATE>,279,0-2s,COMPLETED,5,INTERFACE_DISABLED>DISCONNECTED>ASSOCIATING>ASSOCIATED>COMPLETED
315498,1c2c78a0-5c9a-4346-97e0-73fb01970ba7,after,2026-09-15 12:32:55,motorola edge 40 neo,34,TOHOKU_United_Free_Wi-Fi,d4:68:4d:c2:69:9c,5500,5GHz,-78,802.11n,FAILED_AT_DISCONNECTED,FAILED_AT_<STATE>,882,0-2s,ASSOCIATING_ONLY,20,ASSOCIATING>DISCONNECTED>INTERFACE_DISABLED>DISCONNECTED>INTERFACE_DISABLED>DISCONNECTED>ASSOCIATING>DISCONNECTED>INTERFACE_DISABLED>DISCONNECTED>INTERFACE_DISABLED>DISCONNECTED>ASSOCIATING>DISCONNECTED>INTERFACE_DISABLED>DISCONNECTED>INTERFACE_DISABLED>DISCONNECTED>ASSOCIATING>DISCONNECTED
315503,1c2c78a0-5c9a-4346-97e0-73fb01970ba7,after,2026-09-15 12:32:55,motorola edge 40 neo,34,SENDAI_free_Wi-Fi,d4:68:4d:02:69:9d,5500,5GHz,-79,802.11n,FAILED_AT_DISCONNECTED,FAILED_AT_<STATE>,902,0-2s,ASSOCIATING_ONLY,22,INTERFACE_DISABLED>DISCONNECTED>ASSOCIATING>DISCONNECTED>INTERFACE_DISABLED>DISCONNECTED>INTERFACE_DISABLED>DISCONNECTED>ASSOCIATING>DISCONNECTED>INTERFACE_DISABLED>DISCONNECTED>INTERFACE_DISABLED>DISCONNECTED>ASSOCIATING>DISCONNECTED>INTERFACE_DISABLED>DISCONNECTED>INTERFACE_DISABLED>DISCONNECTED>ASSOCIATING>DISCONNECTED
311626,ab506bec-a728-4848-b2f3-5be06b05f527,after,2026-09-15 12:33:24,ASUS_I006D,33,Wi2eap,d4:68:4d:82:69:9c,5500,5GHz,-75,802.11n,NOT_FOUND,NOT_FOUND,3019,3-5s,NONE,0,
311627,ab506bec-a728-4848-b2f3-5be06b05f527,after,2026-09-15 12:33:24,ASUS_I006D,33,SENDAI_free_Wi-Fi,d4:68:4d:02:69:9d,5500,5GHz,-75,802.11n,TIMEOUT_AT_COMPLETED,TIMEOUT_AT_<STATE>,483,0-2s,COMPLETED,3,ASSOCIATING>ASSOCIATED>COMPLETED
311629,ab506bec-a728-4848-b2f3-5be06b05f527,after,2026-09-15 12:33:24,ASUS_I006D,33,TOHOKU_United_Free_Wi-Fi,d4:68:4d:c2:69:9c,5500,5GHz,-75,802.11n,TIMEOUT_AT_COMPLETED,TIMEOUT_AT_<STATE>,1448,0-2s,COMPLETED,5,INTERFACE_DISABLED>DISCONNECTED>ASSOCIATING>ASSOCIATED>COMPLETED
311630,ab506bec-a728-4848-b2f3-5be06b05f527,after,2026-09-15 12:33:24,ASUS_I006D,33,SENDAI_free_Wi-Fi,d4:68:4d:00:29:bd,5500,5GHz,-75,802.11n,FAILED_AT_SCANNING,FAILED_AT_<STATE>,3018,3-5s,ASSOCIATING_ONLY,9,INTERFACE_DISABLED>DISCONNECTED>ASSOCIATING>DISCONNECTED>INTERFACE_DISABLED>DISCONNECTED>INTERFACE_DISABLED>DISCONNECTED>SCANNING
311631,ab506bec-a728-4848-b2f3-5be06b05f527,after,2026-09-15 12:33:24,ASUS_I006D,33,TOHOKU_United_Free_Wi-Fi,d4:68:4d:c0:29:bc,5500,5GHz,-76,802.11n,FAILED_AT_SCANNING,FAILED_AT_<STATE>,3028,3-5s,ASSOCIATING_ONLY,6,DISCONNECTED>ASSOCIATING>DISCONNECTED>INTERFACE_DISABLED>DISCONNECTED>SCANNING
311633,ab506bec-a728-4848-b2f3-5be06b05f527,after,2026-09-15 12:33:24,ASUS_I006D,33,Wi2eap,d4:68:4d:80:29:bc,5500,5GHz,-76,802.11n,NOT_FOUND,NOT_FOUND,3030,3-5s,NONE,0,
311647,ab506bec-a728-4848-b2f3-5be06b05f527,after,2026-09-15 12:33:24,ASUS_I006D,33,Wi2eap,c4:10:8a:9f:79:8c,5580,5GHz,-86,802.11n,NOT_FOUND,NOT_FOUND,3029,3-5s,NONE,0,
311657,ab506bec-a728-4848-b2f3-5be06b05f527,after,2026-09-15 12:33:24,ASUS_I006D,33,SENDAI_free_Wi-Fi,f0:b0:52:2e:8e:fd,5500,5GHz,-87,802.11n,TIMEOUT_AT_ASSOCIATING,TIMEOUT_AT_<STATE>,3015,3-5s,ASSOCIATING_ONLY,3,INTERFACE_DISABLED>DISCONNECTED>ASSOCIATING
311659,ab506bec-a728-4848-b2f3-5be06b05f527,after,2026-09-15 12:33:24,ASUS_I006D,33,Wi2eap,f0:b0:52:b2:6f:5c,5540,5GHz,-87,802.11n,NOT_FOUND,NOT_FOUND,3021,3-5s,NONE,0,
311665,ab506bec-a728-4848-b2f3-5be06b05f527,after,2026-09-15 12:33:24,ASUS_I006D,33,TOHOKU_United_Free_Wi-Fi,f0:b0:52:f2:6f:5c,5540,5GHz,-88,802.11n,TIMEOUT_AT_COMPLETED,TIMEOUT_AT_<STATE>,1714,0-2s,COMPLETED,3,ASSOCIATING>ASSOCIATED>COMPLETED
311668,ab506bec-a728-4848-b2f3-5be06b05f527,after,2026-09-15 12:33:24,ASUS_I006D,33,Wi2eap,c4:10:8a:9e:b0:2c,5700,5GHz,-89,802.11n,NOT_FOUND,NOT_FOUND,3019,3-5s,NONE,0,
311670,ab506bec-a728-4848-b2f3-5be06b05f527,after,2026-09-15 12:33:24,ASUS_I006D,33,SENDAI_free_Wi-Fi,f0:b0:52:32:6f:5d,5540,5GHz,-89,802.11n,TIMEOUT_AT_COMPLETED,TIMEOUT_AT_<STATE>,1364,0-2s,COMPLETED,5,INTERFACE_DISABLED>DISCONNECTED>ASSOCIATING>ASSOCIATED>COMPLETED
315551,25793a63-abbc-4873-b026-83a1728b83c8,after,2026-09-15 12:33:35,motorola edge 40 neo,34,SENDAI_free_Wi-Fi,d4:68:4d:c0:29:b8,2412,2.4GHz,-75,802.11n,TIMEOUT_AT_COMPLETED,TIMEOUT_AT_<STATE>,1015,0-2s,COMPLETED,11,INTERFACE_DISABLED>DISCONNECTED>ASSOCIATING>DISCONNECTED>INTERFACE_DISABLED>DISCONNECTED>INTERFACE_DISABLED>DISCONNECTED>ASSOCIATING>ASSOCIATED>COMPLETED
315557,25793a63-abbc-4873-b026-83a1728b83c8,after,2026-09-15 12:33:35,motorola edge 40 neo,34,TOHOKU_United_Free_Wi-Fi,d4:68:4d:c2:69:9c,5500,5GHz,-80,802.11n,TIMEOUT_AT_COMPLETED,TIMEOUT_AT_<STATE>,283,0-2s,COMPLETED,5,INTERFACE_DISABLED>DISCONNECTED>ASSOCIATING>ASSOCIATED>COMPLETED
315560,25793a63-abbc-4873-b026-83a1728b83c8,after,2026-09-15 12:33:35,motorola edge 40 neo,34,SENDAI_free_Wi-Fi,d4:68:4d:02:69:9d,5500,5GHz,-80,802.11n,TIMEOUT_AT_COMPLETED,TIMEOUT_AT_<STATE>,317,0-2s,COMPLETED,5,INTERFACE_DISABLED>DISCONNECTED>ASSOCIATING>ASSOCIATED>COMPLETED
315561,25793a63-abbc-4873-b026-83a1728b83c8,after,2026-09-15 12:33:35,motorola edge 40 neo,34,TOHOKU_United_Free_Wi-Fi,d4:68:4d:c0:29:bc,5500,5GHz,-81,802.11n,FAILED_AT_DISCONNECTED,FAILED_AT_<STATE>,841,0-2s,ASSOCIATING_ONLY,22,INTERFACE_DISABLED>DISCONNECTED>ASSOCIATING>DISCONNECTED>INTERFACE_DISABLED>DISCONNECTED>INTERFACE_DISABLED>DISCONNECTED>ASSOCIATING>DISCONNECTED>INTERFACE_DISABLED>DISCONNECTED>INTERFACE_DISABLED>DISCONNECTED>ASSOCIATING>DISCONNECTED>INTERFACE_DISABLED>DISCONNECTED>INTERFACE_DISABLED>DISCONNECTED>ASSOCIATING>DISCONNECTED
315567,25793a63-abbc-4873-b026-83a1728b83c8,after,2026-09-15 12:33:35,motorola edge 40 neo,34,SENDAI_free_Wi-Fi,d4:68:4d:00:29:bd,5500,5GHz,-83,802.11n,FAILED_AT_DISCONNECTED,FAILED_AT_<STATE>,2300,0-2s,ASSOCIATING_ONLY,23,INTERFACE_DISABLED>DISCONNECTED>ASSOCIATING>DISCONNECTED>INTERFACE_DISABLED>DISCONNECTED>INTERFACE_DISABLED>DISCONNECTED>ASSOCIATING>DISCONNECTED>INTERFACE_DISABLED>DISCONNECTED>INTERFACE_DISABLED>DISCONNECTED>ASSOCIATING>DISCONNECTED>INTERFACE_DISABLED>DISCONNECTED>INTERFACE_DISABLED>DISCONNECTED>ASSOCIATING>DISCONNECTED>DISCONNECTED
315582,25793a63-abbc-4873-b026-83a1728b83c8,after,2026-09-15 12:33:35,motorola edge 40 neo,34,TOHOKU_United_Free_Wi-Fi,f0:b0:52:ee:84:7c,5280,5GHz,-88,802.11n,TIMEOUT_AT_COMPLETED,TIMEOUT_AT_<STATE>,1495,0-2s,COMPLETED,5,INTERFACE_DISABLED>DISCONNECTED>ASSOCIATING>ASSOCIATED>COMPLETED
311705,98784a70-edc9-479e-9911-b8e6df7be24a,after,2026-09-15 12:34:13,ASUS_I006D,33,Wi2eap,d4:68:4d:82:69:9c,5500,5GHz,-80,802.11n,NOT_FOUND,NOT_FOUND,3015,3-5s,NONE,0,
311707,98784a70-edc9-479e-9911-b8e6df7be24a,after,2026-09-15 12:34:13,ASUS_I006D,33,SENDAI_free_Wi-Fi,d4:68:4d:02:69:9d,5500,5GHz,-80,802.11n,FAILED_AT_SCANNING,FAILED_AT_<STATE>,3025,3-5s,ASSOCIATING_ONLY,5,ASSOCIATING>DISCONNECTED>INTERFACE_DISABLED>DISCONNECTED>SCANNING
311708,98784a70-edc9-479e-9911-b8e6df7be24a,after,2026-09-15 12:34:13,ASUS_I006D,33,TOHOKU_United_Free_Wi-Fi,d4:68:4d:c2:69:9c,5500,5GHz,-80,802.11n,TIMEOUT_AT_COMPLETED,TIMEOUT_AT_<STATE>,1681,0-2s,COMPLETED,3,ASSOCIATING>ASSOCIATED>COMPLETED
311727,98784a70-edc9-479e-9911-b8e6df7be24a,after,2026-09-15 12:34:13,ASUS_I006D,33,Wi2eap,f0:b0:52:ae:84:7c,5280,5GHz,-84,802.11n,NOT_FOUND,NOT_FOUND,3028,3-5s,NONE,0,
311730,98784a70-edc9-479e-9911-b8e6df7be24a,after,2026-09-15 12:34:13,ASUS_I006D,33,TOHOKU_United_Free_Wi-Fi,f0:b0:52:ee:84:7c,5280,5GHz,-84,802.11n,TIMEOUT_AT_COMPLETED,TIMEOUT_AT_<STATE>,2868,0-2s,COMPLETED,5,INTERFACE_DISABLED>DISCONNECTED>ASSOCIATING>ASSOCIATED>COMPLETED
311731,98784a70-edc9-479e-9911-b8e6df7be24a,after,2026-09-15 12:34:13,ASUS_I006D,33,Wi2eap,b4:79:c8:90:24:fc,5680,5GHz,-84,802.11ac,NOT_FOUND,NOT_FOUND,3020,3-5s,NONE,0,
311739,98784a70-edc9-479e-9911-b8e6df7be24a,after,2026-09-15 12:34:13,ASUS_I006D,33,Wi2eap,c4:10:8a:9e:b0:2c,5700,5GHz,-85,802.11n,NOT_FOUND,NOT_FOUND,3029,3-5s,NONE,0,
311741,98784a70-edc9-479e-9911-b8e6df7be24a,after,2026-09-15 12:34:13,ASUS_I006D,33,SENDAI_free_Wi-Fi,f0:b0:52:2e:84:7d,5280,5GHz,-85,802.11n,TIMEOUT_AT_COMPLETED,TIMEOUT_AT_<STATE>,2339,0-2s,COMPLETED,5,INTERFACE_DISABLED>DISCONNECTED>ASSOCIATING>ASSOCIATED>COMPLETED
311754,98784a70-edc9-479e-9911-b8e6df7be24a,after,2026-09-15 12:34:13,ASUS_I006D,33,Wi2eap,c4:10:8a:9f:79:8c,5580,5GHz,-88,802.11n,NOT_FOUND,NOT_FOUND,3025,3-5s,NONE,0,
311759,98784a70-edc9-479e-9911-b8e6df7be24a,after,2026-09-15 12:34:13,ASUS_I006D,33,TOHOKU_United_Free_Wi-Fi,60:d0:2c:73:34:9d,5540,5GHz,-90,802.11ac,NOT_FOUND,NOT_FOUND,3020,3-5s,NONE,0,
311761,98784a70-edc9-479e-9911-b8e6df7be24a,after,2026-09-15 12:34:13,ASUS_I006D,33,Wi2eap,60:d0:2c:33:34:9d,5540,5GHz,-91,802.11ac,NOT_FOUND,NOT_FOUND,3028,3-5s,NONE,0,
311764,98784a70-edc9-479e-9911-b8e6df7be24a,after,2026-09-15 12:34:13,ASUS_I006D,33,Wi2eap,b4:79:c8:95:11:cc,5580,5GHz,-91,802.11ac,NOT_FOUND,NOT_FOUND,3027,3-5s,NONE,0,
315629,3282464b-9883-4cb9-bd68-136a2bbab491,after,2026-09-15 12:34:28,motorola edge 40 neo,34,SENDAI_free_Wi-Fi,f0:b0:52:ee:84:78,2437,2.4GHz,-74,802.11n,TIMEOUT_AT_COMPLETED,TIMEOUT_AT_<STATE>,1442,0-2s,COMPLETED,5,INTERFACE_DISABLED>DISCONNECTED>ASSOCIATING>ASSOCIATED>COMPLETED
315647,3282464b-9883-4cb9-bd68-136a2bbab491,after,2026-09-15 12:34:28,motorola edge 40 neo,34,TOHOKU_United_Free_Wi-Fi,f0:b0:52:ee:84:7c,5280,5GHz,-83,802.11n,TIMEOUT_AT_COMPLETED,TIMEOUT_AT_<STATE>,269,0-2s,COMPLETED,5,INTERFACE_DISABLED>DISCONNECTED>ASSOCIATING>ASSOCIATED>COMPLETED
315648,3282464b-9883-4cb9-bd68-136a2bbab491,after,2026-09-15 12:34:28,motorola edge 40 neo,34,SENDAI_free_Wi-Fi,f0:b0:52:2e:84:7d,5280,5GHz,-84,802.11n,TIMEOUT_AT_COMPLETED,TIMEOUT_AT_<STATE>,1256,0-2s,COMPLETED,5,INTERFACE_DISABLED>DISCONNECTED>ASSOCIATING>ASSOCIATED>COMPLETED
315652,3282464b-9883-4cb9-bd68-136a2bbab491,after,2026-09-15 12:34:28,motorola edge 40 neo,34,TOHOKU_United_Free_Wi-Fi,d4:68:4d:c2:69:9c,5500,5GHz,-85,802.11n,NOT_FOUND,NOT_FOUND,3011,3-5s,NONE,0,
315656,3282464b-9883-4cb9-bd68-136a2bbab491,after,2026-09-15 12:34:28,motorola edge 40 neo,34,SENDAI_free_Wi-Fi,d4:68:4d:02:69:9d,5500,5GHz,-85,802.11n,TIMEOUT_AT_COMPLETED,TIMEOUT_AT_<STATE>,2219,0-2s,COMPLETED,5,INTERFACE_DISABLED>DISCONNECTED>ASSOCIATING>ASSOCIATED>COMPLETED
315666,3282464b-9883-4cb9-bd68-136a2bbab491,after,2026-09-15 12:34:28,motorola edge 40 neo,34,TOHOKU_United_Free_Wi-Fi,d4:68:4d:c0:29:bc,5500,5GHz,-88,802.11n,NOT_FOUND,NOT_FOUND,3014,3-5s,NONE,0,
315673,3282464b-9883-4cb9-bd68-136a2bbab491,after,2026-09-15 12:34:28,motorola edge 40 neo,34,SENDAI_free_Wi-Fi,d4:68:4d:00:29:bd,5500,5GHz,-89,802.11n,NOT_FOUND,NOT_FOUND,3016,3-5s,NONE,0,
311780,33f84ec2-e6dc-4021-aa0d-01fa8e8050fe,after,2026-09-15 12:35:17,ASUS_I006D,33,Wi2eap,b4:79:c8:90:24:fc,5680,5GHz,-68,802.11ac,NOT_FOUND,NOT_FOUND,3016,3-5s,NONE,0,
311812,33f84ec2-e6dc-4021-aa0d-01fa8e8050fe,after,2026-09-15 12:35:17,ASUS_I006D,33,Wi2eap,c4:10:8a:9e:b0:2c,5700,5GHz,-78,802.11n,NOT_FOUND,NOT_FOUND,3020,3-5s,NONE,0,
311814,33f84ec2-e6dc-4021-aa0d-01fa8e8050fe,after,2026-09-15 12:35:17,ASUS_I006D,33,Wi2eap,b4:79:c8:95:11:cc,5580,5GHz,-78,802.11ac,NOT_FOUND,NOT_FOUND,3029,3-5s,NONE,0,
311833,33f84ec2-e6dc-4021-aa0d-01fa8e8050fe,after,2026-09-15 12:35:17,ASUS_I006D,33,TOHOKU_United_Free_Wi-Fi,d4:68:4d:c0:29:bc,5500,5GHz,-83,802.11n,FAILED_AT_SCANNING,FAILED_AT_<STATE>,3013,3-5s,ASSOCIATING_ONLY,3,ASSOCIATING>DISCONNECTED>SCANNING
311838,33f84ec2-e6dc-4021-aa0d-01fa8e8050fe,after,2026-09-15 12:35:17,ASUS_I006D,33,SENDAI_free_Wi-Fi,d4:68:4d:00:29:bd,5500,5GHz,-83,802.11n,FAILED_AT_SCANNING,FAILED_AT_<STATE>,3015,3-5s,ASSOCIATING_ONLY,7,ASSOCIATING>DISCONNECTED>INTERFACE_DISABLED>DISCONNECTED>INTERFACE_DISABLED>DISCONNECTED>SCANNING
311843,33f84ec2-e6dc-4021-aa0d-01fa8e8050fe,after,2026-09-15 12:35:17,ASUS_I006D,33,Wi2eap,d4:68:4d:82:69:9c,5500,5GHz,-84,802.11n,NOT_FOUND,NOT_FOUND,3026,3-5s,NONE,0,
311845,33f84ec2-e6dc-4021-aa0d-01fa8e8050fe,after,2026-09-15 12:35:17,ASUS_I006D,33,SENDAI_free_Wi-Fi,d4:68:4d:02:69:9d,5500,5GHz,-84,802.11n,FAILED_AT_SCANNING,FAILED_AT_<STATE>,3028,3-5s,ASSOCIATING_ONLY,5,ASSOCIATING>DISCONNECTED>INTERFACE_DISABLED>DISCONNECTED>SCANNING
311849,33f84ec2-e6dc-4021-aa0d-01fa8e8050fe,after,2026-09-15 12:35:17,ASUS_I006D,33,TOHOKU_United_Free_Wi-Fi,d4:68:4d:c2:69:9c,5500,5GHz,-84,802.11n,FAILED_AT_SCANNING,FAILED_AT_<STATE>,3024,3-5s,ASSOCIATING_ONLY,5,ASSOCIATING>DISCONNECTED>INTERFACE_DISABLED>DISCONNECTED>SCANNING
311852,33f84ec2-e6dc-4021-aa0d-01fa8e8050fe,after,2026-09-15 12:35:17,ASUS_I006D,33,Wi2eap,18:4b:0d:95:d6:3c,5520,5GHz,-85,802.11ac,NOT_FOUND,NOT_FOUND,3028,3-5s,NONE,0,
311881,33f84ec2-e6dc-4021-aa0d-01fa8e8050fe,after,2026-09-15 12:35:17,ASUS_I006D,33,SENDAI_free_Wi-Fi,f0:b0:52:2e:84:7d,5280,5GHz,-87,802.11n,TIMEOUT_AT_COMPLETED,TIMEOUT_AT_<STATE>,1140,0-2s,COMPLETED,5,INTERFACE_DISABLED>DISCONNECTED>ASSOCIATING>ASSOCIATED>COMPLETED
311885,33f84ec2-e6dc-4021-aa0d-01fa8e8050fe,after,2026-09-15 12:35:17,ASUS_I006D,33,Wi2eap,c4:10:8a:9f:79:8c,5580,5GHz,-88,802.11n,NOT_FOUND,NOT_FOUND,3021,3-5s,NONE,0,
311888,33f84ec2-e6dc-4021-aa0d-01fa8e8050fe,after,2026-09-15 12:35:17,ASUS_I006D,33,Wi2eap,f0:b0:52:ae:84:7c,5280,5GHz,-89,802.11n,NOT_FOUND,NOT_FOUND,3023,3-5s,NONE,0,
311889,33f84ec2-e6dc-4021-aa0d-01fa8e8050fe,after,2026-09-15 12:35:17,ASUS_I006D,33,TOHOKU_United_Free_Wi-Fi,f0:b0:52:ee:84:7c,5280,5GHz,-89,802.11n,FAILED_AT_SCANNING,FAILED_AT_<STATE>,3017,3-5s,ASSOCIATING_ONLY,9,INTERFACE_DISABLED>DISCONNECTED>ASSOCIATING>DISCONNECTED>INTERFACE_DISABLED>DISCONNECTED>INTERFACE_DISABLED>DISCONNECTED>SCANNING
315743,c7da4d3e-385c-4b42-ae51-ff97eebcf5c1,after,2026-09-15 12:35:19,motorola edge 40 neo,34,SENDAI_free_Wi-Fi,d4:68:4d:00:29:bd,5500,5GHz,-87,802.11n,TIMEOUT_AT_COMPLETED,TIMEOUT_AT_<STATE>,337,0-2s,COMPLETED,5,INTERFACE_DISABLED>DISCONNECTED>ASSOCIATING>ASSOCIATED>COMPLETED
315745,c7da4d3e-385c-4b42-ae51-ff97eebcf5c1,after,2026-09-15 12:35:19,motorola edge 40 neo,34,TOHOKU_United_Free_Wi-Fi,d4:68:4d:c0:29:bc,5500,5GHz,-88,802.11n,TIMEOUT_AT_COMPLETED,TIMEOUT_AT_<STATE>,332,0-2s,COMPLETED,5,INTERFACE_DISABLED>DISCONNECTED>ASSOCIATING>ASSOCIATED>COMPLETED
315757,c7da4d3e-385c-4b42-ae51-ff97eebcf5c1,after,2026-09-15 12:35:19,motorola edge 40 neo,34,TOHOKU_United_Free_Wi-Fi,f0:b0:52:ee:84:7c,5280,5GHz,-89,802.11n,TIMEOUT_AT_COMPLETED,TIMEOUT_AT_<STATE>,1192,0-2s,COMPLETED,5,INTERFACE_DISABLED>DISCONNECTED>ASSOCIATING>ASSOCIATED>COMPLETED
315758,c7da4d3e-385c-4b42-ae51-ff97eebcf5c1,after,2026-09-15 12:35:19,motorola edge 40 neo,34,SENDAI_free_Wi-Fi,f0:b0:52:2e:84:7d,5280,5GHz,-89,802.11n,TIMEOUT_AT_COMPLETED,TIMEOUT_AT_<STATE>,2255,0-2s,COMPLETED,5,INTERFACE_DISABLED>DISCONNECTED>ASSOCIATING>ASSOCIATED>COMPLETED
315805,64af1c26-1be9-41ba-bbca-2534b1373b06,after,2026-09-15 12:36:06,motorola edge 40 neo,34,TOHOKU_United_Free_Wi-Fi,d4:68:4d:c0:29:bc,5500,5GHz,-87,802.11n,TIMEOUT_AT_COMPLETED,TIMEOUT_AT_<STATE>,239,0-2s,COMPLETED,5,INTERFACE_DISABLED>DISCONNECTED>ASSOCIATING>ASSOCIATED>COMPLETED
315812,64af1c26-1be9-41ba-bbca-2534b1373b06,after,2026-09-15 12:36:06,motorola edge 40 neo,34,SENDAI_free_Wi-Fi,d4:68:4d:00:29:bd,5500,5GHz,-88,802.11n,TIMEOUT_AT_COMPLETED,TIMEOUT_AT_<STATE>,339,0-2s,COMPLETED,5,INTERFACE_DISABLED>DISCONNECTED>ASSOCIATING>ASSOCIATED>COMPLETED
315835,64af1c26-1be9-41ba-bbca-2534b1373b06,after,2026-09-15 12:36:06,motorola edge 40 neo,34,TOHOKU_United_Free_Wi-Fi,f0:b0:52:ee:84:7c,5280,5GHz,-91,802.11n,TIMEOUT_AT_COMPLETED,TIMEOUT_AT_<STATE>,295,0-2s,COMPLETED,5,INTERFACE_DISABLED>DISCONNECTED>ASSOCIATING>ASSOCIATED>COMPLETED
315843,64af1c26-1be9-41ba-bbca-2534b1373b06,after,2026-09-15 12:36:06,motorola edge 40 neo,34,SENDAI_free_Wi-Fi,f0:b0:52:2e:84:7d,5280,5GHz,-92,802.11n,TIMEOUT_AT_COMPLETED,TIMEOUT_AT_<STATE>,320,0-2s,COMPLETED,5,INTERFACE_DISABLED>DISCONNECTED>ASSOCIATING>ASSOCIATED>COMPLETED
311899,8d552fe5-0219-484f-9e22-9a5447ff93e0,after,2026-09-15 12:36:13,ASUS_I006D,33,Wi2eap,b4:79:c8:90:24:fc,5680,5GHz,-74,802.11ac,NOT_FOUND,NOT_FOUND,3030,3-5s,NONE,0,
311910,8d552fe5-0219-484f-9e22-9a5447ff93e0,after,2026-09-15 12:36:13,ASUS_I006D,33,Wi2eap,d4:68:4d:82:69:9c,5500,5GHz,-77,802.11n,NOT_FOUND,NOT_FOUND,3030,3-5s,NONE,0,
311912,8d552fe5-0219-484f-9e22-9a5447ff93e0,after,2026-09-15 12:36:13,ASUS_I006D,33,SENDAI_free_Wi-Fi,d4:68:4d:02:69:9d,5500,5GHz,-77,802.11n,FAILED_AT_SCANNING,FAILED_AT_<STATE>,3027,3-5s,ASSOCIATING_ONLY,9,INTERFACE_DISABLED>DISCONNECTED>ASSOCIATING>DISCONNECTED>INTERFACE_DISABLED>DISCONNECTED>INTERFACE_DISABLED>DISCONNECTED>SCANNING
311921,8d552fe5-0219-484f-9e22-9a5447ff93e0,after,2026-09-15 12:36:13,ASUS_I006D,33,TOHOKU_United_Free_Wi-Fi,d4:68:4d:c0:29:bc,5500,5GHz,-80,802.11n,FAILED_AT_SCANNING,FAILED_AT_<STATE>,3022,3-5s,ASSOCIATING_ONLY,7,ASSOCIATING>DISCONNECTED>INTERFACE_DISABLED>DISCONNECTED>INTERFACE_DISABLED>DISCONNECTED>SCANNING
311924,8d552fe5-0219-484f-9e22-9a5447ff93e0,after,2026-09-15 12:36:13,ASUS_I006D,33,Wi2eap,d4:68:4d:80:29:bc,5500,5GHz,-80,802.11n,NOT_FOUND,NOT_FOUND,3025,3-5s,NONE,0,
311926,8d552fe5-0219-484f-9e22-9a5447ff93e0,after,2026-09-15 12:36:13,ASUS_I006D,33,SENDAI_free_Wi-Fi,d4:68:4d:00:29:bd,5500,5GHz,-80,802.11n,TIMEOUT_AT_ASSOCIATING,TIMEOUT_AT_<STATE>,3031,3-5s,ASSOCIATING_ONLY,3,INTERFACE_DISABLED>DISCONNECTED>ASSOCIATING
311963,8d552fe5-0219-484f-9e22-9a5447ff93e0,after,2026-09-15 12:36:13,ASUS_I006D,33,Wi2eap,f0:b0:52:ae:8e:fc,5500,5GHz,-87,802.11n,FAILED_AT_DISCONNECTED,FAILED_AT_<STATE>,3031,3-5s,NONE,3,DISCONNECTED>INTERFACE_DISABLED>DISCONNECTED
311964,8d552fe5-0219-484f-9e22-9a5447ff93e0,after,2026-09-15 12:36:13,ASUS_I006D,33,SENDAI_free_Wi-Fi,f0:b0:52:2e:8e:fd,5500,5GHz,-87,802.11n,FAILED_AT_SCANNING,FAILED_AT_<STATE>,3019,3-5s,ASSOCIATING_ONLY,9,INTERFACE_DISABLED>DISCONNECTED>ASSOCIATING>DISCONNECTED>INTERFACE_DISABLED>DISCONNECTED>INTERFACE_DISABLED>DISCONNECTED>SCANNING
311966,8d552fe5-0219-484f-9e22-9a5447ff93e0,after,2026-09-15 12:36:13,ASUS_I006D,33,Wi2eap,f0:b0:52:ae:84:7c,5280,5GHz,-87,802.11n,NOT_FOUND,NOT_FOUND,3028,3-5s,NONE,0,
311969,8d552fe5-0219-484f-9e22-9a5447ff93e0,after,2026-09-15 12:36:13,ASUS_I006D,33,TOHOKU_United_Free_Wi-Fi,f0:b0:52:ee:8e:fc,5500,5GHz,-88,802.11n,NOT_FOUND,NOT_FOUND,3026,3-5s,NONE,0,
311975,8d552fe5-0219-484f-9e22-9a5447ff93e0,after,2026-09-15 12:36:13,ASUS_I006D,33,TOHOKU_United_Free_Wi-Fi,f0:b0:52:ee:84:7c,5280,5GHz,-88,802.11n,TIMEOUT_AT_COMPLETED,TIMEOUT_AT_<STATE>,828,0-2s,COMPLETED,5,INTERFACE_DISABLED>DISCONNECTED>ASSOCIATING>ASSOCIATED>COMPLETED
311978,8d552fe5-0219-484f-9e22-9a5447ff93e0,after,2026-09-15 12:36:13,ASUS_I006D,33,SENDAI_free_Wi-Fi,f0:b0:52:2e:84:7d,5280,5GHz,-88,802.11n,TIMEOUT_AT_COMPLETED,TIMEOUT_AT_<STATE>,1435,0-2s,COMPLETED,5,INTERFACE_DISABLED>DISCONNECTED>ASSOCIATING>ASSOCIATED>COMPLETED
311984,8d552fe5-0219-484f-9e22-9a5447ff93e0,after,2026-09-15 12:36:13,ASUS_I006D,33,Wi2eap,f0:b0:52:b2:6f:5c,5540,5GHz,-89,802.11n,NOT_FOUND,NOT_FOUND,3023,3-5s,NONE,0,
311988,8d552fe5-0219-484f-9e22-9a5447ff93e0,after,2026-09-15 12:36:13,ASUS_I006D,33,SENDAI_free_Wi-Fi,f0:b0:52:32:6f:5d,5540,5GHz,-89,802.11n,TIMEOUT_AT_COMPLETED,TIMEOUT_AT_<STATE>,1548,0-2s,COMPLETED,5,INTERFACE_DISABLED>DISCONNECTED>ASSOCIATING>ASSOCIATED>COMPLETED
311998,8d552fe5-0219-484f-9e22-9a5447ff93e0,after,2026-09-15 12:36:13,ASUS_I006D,33,Wi2eap,b4:79:c8:95:11:cc,5580,5GHz,-91,802.11ac,NOT_FOUND,NOT_FOUND,3027,3-5s,NONE,0,
312021,47a5dcc5-c613-4d17-b8cd-d0d7324d5402,after,2026-09-15 12:37:19,ASUS_I006D,33,SENDAI_free_Wi-Fi,d4:68:4d:02:69:9d,5500,5GHz,-77,802.11n,TIMEOUT_AT_COMPLETED,TIMEOUT_AT_<STATE>,1119,0-2s,COMPLETED,5,INTERFACE_DISABLED>DISCONNECTED>ASSOCIATING>ASSOCIATED>COMPLETED
312022,47a5dcc5-c613-4d17-b8cd-d0d7324d5402,after,2026-09-15 12:37:19,ASUS_I006D,33,Wi2eap,f0:b0:52:ae:8e:fc,5500,5GHz,-78,802.11n,NOT_FOUND,NOT_FOUND,3023,3-5s,NONE,0,
312024,47a5dcc5-c613-4d17-b8cd-d0d7324d5402,after,2026-09-15 12:37:19,ASUS_I006D,33,Wi2eap,d4:68:4d:82:69:9c,5500,5GHz,-78,802.11n,NOT_FOUND,NOT_FOUND,3023,3-5s,NONE,0,
312027,47a5dcc5-c613-4d17-b8cd-d0d7324d5402,after,2026-09-15 12:37:19,ASUS_I006D,33,TOHOKU_United_Free_Wi-Fi,d4:68:4d:c2:69:9c,5500,5GHz,-78,802.11n,TIMEOUT_AT_COMPLETED,TIMEOUT_AT_<STATE>,1155,0-2s,COMPLETED,3,ASSOCIATING>ASSOCIATED>COMPLETED
312028,47a5dcc5-c613-4d17-b8cd-d0d7324d5402,after,2026-09-15 12:37:19,ASUS_I006D,33,TOHOKU_United_Free_Wi-Fi,f0:b0:52:ee:8e:fc,5500,5GHz,-79,802.11n,NOT_FOUND,NOT_FOUND,3018,3-5s,NONE,0,
312029,47a5dcc5-c613-4d17-b8cd-d0d7324d5402,after,2026-09-15 12:37:19,ASUS_I006D,33,SENDAI_free_Wi-Fi,f0:b0:52:2e:8e:fd,5500,5GHz,-79,802.11n,TIMEOUT_AT_COMPLETED,TIMEOUT_AT_<STATE>,907,0-2s,COMPLETED,5,INTERFACE_DISABLED>DISCONNECTED>ASSOCIATING>ASSOCIATED>COMPLETED
312039,47a5dcc5-c613-4d17-b8cd-d0d7324d5402,after,2026-09-15 12:37:19,ASUS_I006D,33,Wi2eap,d4:68:4d:80:29:bc,5500,5GHz,-81,802.11n,NOT_FOUND,NOT_FOUND,3023,3-5s,NONE,0,
312040,47a5dcc5-c613-4d17-b8cd-d0d7324d5402,after,2026-09-15 12:37:19,ASUS_I006D,33,SENDAI_free_Wi-Fi,d4:68:4d:00:29:bd,5500,5GHz,-81,802.11n,FAILED_AT_SCANNING,FAILED_AT_<STATE>,3025,3-5s,ASSOCIATING_ONLY,9,INTERFACE_DISABLED>DISCONNECTED>ASSOCIATING>DISCONNECTED>INTERFACE_DISABLED>DISCONNECTED>INTERFACE_DISABLED>DISCONNECTED>SCANNING
312045,47a5dcc5-c613-4d17-b8cd-d0d7324d5402,after,2026-09-15 12:37:19,ASUS_I006D,33,Wi2eap,c4:10:8a:9e:b0:2c,5700,5GHz,-83,802.11n,NOT_FOUND,NOT_FOUND,3025,3-5s,NONE,0,
312081,47a5dcc5-c613-4d17-b8cd-d0d7324d5402,after,2026-09-15 12:37:19,ASUS_I006D,33,TOHOKU_United_Free_Wi-Fi,f0:b0:52:f2:6f:5c,5540,5GHz,-88,802.11n,TIMEOUT_AT_ASSOCIATING,TIMEOUT_AT_<STATE>,3019,3-5s,ASSOCIATING_ONLY,3,INTERFACE_DISABLED>DISCONNECTED>ASSOCIATING
312089,47a5dcc5-c613-4d17-b8cd-d0d7324d5402,after,2026-09-15 12:37:19,ASUS_I006D,33,Wi2eap,f0:b0:52:b2:6f:5c,5540,5GHz,-89,802.11n,FAILED_AT_DISCONNECTED,FAILED_AT_<STATE>,3025,3-5s,NONE,2,INTERFACE_DISABLED>DISCONNECTED
312090,47a5dcc5-c613-4d17-b8cd-d0d7324d5402,after,2026-09-15 12:37:19,ASUS_I006D,33,Wi2eap,c4:10:8a:9f:79:8c,5580,5GHz,-89,802.11n,NOT_FOUND,NOT_FOUND,3026,3-5s,NONE,0,
312093,47a5dcc5-c613-4d17-b8cd-d0d7324d5402,after,2026-09-15 12:37:19,ASUS_I006D,33,SENDAI_free_Wi-Fi,f0:b0:52:32:6f:5d,5540,5GHz,-89,802.11n,TIMEOUT_AT_COMPLETED,TIMEOUT_AT_<STATE>,1261,0-2s,COMPLETED,5,INTERFACE_DISABLED>DISCONNECTED>ASSOCIATING>ASSOCIATED>COMPLETED
312097,47a5dcc5-c613-4d17-b8cd-d0d7324d5402,after,2026-09-15 12:37:19,ASUS_I006D,33,Wi2eap,b4:79:c8:90:24:fc,5680,5GHz,-90,802.11ac,NOT_FOUND,NOT_FOUND,3028,3-5s,NONE,0,
315867,d1fc3441-b494-430c-a8ad-8f00b159f75a,after,2026-09-15 12:37:30,motorola edge 40 neo,34,TOHOKU_United_Free_Wi-Fi,d4:68:4d:c0:29:bc,5500,5GHz,-83,802.11n,FAILED_AT_DISCONNECTED,FAILED_AT_<STATE>,730,0-2s,ASSOCIATING_ONLY,20,ASSOCIATING>DISCONNECTED>INTERFACE_DISABLED>DISCONNECTED>INTERFACE_DISABLED>DISCONNECTED>ASSOCIATING>DISCONNECTED>INTERFACE_DISABLED>DISCONNECTED>INTERFACE_DISABLED>DISCONNECTED>ASSOCIATING>DISCONNECTED>INTERFACE_DISABLED>DISCONNECTED>ASSOCIATING>DISCONNECTED>INTERFACE_DISABLED>DISCONNECTED
315868,d1fc3441-b494-430c-a8ad-8f00b159f75a,after,2026-09-15 12:37:30,motorola edge 40 neo,34,SENDAI_free_Wi-Fi,d4:68:4d:00:29:bd,5500,5GHz,-83,802.11n,TIMEOUT_AT_ASSOCIATING,TIMEOUT_AT_<STATE>,760,0-2s,ASSOCIATING_ONLY,19,INTERFACE_DISABLED>DISCONNECTED>ASSOCIATING>DISCONNECTED>INTERFACE_DISABLED>DISCONNECTED>INTERFACE_DISABLED>DISCONNECTED>ASSOCIATING>DISCONNECTED>INTERFACE_DISABLED>DISCONNECTED>INTERFACE_DISABLED>DISCONNECTED>ASSOCIATING>DISCONNECTED>INTERFACE_DISABLED>DISCONNECTED>ASSOCIATING
315873,d1fc3441-b494-430c-a8ad-8f00b159f75a,after,2026-09-15 12:37:30,motorola edge 40 neo,34,SENDAI_free_Wi-Fi,f0:b0:52:2e:8e:fd,5500,5GHz,-85,802.11n,TIMEOUT_AT_COMPLETED,TIMEOUT_AT_<STATE>,1659,0-2s,COMPLETED,5,INTERFACE_DISABLED>DISCONNECTED>ASSOCIATING>ASSOCIATED>COMPLETED
315878,d1fc3441-b494-430c-a8ad-8f00b159f75a,after,2026-09-15 12:37:30,motorola edge 40 neo,34,TOHOKU_United_Free_Wi-Fi,d4:68:4d:c2:69:9c,5500,5GHz,-85,802.11n,NOT_FOUND,NOT_FOUND,3006,3-5s,NONE,0,
315884,d1fc3441-b494-430c-a8ad-8f00b159f75a,after,2026-09-15 12:37:30,motorola edge 40 neo,34,SENDAI_free_Wi-Fi,d4:68:4d:02:69:9d,5500,5GHz,-86,802.11n,TIMEOUT_AT_COMPLETED,TIMEOUT_AT_<STATE>,263,0-2s,COMPLETED,5,INTERFACE_DISABLED>DISCONNECTED>ASSOCIATING>ASSOCIATED>COMPLETED
315887,d1fc3441-b494-430c-a8ad-8f00b159f75a,after,2026-09-15 12:37:30,motorola edge 40 neo,34,TOHOKU_United_Free_Wi-Fi,f0:b0:52:ee:8e:fc,5500,5GHz,-88,802.11n,TIMEOUT_AT_COMPLETED,TIMEOUT_AT_<STATE>,2987,0-2s,COMPLETED,5,INTERFACE_DISABLED>DISCONNECTED>ASSOCIATING>ASSOCIATED>COMPLETED
315913,d1fc3441-b494-430c-a8ad-8f00b159f75a,after,2026-09-15 12:37:30,motorola edge 40 neo,34,SENDAI_free_Wi-Fi,f0:b0:52:2e:84:7d,5280,5GHz,-91,802.11n,NOT_FOUND,NOT_FOUND,3010,3-5s,NONE,0,
312101,edab744e-3aed-4923-a98e-05bac58ffb7e,after,2026-09-15 12:38:15,ASUS_I006D,33,Wi2eap,d4:68:4d:82:69:9c,5500,5GHz,-73,802.11n,NOT_FOUND,NOT_FOUND,3029,3-5s,NONE,0,
312107,edab744e-3aed-4923-a98e-05bac58ffb7e,after,2026-09-15 12:38:15,ASUS_I006D,33,SENDAI_free_Wi-Fi,d4:68:4d:02:69:9d,5500,5GHz,-74,802.11n,FAILED_AT_SCANNING,FAILED_AT_<STATE>,3020,3-5s,ASSOCIATING_ONLY,9,INTERFACE_DISABLED>DISCONNECTED>ASSOCIATING>DISCONNECTED>INTERFACE_DISABLED>DISCONNECTED>INTERFACE_DISABLED>DISCONNECTED>SCANNING
312110,edab744e-3aed-4923-a98e-05bac58ffb7e,after,2026-09-15 12:38:15,ASUS_I006D,33,TOHOKU_United_Free_Wi-Fi,d4:68:4d:c2:69:9c,5500,5GHz,-74,802.11n,FAILED_AT_SCANNING,FAILED_AT_<STATE>,3018,3-5s,ASSOCIATING_ONLY,3,ASSOCIATING>DISCONNECTED>SCANNING
312117,edab744e-3aed-4923-a98e-05bac58ffb7e,after,2026-09-15 12:38:15,ASUS_I006D,33,SENDAI_free_Wi-Fi,d4:68:4d:00:29:bd,5500,5GHz,-76,802.11n,TIMEOUT_AT_COMPLETED,TIMEOUT_AT_<STATE>,1171,0-2s,COMPLETED,3,ASSOCIATING>ASSOCIATED>COMPLETED
312118,edab744e-3aed-4923-a98e-05bac58ffb7e,after,2026-09-15 12:38:15,ASUS_I006D,33,TOHOKU_United_Free_Wi-Fi,d4:68:4d:c0:29:bc,5500,5GHz,-77,802.11n,TIMEOUT_AT_COMPLETED,TIMEOUT_AT_<STATE>,1408,0-2s,COMPLETED,5,INTERFACE_DISABLED>DISCONNECTED>ASSOCIATING>ASSOCIATED>COMPLETED
312126,edab744e-3aed-4923-a98e-05bac58ffb7e,after,2026-09-15 12:38:15,ASUS_I006D,33,Wi2eap,c4:10:8a:9e:b0:2c,5700,5GHz,-78,802.11n,NOT_FOUND,NOT_FOUND,3026,3-5s,NONE,0,
312128,edab744e-3aed-4923-a98e-05bac58ffb7e,after,2026-09-15 12:38:15,ASUS_I006D,33,TOHOKU_United_Free_Wi-Fi,f0:b0:52:ee:8e:fc,5500,5GHz,-80,802.11n,TIMEOUT_AT_ASSOCIATING,TIMEOUT_AT_<STATE>,3015,3-5s,ASSOCIATING_ONLY,3,INTERFACE_DISABLED>DISCONNECTED>ASSOCIATING
312129,edab744e-3aed-4923-a98e-05bac58ffb7e,after,2026-09-15 12:38:15,ASUS_I006D,33,Wi2eap,f0:b0:52:ae:8e:fc,5500,5GHz,-80,802.11n,FAILED_AT_DISCONNECTED,FAILED_AT_<STATE>,3022,3-5s,NONE,3,DISCONNECTED>INTERFACE_DISABLED>DISCONNECTED
312137,edab744e-3aed-4923-a98e-05bac58ffb7e,after,2026-09-15 12:38:15,ASUS_I006D,33,SENDAI_free_Wi-Fi,f0:b0:52:2e:8e:fd,5500,5GHz,-82,802.11n,FAILED_AT_SCANNING,FAILED_AT_<STATE>,3018,3-5s,ASSOCIATING_ONLY,7,INTERFACE_DISABLED>DISCONNECTED>ASSOCIATING>DISCONNECTED>INTERFACE_DISABLED>DISCONNECTED>SCANNING
312150,edab744e-3aed-4923-a98e-05bac58ffb7e,after,2026-09-15 12:38:15,ASUS_I006D,33,Wi2eap,f0:b0:52:b2:6f:5c,5540,5GHz,-86,802.11n,NOT_FOUND,NOT_FOUND,3026,3-5s,NONE,0,
312154,edab744e-3aed-4923-a98e-05bac58ffb7e,after,2026-09-15 12:38:15,ASUS_I006D,33,TOHOKU_United_Free_Wi-Fi,f0:b0:52:f2:6f:5c,5540,5GHz,-87,802.11n,TIMEOUT_AT_ASSOCIATING,TIMEOUT_AT_<STATE>,3025,3-5s,ASSOCIATING_ONLY,3,INTERFACE_DISABLED>DISCONNECTED>ASSOCIATING
312157,edab744e-3aed-4923-a98e-05bac58ffb7e,after,2026-09-15 12:38:15,ASUS_I006D,33,SENDAI_free_Wi-Fi,f0:b0:52:32:6f:5d,5540,5GHz,-87,802.11n,TIMEOUT_AT_COMPLETED,TIMEOUT_AT_<STATE>,1717,0-2s,COMPLETED,6,DISCONNECTED>INTERFACE_DISABLED>DISCONNECTED>ASSOCIATING>ASSOCIATED>COMPLETED
312164,edab744e-3aed-4923-a98e-05bac58ffb7e,after,2026-09-15 12:38:15,ASUS_I006D,33,TOHOKU_United_Free_Wi-Fi,60:d0:2c:73:64:bd,5560,5GHz,-89,802.11ac,NOT_FOUND,NOT_FOUND,3017,3-5s,NONE,0,
312165,edab744e-3aed-4923-a98e-05bac58ffb7e,after,2026-09-15 12:38:15,ASUS_I006D,33,Wi2eap,60:d0:2c:33:64:bd,5560,5GHz,-89,802.11ac,NOT_FOUND,NOT_FOUND,3029,3-5s,NONE,0,
315933,045460eb-ed77-4822-a254-7cd29e097513,after,2026-09-15 12:38:21,motorola edge 40 neo,34,TOHOKU_United_Free_Wi-Fi,d4:68:4d:c2:69:9c,5500,5GHz,-81,802.11n,TIMEOUT_AT_COMPLETED,TIMEOUT_AT_<STATE>,223,0-2s,COMPLETED,5,INTERFACE_DISABLED>DISCONNECTED>ASSOCIATING>ASSOCIATED>COMPLETED
315936,045460eb-ed77-4822-a254-7cd29e097513,after,2026-09-15 12:38:21,motorola edge 40 neo,34,SENDAI_free_Wi-Fi,d4:68:4d:02:69:9d,5500,5GHz,-81,802.11n,TIMEOUT_AT_COMPLETED,TIMEOUT_AT_<STATE>,289,0-2s,COMPLETED,5,INTERFACE_DISABLED>DISCONNECTED>ASSOCIATING>ASSOCIATED>COMPLETED
315944,045460eb-ed77-4822-a254-7cd29e097513,after,2026-09-15 12:38:21,motorola edge 40 neo,34,SENDAI_free_Wi-Fi,f0:b0:52:2e:8e:fd,5500,5GHz,-88,802.11n,TIMEOUT_AT_COMPLETED,TIMEOUT_AT_<STATE>,283,0-2s,COMPLETED,5,INTERFACE_DISABLED>DISCONNECTED>ASSOCIATING>ASSOCIATED>COMPLETED
315954,045460eb-ed77-4822-a254-7cd29e097513,after,2026-09-15 12:38:21,motorola edge 40 neo,34,TOHOKU_United_Free_Wi-Fi,f0:b0:52:ee:8e:fc,5500,5GHz,-89,802.11n,TIMEOUT_AT_COMPLETED,TIMEOUT_AT_<STATE>,1429,0-2s,COMPLETED,5,INTERFACE_DISABLED>DISCONNECTED>ASSOCIATING>ASSOCIATED>COMPLETED
315956,045460eb-ed77-4822-a254-7cd29e097513,after,2026-09-15 12:38:21,motorola edge 40 neo,34,SENDAI_free_Wi-Fi,d4:68:4d:00:29:bd,5500,5GHz,-89,802.11n,FAILED_AT_DISCONNECTED,FAILED_AT_<STATE>,2314,0-2s,ASSOCIATING_ONLY,22,INTERFACE_DISABLED>DISCONNECTED>ASSOCIATING>DISCONNECTED>INTERFACE_DISABLED>DISCONNECTED>INTERFACE_DISABLED>DISCONNECTED>ASSOCIATING>DISCONNECTED>INTERFACE_DISABLED>DISCONNECTED>INTERFACE_DISABLED>DISCONNECTED>ASSOCIATING>DISCONNECTED>INTERFACE_DISABLED>DISCONNECTED>INTERFACE_DISABLED>DISCONNECTED>ASSOCIATING>DISCONNECTED
315960,045460eb-ed77-4822-a254-7cd29e097513,after,2026-09-15 12:38:21,motorola edge 40 neo,34,TOHOKU_United_Free_Wi-Fi,d4:68:4d:c0:29:bc,5500,5GHz,-90,802.11n,NOT_FOUND,NOT_FOUND,3016,3-5s,NONE,0,
315964,045460eb-ed77-4822-a254-7cd29e097513,after,2026-09-15 12:38:21,motorola edge 40 neo,34,TOHOKU_United_Free_Wi-Fi,60:d0:2c:73:64:bd,5560,5GHz,-90,802.11ac,NOT_FOUND,NOT_FOUND,3008,3-5s,NONE,0,
312172,f2600b67-5f8a-4284-9b16-0f39a0f88873,after,2026-09-15 12:39:24,ASUS_I006D,33,Wi2eap,d4:68:4d:82:69:9c,5500,5GHz,-61,802.11n,NOT_FOUND,NOT_FOUND,3016,3-5s,NONE,0,
312174,f2600b67-5f8a-4284-9b16-0f39a0f88873,after,2026-09-15 12:39:24,ASUS_I006D,33,SENDAI_free_Wi-Fi,d4:68:4d:02:69:9d,5500,5GHz,-61,802.11n,TIMEOUT_AT_COMPLETED,TIMEOUT_AT_<STATE>,960,0-2s,COMPLETED,5,INTERFACE_DISABLED>DISCONNECTED>ASSOCIATING>ASSOCIATED>COMPLETED
312176,f2600b67-5f8a-4284-9b16-0f39a0f88873,after,2026-09-15 12:39:24,ASUS_I006D,33,TOHOKU_United_Free_Wi-Fi,d4:68:4d:c2:69:9c,5500,5GHz,-61,802.11n,TIMEOUT_AT_COMPLETED,TIMEOUT_AT_<STATE>,1383,0-2s,COMPLETED,5,INTERFACE_DISABLED>DISCONNECTED>ASSOCIATING>ASSOCIATED>COMPLETED
312182,f2600b67-5f8a-4284-9b16-0f39a0f88873,after,2026-09-15 12:39:24,ASUS_I006D,33,Wi2eap,d4:68:4d:80:29:bc,5500,5GHz,-69,802.11n,NOT_FOUND,NOT_FOUND,3022,3-5s,NONE,0,
312183,f2600b67-5f8a-4284-9b16-0f39a0f88873,after,2026-09-15 12:39:24,ASUS_I006D,33,TOHOKU_United_Free_Wi-Fi,d4:68:4d:c0:29:bc,5500,5GHz,-70,802.11n,TIMEOUT_AT_COMPLETED,TIMEOUT_AT_<STATE>,1075,0-2s,COMPLETED,5,INTERFACE_DISABLED>DISCONNECTED>ASSOCIATING>ASSOCIATED>COMPLETED
312186,f2600b67-5f8a-4284-9b16-0f39a0f88873,after,2026-09-15 12:39:24,ASUS_I006D,33,SENDAI_free_Wi-Fi,d4:68:4d:00:29:bd,5500,5GHz,-70,802.11n,TIMEOUT_AT_COMPLETED,TIMEOUT_AT_<STATE>,1264,0-2s,COMPLETED,5,INTERFACE_DISABLED>DISCONNECTED>ASSOCIATING>ASSOCIATED>COMPLETED
312190,f2600b67-5f8a-4284-9b16-0f39a0f88873,after,2026-09-15 12:39:24,ASUS_I006D,33,Wi2eap,f0:b0:52:ae:84:7c,5280,5GHz,-77,802.11n,NOT_FOUND,NOT_FOUND,3021,3-5s,NONE,0,
312191,f2600b67-5f8a-4284-9b16-0f39a0f88873,after,2026-09-15 12:39:24,ASUS_I006D,33,TOHOKU_United_Free_Wi-Fi,f0:b0:52:ee:84:7c,5280,5GHz,-77,802.11n,TIMEOUT_AT_COMPLETED,TIMEOUT_AT_<STATE>,1165,0-2s,COMPLETED,5,INTERFACE_DISABLED>DISCONNECTED>ASSOCIATING>ASSOCIATED>COMPLETED
312192,f2600b67-5f8a-4284-9b16-0f39a0f88873,after,2026-09-15 12:39:24,ASUS_I006D,33,SENDAI_free_Wi-Fi,f0:b0:52:2e:84:7d,5280,5GHz,-77,802.11n,TIMEOUT_AT_COMPLETED,TIMEOUT_AT_<STATE>,1032,0-2s,COMPLETED,5,INTERFACE_DISABLED>DISCONNECTED>ASSOCIATING>ASSOCIATED>COMPLETED
312196,f2600b67-5f8a-4284-9b16-0f39a0f88873,after,2026-09-15 12:39:24,ASUS_I006D,33,SENDAI_free_Wi-Fi,f0:b0:52:32:6f:5d,5540,5GHz,-79,802.11n,TIMEOUT_AT_COMPLETED,TIMEOUT_AT_<STATE>,1236,0-2s,COMPLETED,5,INTERFACE_DISABLED>DISCONNECTED>ASSOCIATING>ASSOCIATED>COMPLETED
312197,f2600b67-5f8a-4284-9b16-0f39a0f88873,after,2026-09-15 12:39:24,ASUS_I006D,33,TOHOKU_United_Free_Wi-Fi,f0:b0:52:f2:6f:5c,5540,5GHz,-80,802.11n,TIMEOUT_AT_COMPLETED,TIMEOUT_AT_<STATE>,1344,0-2s,COMPLETED,5,INTERFACE_DISABLED>DISCONNECTED>ASSOCIATING>ASSOCIATED>COMPLETED
312198,f2600b67-5f8a-4284-9b16-0f39a0f88873,after,2026-09-15 12:39:24,ASUS_I006D,33,Wi2eap,f0:b0:52:b2:6f:5c,5540,5GHz,-80,802.11n,NOT_FOUND,NOT_FOUND,3014,3-5s,NONE,0,
312203,f2600b67-5f8a-4284-9b16-0f39a0f88873,after,2026-09-15 12:39:24,ASUS_I006D,33,Wi2eap,c4:10:8a:9e:b0:2c,5700,5GHz,-81,802.11n,NOT_FOUND,NOT_FOUND,3021,3-5s,NONE,0,
312208,f2600b67-5f8a-4284-9b16-0f39a0f88873,after,2026-09-15 12:39:24,ASUS_I006D,33,Wi2eap,c4:10:8a:9f:79:8c,5580,5GHz,-83,802.11n,NOT_FOUND,NOT_FOUND,3016,3-5s,NONE,0,
312214,f2600b67-5f8a-4284-9b16-0f39a0f88873,after,2026-09-15 12:39:24,ASUS_I006D,33,Wi2eap,c0:8a:de:82:3b:dc,5180,5GHz,-84,802.11n,NOT_FOUND,NOT_FOUND,3024,3-5s,NONE,0,
315979,bd609c68-2843-43a4-b3f2-c99fd239fc30,after,2026-09-15 12:39:31,motorola edge 40 neo,34,TOHOKU_United_Free_Wi-Fi,d4:68:4d:c2:69:9c,5500,5GHz,-70,802.11n,TIMEOUT_AT_COMPLETED,TIMEOUT_AT_<STATE>,285,0-2s,COMPLETED,5,INTERFACE_DISABLED>DISCONNECTED>ASSOCIATING>ASSOCIATED>COMPLETED
315982,bd609c68-2843-43a4-b3f2-c99fd239fc30,after,2026-09-15 12:39:31,motorola edge 40 neo,34,SENDAI_free_Wi-Fi,d4:68:4d:02:69:9d,5500,5GHz,-70,802.11n,TIMEOUT_AT_COMPLETED,TIMEOUT_AT_<STATE>,259,0-2s,COMPLETED,5,INTERFACE_DISABLED>DISCONNECTED>ASSOCIATING>ASSOCIATED>COMPLETED
315989,bd609c68-2843-43a4-b3f2-c99fd239fc30,after,2026-09-15 12:39:31,motorola edge 40 neo,34,TOHOKU_United_Free_Wi-Fi,d4:68:4d:c0:29:bc,5500,5GHz,-81,802.11n,FAILED_AT_DISCONNECTED,FAILED_AT_<STATE>,731,0-2s,ASSOCIATING_ONLY,19,ASSOCIATING>DISCONNECTED>INTERFACE_DISABLED>DISCONNECTED>INTERFACE_DISABLED>DISCONNECTED>ASSOCIATING>DISCONNECTED>INTERFACE_DISABLED>DISCONNECTED>INTERFACE_DISABLED>ASSOCIATING>DISCONNECTED>INTERFACE_DISABLED>DISCONNECTED>INTERFACE_DISABLED>DISCONNECTED>ASSOCIATING>DISCONNECTED
315993,bd609c68-2843-43a4-b3f2-c99fd239fc30,after,2026-09-15 12:39:31,motorola edge 40 neo,34,SENDAI_free_Wi-Fi,d4:68:4d:00:29:bd,5500,5GHz,-82,802.11n,FAILED_AT_DISCONNECTED,FAILED_AT_<STATE>,735,0-2s,ASSOCIATING_ONLY,19,ASSOCIATING>DISCONNECTED>INTERFACE_DISABLED>DISCONNECTED>INTERFACE_DISABLED>DISCONNECTED>ASSOCIATING>DISCONNECTED>INTERFACE_DISABLED>DISCONNECTED>INTERFACE_DISABLED>DISCONNECTED>ASSOCIATING>DISCONNECTED>DISCONNECTED>INTERFACE_DISABLED>DISCONNECTED>ASSOCIATING>DISCONNECTED
316003,bd609c68-2843-43a4-b3f2-c99fd239fc30,after,2026-09-15 12:39:31,motorola edge 40 neo,34,SENDAI_free_Wi-Fi,f0:b0:52:2e:84:7d,5280,5GHz,-85,802.11n,TIMEOUT_AT_COMPLETED,TIMEOUT_AT_<STATE>,282,0-2s,COMPLETED,5,INTERFACE_DISABLED>DISCONNECTED>ASSOCIATING>ASSOCIATED>COMPLETED
316009,bd609c68-2843-43a4-b3f2-c99fd239fc30,after,2026-09-15 12:39:31,motorola edge 40 neo,34,TOHOKU_United_Free_Wi-Fi,f0:b0:52:ee:84:7c,5280,5GHz,-87,802.11n,TIMEOUT_AT_COMPLETED,TIMEOUT_AT_<STATE>,248,0-2s,COMPLETED,5,INTERFACE_DISABLED>DISCONNECTED>ASSOCIATING>ASSOCIATED>COMPLETED
316019,bd609c68-2843-43a4-b3f2-c99fd239fc30,after,2026-09-15 12:39:31,motorola edge 40 neo,34,TOHOKU_United_Free_Wi-Fi,f0:b0:52:f2:6f:5c,5540,5GHz,-90,802.11n,TIMEOUT_AT_COMPLETED,TIMEOUT_AT_<STATE>,1615,0-2s,COMPLETED,5,INTERFACE_DISABLED>DISCONNECTED>ASSOCIATING>ASSOCIATED>COMPLETED
316030,bd609c68-2843-43a4-b3f2-c99fd239fc30,after,2026-09-15 12:39:31,motorola edge 40 neo,34,SENDAI_free_Wi-Fi,f0:b0:52:32:6f:5d,5540,5GHz,-91,802.11n,NOT_FOUND,NOT_FOUND,3008,3-5s,NONE,0,
316041,dd88b574-57d8-4a93-8704-ce991cc05313,after,2026-09-15 12:40:20,motorola edge 40 neo,34,TOHOKU_United_Free_Wi-Fi,d4:68:4d:c2:69:9c,5500,5GHz,-68,802.11n,TIMEOUT_AT_COMPLETED,TIMEOUT_AT_<STATE>,421,0-2s,COMPLETED,5,INTERFACE_DISABLED>DISCONNECTED>ASSOCIATING>ASSOCIATED>COMPLETED
316046,dd88b574-57d8-4a93-8704-ce991cc05313,after,2026-09-15 12:40:20,motorola edge 40 neo,34,SENDAI_free_Wi-Fi,d4:68:4d:02:69:9d,5500,5GHz,-68,802.11n,TIMEOUT_AT_COMPLETED,TIMEOUT_AT_<STATE>,329,0-2s,COMPLETED,5,INTERFACE_DISABLED>DISCONNECTED>ASSOCIATING>ASSOCIATED>COMPLETED
316053,dd88b574-57d8-4a93-8704-ce991cc05313,after,2026-09-15 12:40:20,motorola edge 40 neo,34,TOHOKU_United_Free_Wi-Fi,d4:68:4d:c0:29:bc,5500,5GHz,-81,802.11n,TIMEOUT_AT_COMPLETED,TIMEOUT_AT_<STATE>,288,0-2s,COMPLETED,5,INTERFACE_DISABLED>DISCONNECTED>ASSOCIATING>ASSOCIATED>COMPLETED
316056,dd88b574-57d8-4a93-8704-ce991cc05313,after,2026-09-15 12:40:20,motorola edge 40 neo,34,SENDAI_free_Wi-Fi,d4:68:4d:00:29:bd,5500,5GHz,-82,802.11n,TIMEOUT_AT_COMPLETED,TIMEOUT_AT_<STATE>,272,0-2s,COMPLETED,5,INTERFACE_DISABLED>DISCONNECTED>ASSOCIATING>ASSOCIATED>COMPLETED
316070,dd88b574-57d8-4a93-8704-ce991cc05313,after,2026-09-15 12:40:20,motorola edge 40 neo,34,TOHOKU_United_Free_Wi-Fi,f0:b0:52:ee:84:7c,5280,5GHz,-86,802.11n,FAILED_AT_DISCONNECTED,FAILED_AT_<STATE>,930,0-2s,ASSOCIATING_ONLY,22,INTERFACE_DISABLED>DISCONNECTED>ASSOCIATING>DISCONNECTED>INTERFACE_DISABLED>DISCONNECTED>INTERFACE_DISABLED>DISCONNECTED>ASSOCIATING>DISCONNECTED>INTERFACE_DISABLED>DISCONNECTED>INTERFACE_DISABLED>DISCONNECTED>ASSOCIATING>DISCONNECTED>INTERFACE_DISABLED>DISCONNECTED>INTERFACE_DISABLED>DISCONNECTED>ASSOCIATING>DISCONNECTED
316076,dd88b574-57d8-4a93-8704-ce991cc05313,after,2026-09-15 12:40:20,motorola edge 40 neo,34,SENDAI_free_Wi-Fi,f0:b0:52:2e:84:7d,5280,5GHz,-87,802.11n,FAILED_AT_DISCONNECTED,FAILED_AT_<STATE>,2280,0-2s,ASSOCIATING_ONLY,22,INTERFACE_DISABLED>DISCONNECTED>ASSOCIATING>DISCONNECTED>INTERFACE_DISABLED>DISCONNECTED>INTERFACE_DISABLED>DISCONNECTED>ASSOCIATING>DISCONNECTED>INTERFACE_DISABLED>DISCONNECTED>INTERFACE_DISABLED>DISCONNECTED>ASSOCIATING>DISCONNECTED>INTERFACE_DISABLED>DISCONNECTED>INTERFACE_DISABLED>DISCONNECTED>ASSOCIATING>DISCONNECTED
312259,bf60cf97-1dbc-4991-89df-4595e77650ca,after,2026-09-15 12:40:21,ASUS_I006D,33,Wi2eap,d4:68:4d:82:69:9c,5500,5GHz,-66,802.11n,NOT_FOUND,NOT_FOUND,3018,3-5s,NONE,0,
312261,bf60cf97-1dbc-4991-89df-4595e77650ca,after,2026-09-15 12:40:21,ASUS_I006D,33,SENDAI_free_Wi-Fi,d4:68:4d:02:69:9d,5500,5GHz,-66,802.11n,TIMEOUT_AT_COMPLETED,TIMEOUT_AT_<STATE>,2506,0-2s,COMPLETED,5,INTERFACE_DISABLED>DISCONNECTED>ASSOCIATING>ASSOCIATED>COMPLETED
312263,bf60cf97-1dbc-4991-89df-4595e77650ca,after,2026-09-15 12:40:21,ASUS_I006D,33,TOHOKU_United_Free_Wi-Fi,d4:68:4d:c2:69:9c,5500,5GHz,-66,802.11n,TIMEOUT_AT_COMPLETED,TIMEOUT_AT_<STATE>,1430,0-2s,COMPLETED,3,ASSOCIATING>ASSOCIATED>COMPLETED
312266,bf60cf97-1dbc-4991-89df-4595e77650ca,after,2026-09-15 12:40:21,ASUS_I006D,33,TOHOKU_United_Free_Wi-Fi,d4:68:4d:82:69:98,2462,2.4GHz,-69,802.11n,TIMEOUT_AT_COMPLETED,TIMEOUT_AT_<STATE>,1685,0-2s,COMPLETED,5,INTERFACE_DISABLED>DISCONNECTED>ASSOCIATING>ASSOCIATED>COMPLETED
312268,bf60cf97-1dbc-4991-89df-4595e77650ca,after,2026-09-15 12:40:21,ASUS_I006D,33,SENDAI_free_Wi-Fi,d4:68:4d:c2:69:98,2462,2.4GHz,-70,802.11n,TIMEOUT_AT_COMPLETED,TIMEOUT_AT_<STATE>,1646,0-2s,COMPLETED,8,DISCONNECTED>INTERFACE_DISABLED>DISCONNECTED>INTERFACE_DISABLED>DISCONNECTED>ASSOCIATING>ASSOCIATED>COMPLETED
312271,bf60cf97-1dbc-4991-89df-4595e77650ca,after,2026-09-15 12:40:21,ASUS_I006D,33,TOHOKU_United_Free_Wi-Fi,d4:68:4d:c0:29:bc,5500,5GHz,-75,802.11n,TIMEOUT_AT_ASSOCIATING,TIMEOUT_AT_<STATE>,3017,3-5s,ASSOCIATING_ONLY,6,DISCONNECTED>INTERFACE_DISABLED>DISCONNECTED>INTERFACE_DISABLED>DISCONNECTED>ASSOCIATING
312272,bf60cf97-1dbc-4991-89df-4595e77650ca,after,2026-09-15 12:40:21,ASUS_I006D,33,Wi2eap,d4:68:4d:80:29:bc,5500,5GHz,-75,802.11n,NOT_FOUND,NOT_FOUND,3017,3-5s,NONE,0,
312275,bf60cf97-1dbc-4991-89df-4595e77650ca,after,2026-09-15 12:40:21,ASUS_I006D,33,SENDAI_free_Wi-Fi,d4:68:4d:00:29:bd,5500,5GHz,-75,802.11n,TIMEOUT_AT_COMPLETED,TIMEOUT_AT_<STATE>,999,0-2s,COMPLETED,5,INTERFACE_DISABLED>DISCONNECTED>ASSOCIATING>ASSOCIATED>COMPLETED
312279,bf60cf97-1dbc-4991-89df-4595e77650ca,after,2026-09-15 12:40:21,ASUS_I006D,33,Wi2eap,c4:10:8a:9f:79:88,2437,2.4GHz,-77,802.11n,NOT_FOUND,NOT_FOUND,3023,3-5s,NONE,0,
312297,bf60cf97-1dbc-4991-89df-4595e77650ca,after,2026-09-15 12:40:21,ASUS_I006D,33,Wi2eap,c4:10:8a:9f:79:8c,5580,5GHz,-85,802.11n,NOT_FOUND,NOT_FOUND,3025,3-5s,NONE,0,
312299,bf60cf97-1dbc-4991-89df-4595e77650ca,after,2026-09-15 12:40:21,ASUS_I006D,33,Wi2eap,f0:b0:52:ae:84:7c,5280,5GHz,-85,802.11n,NOT_FOUND,NOT_FOUND,3033,3-5s,NONE,0,
312300,bf60cf97-1dbc-4991-89df-4595e77650ca,after,2026-09-15 12:40:21,ASUS_I006D,33,TOHOKU_United_Free_Wi-Fi,f0:b0:52:ee:84:7c,5280,5GHz,-85,802.11n,FAILED_AT_SCANNING,FAILED_AT_<STATE>,3029,3-5s,NONE,3,INTERFACE_DISABLED>DISCONNECTED>SCANNING
312312,bf60cf97-1dbc-4991-89df-4595e77650ca,after,2026-09-15 12:40:21,ASUS_I006D,33,SENDAI_free_Wi-Fi,f0:b0:52:2e:84:7d,5280,5GHz,-86,802.11n,FAILED_AT_SCANNING,FAILED_AT_<STATE>,3030,3-5s,NONE,3,INTERFACE_DISABLED>DISCONNECTED>SCANNING
312328,bf60cf97-1dbc-4991-89df-4595e77650ca,after,2026-09-15 12:40:21,ASUS_I006D,33,Wi2eap,f0:b0:52:b2:6f:5c,5540,5GHz,-90,802.11n,NOT_FOUND,NOT_FOUND,3034,3-5s,NONE,0,
312333,bf60cf97-1dbc-4991-89df-4595e77650ca,after,2026-09-15 12:40:21,ASUS_I006D,33,TOHOKU_United_Free_Wi-Fi,f0:b0:52:f2:6f:5c,5540,5GHz,-91,802.11n,FAILED_AT_SCANNING,FAILED_AT_<STATE>,3035,3-5s,NONE,3,INTERFACE_DISABLED>DISCONNECTED>SCANNING
316098,e4f97dfa-29a6-46a8-93ff-0529fa44f169,after,2026-09-15 19:04:09,ASUS_I006D,33,TOHOKU_United_Free_Wi-Fi,d4:68:4d:c2:69:9c,5500,5GHz,-65,802.11n,TIMEOUT_AT_COMPLETED,TIMEOUT_AT_<STATE>,802,0-2s,COMPLETED,5,INTERFACE_DISABLED>DISCONNECTED>ASSOCIATING>ASSOCIATED>COMPLETED
316099,e4f97dfa-29a6-46a8-93ff-0529fa44f169,after,2026-09-15 19:04:09,ASUS_I006D,33,SENDAI_free_Wi-Fi,d4:68:4d:02:69:9d,5500,5GHz,-66,802.11n,TIMEOUT_AT_COMPLETED,TIMEOUT_AT_<STATE>,1254,0-2s,COMPLETED,5,INTERFACE_DISABLED>DISCONNECTED>ASSOCIATING>ASSOCIATED>COMPLETED
316101,e4f97dfa-29a6-46a8-93ff-0529fa44f169,after,2026-09-15 19:04:09,ASUS_I006D,33,SENDAI_free_Wi-Fi,d4:68:4d:c2:69:98,2462,2.4GHz,-71,802.11n,TIMEOUT_AT_COMPLETED,TIMEOUT_AT_<STATE>,1400,0-2s,COMPLETED,5,INTERFACE_DISABLED>DISCONNECTED>ASSOCIATING>ASSOCIATED>COMPLETED
316106,e4f97dfa-29a6-46a8-93ff-0529fa44f169,after,2026-09-15 19:04:09,ASUS_I006D,33,TOHOKU_United_Free_Wi-Fi,d4:68:4d:82:69:98,2462,2.4GHz,-72,802.11n,TIMEOUT_AT_COMPLETED,TIMEOUT_AT_<STATE>,1414,0-2s,COMPLETED,5,INTERFACE_DISABLED>DISCONNECTED>ASSOCIATING>ASSOCIATED>COMPLETED
316115,e4f97dfa-29a6-46a8-93ff-0529fa44f169,after,2026-09-15 19:04:09,ASUS_I006D,33,SENDAI_free_Wi-Fi,d4:68:4d:00:29:bd,5500,5GHz,-80,802.11n,TIMEOUT_AT_COMPLETED,TIMEOUT_AT_<STATE>,1218,0-2s,COMPLETED,7,INTERFACE_DISABLED>DISCONNECTED>INTERFACE_DISABLED>DISCONNECTED>ASSOCIATING>ASSOCIATED>COMPLETED
316118,e4f97dfa-29a6-46a8-93ff-0529fa44f169,after,2026-09-15 19:04:09,ASUS_I006D,33,TOHOKU_United_Free_Wi-Fi,d4:68:4d:c0:29:bc,5500,5GHz,-81,802.11n,TIMEOUT_AT_COMPLETED,TIMEOUT_AT_<STATE>,1374,0-2s,COMPLETED,8,DISCONNECTED>INTERFACE_DISABLED>DISCONNECTED>INTERFACE_DISABLED>DISCONNECTED>ASSOCIATING>ASSOCIATED>COMPLETED
316158,9f158793-d648-4656-a265-86347e99ef44,after,2026-09-15 19:04:35,ASUS_I006D,33,SENDAI_free_Wi-Fi,d4:68:4d:02:69:9d,5500,5GHz,-61,802.11n,TIMEOUT_AT_ASSOCIATING,TIMEOUT_AT_<STATE>,3017,3-5s,ASSOCIATING_ONLY,3,INTERFACE_DISABLED>DISCONNECTED>ASSOCIATING
316159,9f158793-d648-4656-a265-86347e99ef44,after,2026-09-15 19:04:35,ASUS_I006D,33,TOHOKU_United_Free_Wi-Fi,d4:68:4d:c2:69:9c,5500,5GHz,-61,802.11n,TIMEOUT_AT_COMPLETED,TIMEOUT_AT_<STATE>,1246,0-2s,COMPLETED,5,INTERFACE_DISABLED>DISCONNECTED>ASSOCIATING>ASSOCIATED>COMPLETED
316180,9f158793-d648-4656-a265-86347e99ef44,after,2026-09-15 19:04:35,ASUS_I006D,33,SENDAI_free_Wi-Fi,d4:68:4d:00:29:bd,5500,5GHz,-81,802.11n,FAILED_AT_SCANNING,FAILED_AT_<STATE>,3019,3-5s,ASSOCIATING_ONLY,9,INTERFACE_DISABLED>DISCONNECTED>ASSOCIATING>DISCONNECTED>INTERFACE_DISABLED>DISCONNECTED>INTERFACE_DISABLED>DISCONNECTED>SCANNING
316181,9f158793-d648-4656-a265-86347e99ef44,after,2026-09-15 19:04:35,ASUS_I006D,33,TOHOKU_United_Free_Wi-Fi,d4:68:4d:c0:29:bc,5500,5GHz,-82,802.11n,FAILED_AT_SCANNING,FAILED_AT_<STATE>,3024,3-5s,ASSOCIATING_ONLY,5,ASSOCIATING>DISCONNECTED>INTERFACE_DISABLED>DISCONNECTED>SCANNING
320521,49bdcad4-5223-451a-8897-227c02ff6eaf,after,2026-09-15 19:04:37,motorola edge 40 neo,34,TOHOKU_United_Free_Wi-Fi,d4:68:4d:82:69:98,2462,2.4GHz,-68,802.11n,TIMEOUT_AT_COMPLETED,TIMEOUT_AT_<STATE>,1662,0-2s,COMPLETED,6,INTERFACE_DISABLED>DISCONNECTED>SCANNING>ASSOCIATING>ASSOCIATED>COMPLETED
320525,49bdcad4-5223-451a-8897-227c02ff6eaf,after,2026-09-15 19:04:37,motorola edge 40 neo,34,SENDAI_free_Wi-Fi,d4:68:4d:02:69:9d,5500,5GHz,-71,802.11n,TIMEOUT_AT_COMPLETED,TIMEOUT_AT_<STATE>,230,0-2s,COMPLETED,5,INTERFACE_DISABLED>DISCONNECTED>ASSOCIATING>ASSOCIATED>COMPLETED
320526,49bdcad4-5223-451a-8897-227c02ff6eaf,after,2026-09-15 19:04:37,motorola edge 40 neo,34,TOHOKU_United_Free_Wi-Fi,d4:68:4d:c2:69:9c,5500,5GHz,-71,802.11n,TIMEOUT_AT_COMPLETED,TIMEOUT_AT_<STATE>,424,0-2s,COMPLETED,5,INTERFACE_DISABLED>DISCONNECTED>ASSOCIATING>ASSOCIATED>COMPLETED
320562,c19145e4-0bc8-4f46-ab78-e50c61b3c33e,after,2026-09-15 19:05:05,motorola edge 40 neo,34,TOHOKU_United_Free_Wi-Fi,d4:68:4d:82:69:98,2462,2.4GHz,-63,802.11n,TIMEOUT_AT_COMPLETED,TIMEOUT_AT_<STATE>,238,0-2s,COMPLETED,3,ASSOCIATING>ASSOCIATED>COMPLETED
320563,c19145e4-0bc8-4f46-ab78-e50c61b3c33e,after,2026-09-15 19:05:05,motorola edge 40 neo,34,SENDAI_free_Wi-Fi,d4:68:4d:c2:69:98,2462,2.4GHz,-64,802.11n,TIMEOUT_AT_COMPLETED,TIMEOUT_AT_<STATE>,1396,0-2s,COMPLETED,5,INTERFACE_DISABLED>DISCONNECTED>ASSOCIATING>ASSOCIATED>COMPLETED
320580,c19145e4-0bc8-4f46-ab78-e50c61b3c33e,after,2026-09-15 19:05:05,motorola edge 40 neo,34,TOHOKU_United_Free_Wi-Fi,d4:68:4d:c0:29:bc,5500,5GHz,-84,802.11n,FAILED_AT_DISCONNECTED,FAILED_AT_<STATE>,3011,3-5s,ASSOCIATING_ONLY,16,INTERFACE_DISABLED>DISCONNECTED>ASSOCIATING>DISCONNECTED>INTERFACE_DISABLED>DISCONNECTED>INTERFACE_DISABLED>DISCONNECTED>ASSOCIATING>DISCONNECTED>INTERFACE_DISABLED>DISCONNECTED>ASSOCIATING>DISCONNECTED>INTERFACE_DISABLED>DISCONNECTED
320584,c19145e4-0bc8-4f46-ab78-e50c61b3c33e,after,2026-09-15 19:05:05,motorola edge 40 neo,34,SENDAI_free_Wi-Fi,d4:68:4d:00:29:bd,5500,5GHz,-85,802.11n,FAILED_AT_DISCONNECTED,FAILED_AT_<STATE>,904,0-2s,ASSOCIATING_ONLY,20,INTERFACE_DISABLED>DISCONNECTED>ASSOCIATING>DISCONNECTED>INTERFACE_DISABLED>DISCONNECTED>ASSOCIATING>DISCONNECTED>INTERFACE_DISABLED>DISCONNECTED>INTERFACE_DISABLED>DISCONNECTED>ASSOCIATING>DISCONNECTED>INTERFACE_DISABLED>DISCONNECTED>INTERFACE_DISABLED>DISCONNECTED>ASSOCIATING>DISCONNECTED
316222,f1e4f6c7-3f50-4dbf-916c-cb99adc05078,after,2026-09-15 19:05:12,ASUS_I006D,33,SENDAI_free_Wi-Fi,d4:68:4d:c2:69:98,2462,2.4GHz,-73,802.11n,TIMEOUT_AT_COMPLETED,TIMEOUT_AT_<STATE>,1708,0-2s,COMPLETED,3,ASSOCIATING>ASSOCIATED>COMPLETED
316226,f1e4f6c7-3f50-4dbf-916c-cb99adc05078,after,2026-09-15 19:05:12,ASUS_I006D,33,TOHOKU_United_Free_Wi-Fi,d4:68:4d:c2:69:9c,5500,5GHz,-73,802.11n,FAILED_AT_SCANNING,FAILED_AT_<STATE>,3012,3-5s,ASSOCIATING_ONLY,12,DISCONNECTED>INTERFACE_DISABLED>DISCONNECTED>INTERFACE_DISABLED>DISCONNECTED>ASSOCIATING>DISCONNECTED>INTERFACE_DISABLED>DISCONNECTED>INTERFACE_DISABLED>DISCONNECTED>SCANNING
316227,f1e4f6c7-3f50-4dbf-916c-cb99adc05078,after,2026-09-15 19:05:12,ASUS_I006D,33,SENDAI_free_Wi-Fi,d4:68:4d:02:69:9d,5500,5GHz,-74,802.11n,TIMEOUT_AT_COMPLETED,TIMEOUT_AT_<STATE>,1260,0-2s,COMPLETED,4,DISCONNECTED>ASSOCIATING>ASSOCIATED>COMPLETED
316240,f1e4f6c7-3f50-4dbf-916c-cb99adc05078,after,2026-09-15 19:05:12,ASUS_I006D,33,TOHOKU_United_Free_Wi-Fi,d4:68:4d:c0:29:bc,5500,5GHz,-80,802.11n,FAILED_AT_SCANNING,FAILED_AT_<STATE>,3015,3-5s,ASSOCIATING_ONLY,9,INTERFACE_DISABLED>DISCONNECTED>ASSOCIATING>DISCONNECTED>INTERFACE_DISABLED>DISCONNECTED>INTERFACE_DISABLED>DISCONNECTED>SCANNING
316245,f1e4f6c7-3f50-4dbf-916c-cb99adc05078,after,2026-09-15 19:05:12,ASUS_I006D,33,SENDAI_free_Wi-Fi,d4:68:4d:00:29:bd,5500,5GHz,-80,802.11n,FAILED_AT_SCANNING,FAILED_AT_<STATE>,3019,3-5s,ASSOCIATING_ONLY,5,ASSOCIATING>DISCONNECTED>INTERFACE_DISABLED>DISCONNECTED>SCANNING
316277,2466e722-c301-4d3a-9a23-31f3e4d56bbd,after,2026-09-15 19:05:36,ASUS_I006D,33,SENDAI_free_Wi-Fi,d4:68:4d:02:69:9d,5500,5GHz,-60,802.11n,TIMEOUT_AT_COMPLETED,TIMEOUT_AT_<STATE>,510,0-2s,COMPLETED,3,ASSOCIATING>ASSOCIATED>COMPLETED
316278,2466e722-c301-4d3a-9a23-31f3e4d56bbd,after,2026-09-15 19:05:36,ASUS_I006D,33,TOHOKU_United_Free_Wi-Fi,d4:68:4d:c2:69:9c,5500,5GHz,-60,802.11n,TIMEOUT_AT_COMPLETED,TIMEOUT_AT_<STATE>,1545,0-2s,COMPLETED,5,INTERFACE_DISABLED>DISCONNECTED>ASSOCIATING>ASSOCIATED>COMPLETED
316280,2466e722-c301-4d3a-9a23-31f3e4d56bbd,after,2026-09-15 19:05:36,ASUS_I006D,33,TOHOKU_United_Free_Wi-Fi,d4:68:4d:c0:29:bc,5500,5GHz,-69,802.11n,TIMEOUT_AT_COMPLETED,TIMEOUT_AT_<STATE>,1240,0-2s,COMPLETED,5,INTERFACE_DISABLED>DISCONNECTED>ASSOCIATING>ASSOCIATED>COMPLETED
316286,2466e722-c301-4d3a-9a23-31f3e4d56bbd,after,2026-09-15 19:05:36,ASUS_I006D,33,SENDAI_free_Wi-Fi,d4:68:4d:00:29:bd,5500,5GHz,-70,802.11n,TIMEOUT_AT_COMPLETED,TIMEOUT_AT_<STATE>,1288,0-2s,COMPLETED,5,INTERFACE_DISABLED>DISCONNECTED>ASSOCIATING>ASSOCIATED>COMPLETED
316287,2466e722-c301-4d3a-9a23-31f3e4d56bbd,after,2026-09-15 19:05:36,ASUS_I006D,33,TOHOKU_United_Free_Wi-Fi,d4:68:4d:82:69:98,2462,2.4GHz,-71,802.11n,TIMEOUT_AT_COMPLETED,TIMEOUT_AT_<STATE>,1578,0-2s,COMPLETED,3,ASSOCIATING>ASSOCIATED>COMPLETED
316290,2466e722-c301-4d3a-9a23-31f3e4d56bbd,after,2026-09-15 19:05:36,ASUS_I006D,33,SENDAI_free_Wi-Fi,d4:68:4d:c2:69:98,2462,2.4GHz,-74,802.11n,TIMEOUT_AT_COMPLETED,TIMEOUT_AT_<STATE>,1693,0-2s,COMPLETED,5,INTERFACE_DISABLED>DISCONNECTED>ASSOCIATING>ASSOCIATED>COMPLETED
320626,1807380a-66f4-4b36-b0f1-5c1a1041f56f,after,2026-09-15 19:05:37,motorola edge 40 neo,34,TOHOKU_United_Free_Wi-Fi,d4:68:4d:c2:69:9c,5500,5GHz,-73,802.11n,TIMEOUT_AT_COMPLETED,TIMEOUT_AT_<STATE>,315,0-2s,COMPLETED,5,INTERFACE_DISABLED>DISCONNECTED>ASSOCIATING>ASSOCIATED>COMPLETED
320628,1807380a-66f4-4b36-b0f1-5c1a1041f56f,after,2026-09-15 19:05:37,motorola edge 40 neo,34,SENDAI_free_Wi-Fi,d4:68:4d:02:69:9d,5500,5GHz,-74,802.11n,TIMEOUT_AT_COMPLETED,TIMEOUT_AT_<STATE>,327,0-2s,COMPLETED,5,INTERFACE_DISABLED>DISCONNECTED>ASSOCIATING>ASSOCIATED>COMPLETED
320638,1807380a-66f4-4b36-b0f1-5c1a1041f56f,after,2026-09-15 19:05:37,motorola edge 40 neo,34,SENDAI_free_Wi-Fi,d4:68:4d:00:29:bd,5500,5GHz,-85,802.11n,FAILED_AT_DISCONNECTED,FAILED_AT_<STATE>,1001,0-2s,ASSOCIATING_ONLY,20,INTERFACE_DISABLED>DISCONNECTED>ASSOCIATING>DISCONNECTED>INTERFACE_DISABLED>DISCONNECTED>INTERFACE_DISABLED>DISCONNECTED>ASSOCIATING>DISCONNECTED>INTERFACE_DISABLED>DISCONNECTED>ASSOCIATING>DISCONNECTED>INTERFACE_DISABLED>DISCONNECTED>INTERFACE_DISABLED>DISCONNECTED>ASSOCIATING>DISCONNECTED
320642,1807380a-66f4-4b36-b0f1-5c1a1041f56f,after,2026-09-15 19:05:37,motorola edge 40 neo,34,TOHOKU_United_Free_Wi-Fi,d4:68:4d:c0:29:bc,5500,5GHz,-86,802.11n,FAILED_AT_DISCONNECTED,FAILED_AT_<STATE>,830,0-2s,ASSOCIATING_ONLY,23,INTERFACE_DISABLED>ASSOCIATING>DISCONNECTED>INTERFACE_DISABLED>DISCONNECTED>INTERFACE_DISABLED>DISCONNECTED>ASSOCIATING>DISCONNECTED>INTERFACE_DISABLED>DISCONNECTED>INTERFACE_DISABLED>DISCONNECTED>ASSOCIATING>DISCONNECTED>INTERFACE_DISABLED>DISCONNECTED>INTERFACE_DISABLED>DISCONNECTED>ASSOCIATING>DISCONNECTED>INTERFACE_DISABLED>DISCONNECTED
320666,144f50fa-4c62-416e-992e-46b89a29e09a,after,2026-09-15 19:06:05,motorola edge 40 neo,34,TOHOKU_United_Free_Wi-Fi,d4:68:4d:82:69:98,2462,2.4GHz,-64,802.11n,TIMEOUT_AT_COMPLETED,TIMEOUT_AT_<STATE>,514,0-2s,COMPLETED,5,INTERFACE_DISABLED>DISCONNECTED>ASSOCIATING>ASSOCIATED>COMPLETED
320668,144f50fa-4c62-416e-992e-46b89a29e09a,after,2026-09-15 19:06:05,motorola edge 40 neo,34,SENDAI_free_Wi-Fi,d4:68:4d:c2:69:98,2462,2.4GHz,-64,802.11n,TIMEOUT_AT_COMPLETED,TIMEOUT_AT_<STATE>,275,0-2s,COMPLETED,5,INTERFACE_DISABLED>DISCONNECTED>ASSOCIATING>ASSOCIATED>COMPLETED
320672,144f50fa-4c62-416e-992e-46b89a29e09a,after,2026-09-15 19:06:05,motorola edge 40 neo,34,TOHOKU_United_Free_Wi-Fi,d4:68:4d:80:29:b8,2412,2.4GHz,-71,802.11n,TIMEOUT_AT_COMPLETED,TIMEOUT_AT_<STATE>,1089,0-2s,COMPLETED,5,INTERFACE_DISABLED>DISCONNECTED>ASSOCIATING>ASSOCIATED>COMPLETED
320673,144f50fa-4c62-416e-992e-46b89a29e09a,after,2026-09-15 19:06:05,motorola edge 40 neo,34,SENDAI_free_Wi-Fi,d4:68:4d:c0:29:b8,2412,2.4GHz,-71,802.11n,TIMEOUT_AT_COMPLETED,TIMEOUT_AT_<STATE>,988,0-2s,COMPLETED,5,INTERFACE_DISABLED>DISCONNECTED>ASSOCIATING>ASSOCIATED>COMPLETED
320676,144f50fa-4c62-416e-992e-46b89a29e09a,after,2026-09-15 19:06:05,motorola edge 40 neo,34,TOHOKU_United_Free_Wi-Fi,d4:68:4d:c0:29:bc,5500,5GHz,-74,802.11n,TIMEOUT_AT_COMPLETED,TIMEOUT_AT_<STATE>,788,0-2s,COMPLETED,11,INTERFACE_DISABLED>DISCONNECTED>ASSOCIATING>DISCONNECTED>INTERFACE_DISABLED>DISCONNECTED>INTERFACE_DISABLED>DISCONNECTED>ASSOCIATING>ASSOCIATED>COMPLETED
320681,144f50fa-4c62-416e-992e-46b89a29e09a,after,2026-09-15 19:06:05,motorola edge 40 neo,34,SENDAI_free_Wi-Fi,d4:68:4d:00:29:bd,5500,5GHz,-74,802.11n,TIMEOUT_AT_COMPLETED,TIMEOUT_AT_<STATE>,260,0-2s,COMPLETED,5,INTERFACE_DISABLED>DISCONNECTED>ASSOCIATING>ASSOCIATED>COMPLETED
316342,5560f7c4-a6b6-4fe7-83b0-b3d7920ec7fc,after,2026-09-15 19:06:14,ASUS_I006D,33,TOHOKU_United_Free_Wi-Fi,d4:68:4d:c2:69:9c,5500,5GHz,-63,802.11n,TIMEOUT_AT_COMPLETED,TIMEOUT_AT_<STATE>,1199,0-2s,COMPLETED,5,INTERFACE_DISABLED>DISCONNECTED>ASSOCIATING>ASSOCIATED>COMPLETED
316343,5560f7c4-a6b6-4fe7-83b0-b3d7920ec7fc,after,2026-09-15 19:06:14,ASUS_I006D,33,SENDAI_free_Wi-Fi,d4:68:4d:02:69:9d,5500,5GHz,-64,802.11n,TIMEOUT_AT_COMPLETED,TIMEOUT_AT_<STATE>,1590,0-2s,COMPLETED,5,INTERFACE_DISABLED>DISCONNECTED>ASSOCIATING>ASSOCIATED>COMPLETED
316345,5560f7c4-a6b6-4fe7-83b0-b3d7920ec7fc,after,2026-09-15 19:06:14,ASUS_I006D,33,SENDAI_free_Wi-Fi,d4:68:4d:c2:69:98,2462,2.4GHz,-72,802.11n,TIMEOUT_AT_COMPLETED,TIMEOUT_AT_<STATE>,1507,0-2s,COMPLETED,5,INTERFACE_DISABLED>DISCONNECTED>ASSOCIATING>ASSOCIATED>COMPLETED
316348,5560f7c4-a6b6-4fe7-83b0-b3d7920ec7fc,after,2026-09-15 19:06:14,ASUS_I006D,33,TOHOKU_United_Free_Wi-Fi,d4:68:4d:c0:29:bc,5500,5GHz,-73,802.11n,FAILED_AT_SCANNING,FAILED_AT_<STATE>,3019,3-5s,ASSOCIATING_ONLY,7,INTERFACE_DISABLED>DISCONNECTED>ASSOCIATING>DISCONNECTED>INTERFACE_DISABLED>DISCONNECTED>SCANNING
316352,5560f7c4-a6b6-4fe7-83b0-b3d7920ec7fc,after,2026-09-15 19:06:14,ASUS_I006D,33,SENDAI_free_Wi-Fi,d4:68:4d:00:29:bd,5500,5GHz,-73,802.11n,TIMEOUT_AT_COMPLETED,TIMEOUT_AT_<STATE>,1319,0-2s,COMPLETED,4,DISCONNECTED>ASSOCIATING>ASSOCIATED>COMPLETED
316409,03ff4fa3-fe21-4e1e-b750-8f49c8e0bc31,after,2026-09-15 19:06:46,ASUS_I006D,33,SENDAI_free_Wi-Fi,d4:68:4d:02:69:9d,5500,5GHz,-61,802.11n,TIMEOUT_AT_COMPLETED,TIMEOUT_AT_<STATE>,1028,0-2s,COMPLETED,5,INTERFACE_DISABLED>DISCONNECTED>ASSOCIATING>ASSOCIATED>COMPLETED
316411,03ff4fa3-fe21-4e1e-b750-8f49c8e0bc31,after,2026-09-15 19:06:46,ASUS_I006D,33,TOHOKU_United_Free_Wi-Fi,d4:68:4d:c2:69:9c,5500,5GHz,-61,802.11n,TIMEOUT_AT_COMPLETED,TIMEOUT_AT_<STATE>,1664,0-2s,COMPLETED,5,INTERFACE_DISABLED>DISCONNECTED>ASSOCIATING>ASSOCIATED>COMPLETED
316413,03ff4fa3-fe21-4e1e-b750-8f49c8e0bc31,after,2026-09-15 19:06:46,ASUS_I006D,33,TOHOKU_United_Free_Wi-Fi,d4:68:4d:c0:29:bc,5500,5GHz,-63,802.11n,TIMEOUT_AT_COMPLETED,TIMEOUT_AT_<STATE>,1850,0-2s,COMPLETED,3,ASSOCIATING>ASSOCIATED>COMPLETED
316417,03ff4fa3-fe21-4e1e-b750-8f49c8e0bc31,after,2026-09-15 19:06:46,ASUS_I006D,33,SENDAI_free_Wi-Fi,d4:68:4d:00:29:bd,5500,5GHz,-63,802.11n,TIMEOUT_AT_COMPLETED,TIMEOUT_AT_<STATE>,1683,0-2s,COMPLETED,5,INTERFACE_DISABLED>DISCONNECTED>ASSOCIATING>ASSOCIATED>COMPLETED
316420,03ff4fa3-fe21-4e1e-b750-8f49c8e0bc31,after,2026-09-15 19:06:46,ASUS_I006D,33,SENDAI_free_Wi-Fi,d4:68:4d:c2:69:98,2462,2.4GHz,-68,802.11n,TIMEOUT_AT_COMPLETED,TIMEOUT_AT_<STATE>,1609,0-2s,COMPLETED,5,INTERFACE_DISABLED>DISCONNECTED>ASSOCIATING>ASSOCIATED>COMPLETED
316428,03ff4fa3-fe21-4e1e-b750-8f49c8e0bc31,after,2026-09-15 19:06:46,ASUS_I006D,33,TOHOKU_United_Free_Wi-Fi,d4:68:4d:82:69:98,2462,2.4GHz,-71,802.11n,TIMEOUT_AT_COMPLETED,TIMEOUT_AT_<STATE>,1560,0-2s,COMPLETED,8,DISCONNECTED>INTERFACE_DISABLED>DISCONNECTED>INTERFACE_DISABLED>DISCONNECTED>ASSOCIATING>ASSOCIATED>COMPLETED
316429,03ff4fa3-fe21-4e1e-b750-8f49c8e0bc31,after,2026-09-15 19:06:46,ASUS_I006D,33,TOHOKU_United_Free_Wi-Fi,d4:68:4d:80:29:b8,2412,2.4GHz,-72,802.11n,TIMEOUT_AT_COMPLETED,TIMEOUT_AT_<STATE>,2042,0-2s,COMPLETED,5,INTERFACE_DISABLED>DISCONNECTED>ASSOCIATING>ASSOCIATED>COMPLETED
316430,03ff4fa3-fe21-4e1e-b750-8f49c8e0bc31,after,2026-09-15 19:06:46,ASUS_I006D,33,SENDAI_free_Wi-Fi,d4:68:4d:c0:29:b8,2412,2.4GHz,-72,802.11n,TIMEOUT_AT_ASSOCIATING,TIMEOUT_AT_<STATE>,3025,3-5s,ASSOCIATING_ONLY,4,DISCONNECTED>INTERFACE_DISABLED>DISCONNECTED>ASSOCIATING
320711,c38eb5bd-c584-4fb3-9238-846a6dc4ddf5,after,2026-09-15 19:06:47,motorola edge 40 neo,34,TOHOKU_United_Free_Wi-Fi,d4:68:4d:80:29:b8,2412,2.4GHz,-66,802.11n,TIMEOUT_AT_COMPLETED,TIMEOUT_AT_<STATE>,802,0-2s,COMPLETED,3,ASSOCIATING>ASSOCIATED>COMPLETED
320714,c38eb5bd-c584-4fb3-9238-846a6dc4ddf5,after,2026-09-15 19:06:47,motorola edge 40 neo,34,SENDAI_free_Wi-Fi,d4:68:4d:c0:29:b8,2412,2.4GHz,-69,802.11n,TIMEOUT_AT_COMPLETED,TIMEOUT_AT_<STATE>,301,0-2s,COMPLETED,3,ASSOCIATING>ASSOCIATED>COMPLETED
320721,c38eb5bd-c584-4fb3-9238-846a6dc4ddf5,after,2026-09-15 19:06:47,motorola edge 40 neo,34,TOHOKU_United_Free_Wi-Fi,d4:68:4d:c2:69:9c,5500,5GHz,-75,802.11n,TIMEOUT_AT_COMPLETED,TIMEOUT_AT_<STATE>,247,0-2s,COMPLETED,5,INTERFACE_DISABLED>DISCONNECTED>ASSOCIATING>ASSOCIATED>COMPLETED
320723,c38eb5bd-c584-4fb3-9238-846a6dc4ddf5,after,2026-09-15 19:06:47,motorola edge 40 neo,34,SENDAI_free_Wi-Fi,d4:68:4d:02:69:9d,5500,5GHz,-75,802.11n,TIMEOUT_AT_COMPLETED,TIMEOUT_AT_<STATE>,347,0-2s,COMPLETED,5,INTERFACE_DISABLED>DISCONNECTED>ASSOCIATING>ASSOCIATED>COMPLETED
320727,c38eb5bd-c584-4fb3-9238-846a6dc4ddf5,after,2026-09-15 19:06:47,motorola edge 40 neo,34,SENDAI_free_Wi-Fi,d4:68:4d:00:29:bd,5500,5GHz,-78,802.11n,FAILED_AT_DISCONNECTED,FAILED_AT_<STATE>,829,0-2s,ASSOCIATING_ONLY,22,INTERFACE_DISABLED>DISCONNECTED>ASSOCIATING>DISCONNECTED>INTERFACE_DISABLED>DISCONNECTED>INTERFACE_DISABLED>DISCONNECTED>ASSOCIATING>DISCONNECTED>INTERFACE_DISABLED>DISCONNECTED>INTERFACE_DISABLED>DISCONNECTED>ASSOCIATING>DISCONNECTED>INTERFACE_DISABLED>DISCONNECTED>INTERFACE_DISABLED>DISCONNECTED>ASSOCIATING>DISCONNECTED
320729,c38eb5bd-c584-4fb3-9238-846a6dc4ddf5,after,2026-09-15 19:06:47,motorola edge 40 neo,34,TOHOKU_United_Free_Wi-Fi,d4:68:4d:c0:29:bc,5500,5GHz,-79,802.11n,TIMEOUT_AT_COMPLETED,TIMEOUT_AT_<STATE>,1850,0-2s,COMPLETED,5,INTERFACE_DISABLED>DISCONNECTED>ASSOCIATING>ASSOCIATED>COMPLETED
316505,fc34f784-3e7d-463e-a1b1-967ee34e6817,after,2026-09-15 19:07:03,ASUS_I006D,33,SENDAI_free_Wi-Fi,d4:68:4d:02:69:9d,5500,5GHz,-62,802.11n,TIMEOUT_AT_COMPLETED,TIMEOUT_AT_<STATE>,1174,0-2s,COMPLETED,3,ASSOCIATING>ASSOCIATED>COMPLETED
316507,fc34f784-3e7d-463e-a1b1-967ee34e6817,after,2026-09-15 19:07:03,ASUS_I006D,33,TOHOKU_United_Free_Wi-Fi,d4:68:4d:c0:29:bc,5500,5GHz,-63,802.11n,NOT_FOUND,NOT_FOUND,11,0-2s,NONE,0,
316508,fc34f784-3e7d-463e-a1b1-967ee34e6817,after,2026-09-15 19:07:03,ASUS_I006D,33,TOHOKU_United_Free_Wi-Fi,d4:68:4d:c2:69:9c,5500,5GHz,-63,802.11n,NOT_FOUND,NOT_FOUND,23,0-2s,NONE,0,
316512,fc34f784-3e7d-463e-a1b1-967ee34e6817,after,2026-09-15 19:07:03,ASUS_I006D,33,TOHOKU_United_Free_Wi-Fi,d4:68:4d:82:69:98,2462,2.4GHz,-64,802.11n,NOT_FOUND,NOT_FOUND,10,0-2s,NONE,0,
316513,fc34f784-3e7d-463e-a1b1-967ee34e6817,after,2026-09-15 19:07:03,ASUS_I006D,33,SENDAI_free_Wi-Fi,d4:68:4d:00:29:bd,5500,5GHz,-64,802.11n,NOT_FOUND,NOT_FOUND,10,0-2s,NONE,0,
316514,fc34f784-3e7d-463e-a1b1-967ee34e6817,after,2026-09-15 19:07:03,ASUS_I006D,33,SENDAI_free_Wi-Fi,d4:68:4d:c0:29:b8,2412,2.4GHz,-65,802.11n,NOT_FOUND,NOT_FOUND,10,0-2s,NONE,0,
316516,fc34f784-3e7d-463e-a1b1-967ee34e6817,after,2026-09-15 19:07:03,ASUS_I006D,33,TOHOKU_United_Free_Wi-Fi,d4:68:4d:80:29:b8,2412,2.4GHz,-66,802.11n,NOT_FOUND,NOT_FOUND,12,0-2s,NONE,0,
316521,fc34f784-3e7d-463e-a1b1-967ee34e6817,after,2026-09-15 19:07:03,ASUS_I006D,33,SENDAI_free_Wi-Fi,d4:68:4d:c2:69:98,2462,2.4GHz,-68,802.11n,NOT_FOUND,NOT_FOUND,10,0-2s,NONE,0,
320782,0f7c015a-3522-4062-8135-24ff517e7a46,after,2026-09-15 19:07:13,motorola edge 40 neo,34,TOHOKU_United_Free_Wi-Fi,d4:68:4d:c0:29:bc,5500,5GHz,-66,802.11n,TIMEOUT_AT_COMPLETED,TIMEOUT_AT_<STATE>,303,0-2s,COMPLETED,5,INTERFACE_DISABLED>DISCONNECTED>ASSOCIATING>ASSOCIATED>COMPLETED
320788,0f7c015a-3522-4062-8135-24ff517e7a46,after,2026-09-15 19:07:13,motorola edge 40 neo,34,SENDAI_free_Wi-Fi,d4:68:4d:c0:29:b8,2412,2.4GHz,-67,802.11n,TIMEOUT_AT_COMPLETED,TIMEOUT_AT_<STATE>,483,0-2s,COMPLETED,3,ASSOCIATING>ASSOCIATED>COMPLETED
320789,0f7c015a-3522-4062-8135-24ff517e7a46,after,2026-09-15 19:07:13,motorola edge 40 neo,34,SENDAI_free_Wi-Fi,d4:68:4d:00:29:bd,5500,5GHz,-67,802.11n,TIMEOUT_AT_COMPLETED,TIMEOUT_AT_<STATE>,275,0-2s,COMPLETED,5,INTERFACE_DISABLED>DISCONNECTED>ASSOCIATING>ASSOCIATED>COMPLETED
320790,0f7c015a-3522-4062-8135-24ff517e7a46,after,2026-09-15 19:07:13,motorola edge 40 neo,34,TOHOKU_United_Free_Wi-Fi,d4:68:4d:80:29:b8,2412,2.4GHz,-69,802.11n,TIMEOUT_AT_COMPLETED,TIMEOUT_AT_<STATE>,476,0-2s,COMPLETED,5,INTERFACE_DISABLED>DISCONNECTED>ASSOCIATING>ASSOCIATED>COMPLETED
320794,0f7c015a-3522-4062-8135-24ff517e7a46,after,2026-09-15 19:07:13,motorola edge 40 neo,34,TOHOKU_United_Free_Wi-Fi,d4:68:4d:c2:69:9c,5500,5GHz,-74,802.11n,TIMEOUT_AT_COMPLETED,TIMEOUT_AT_<STATE>,2032,0-2s,COMPLETED,5,INTERFACE_DISABLED>DISCONNECTED>ASSOCIATING>ASSOCIATED>COMPLETED
320797,0f7c015a-3522-4062-8135-24ff517e7a46,after,2026-09-15 19:07:13,motorola edge 40 neo,34,SENDAI_free_Wi-Fi,d4:68:4d:02:69:9d,5500,5GHz,-74,802.11n,NOT_FOUND,NOT_FOUND,3018,3-5s,NONE,0,
316596,41e478b6-c4a6-4222-8acc-d271d49ef74f,after,2026-09-15 19:07:41,ASUS_I006D,33,TOHOKU_United_Free_Wi-Fi,d4:68:4d:c0:29:bc,5500,5GHz,-62,802.11n,TIMEOUT_AT_COMPLETED,TIMEOUT_AT_<STATE>,982,0-2s,COMPLETED,3,ASSOCIATING>ASSOCIATED>COMPLETED
316597,41e478b6-c4a6-4222-8acc-d271d49ef74f,after,2026-09-15 19:07:41,ASUS_I006D,33,SENDAI_free_Wi-Fi,d4:68:4d:00:29:bd,5500,5GHz,-62,802.11n,TIMEOUT_AT_COMPLETED,TIMEOUT_AT_<STATE>,1244,0-2s,COMPLETED,5,INTERFACE_DISABLED>DISCONNECTED>ASSOCIATING>ASSOCIATED>COMPLETED
316601,41e478b6-c4a6-4222-8acc-d271d49ef74f,after,2026-09-15 19:07:41,ASUS_I006D,33,SENDAI_free_Wi-Fi,d4:68:4d:02:69:9d,5500,5GHz,-63,802.11n,TIMEOUT_AT_COMPLETED,TIMEOUT_AT_<STATE>,1418,0-2s,COMPLETED,5,INTERFACE_DISABLED>DISCONNECTED>ASSOCIATING>ASSOCIATED>COMPLETED
316603,41e478b6-c4a6-4222-8acc-d271d49ef74f,after,2026-09-15 19:07:41,ASUS_I006D,33,TOHOKU_United_Free_Wi-Fi,d4:68:4d:c2:69:9c,5500,5GHz,-63,802.11n,TIMEOUT_AT_COMPLETED,TIMEOUT_AT_<STATE>,1242,0-2s,COMPLETED,5,INTERFACE_DISABLED>DISCONNECTED>ASSOCIATING>ASSOCIATED>COMPLETED
316608,41e478b6-c4a6-4222-8acc-d271d49ef74f,after,2026-09-15 19:07:41,ASUS_I006D,33,TOHOKU_United_Free_Wi-Fi,d4:68:4d:80:29:b8,2412,2.4GHz,-65,802.11n,TIMEOUT_AT_COMPLETED,TIMEOUT_AT_<STATE>,1708,0-2s,COMPLETED,8,DISCONNECTED>INTERFACE_DISABLED>DISCONNECTED>INTERFACE_DISABLED>DISCONNECTED>ASSOCIATING>ASSOCIATED>COMPLETED
316611,41e478b6-c4a6-4222-8acc-d271d49ef74f,after,2026-09-15 19:07:41,ASUS_I006D,33,SENDAI_free_Wi-Fi,d4:68:4d:c0:29:b8,2412,2.4GHz,-66,802.11n,TIMEOUT_AT_COMPLETED,TIMEOUT_AT_<STATE>,1499,0-2s,COMPLETED,8,DISCONNECTED>INTERFACE_DISABLED>DISCONNECTED>INTERFACE_DISABLED>DISCONNECTED>ASSOCIATING>ASSOCIATED>COMPLETED
316613,41e478b6-c4a6-4222-8acc-d271d49ef74f,after,2026-09-15 19:07:41,ASUS_I006D,33,SENDAI_free_Wi-Fi,d4:68:4d:c2:69:98,2462,2.4GHz,-69,802.11n,TIMEOUT_AT_COMPLETED,TIMEOUT_AT_<STATE>,1722,0-2s,COMPLETED,6,DISCONNECTED>INTERFACE_DISABLED>DISCONNECTED>ASSOCIATING>ASSOCIATED>COMPLETED
316615,41e478b6-c4a6-4222-8acc-d271d49ef74f,after,2026-09-15 19:07:41,ASUS_I006D,33,TOHOKU_United_Free_Wi-Fi,d4:68:4d:82:69:98,2462,2.4GHz,-69,802.11n,TIMEOUT_AT_COMPLETED,TIMEOUT_AT_<STATE>,1708,0-2s,COMPLETED,8,DISCONNECTED>INTERFACE_DISABLED>DISCONNECTED>INTERFACE_DISABLED>DISCONNECTED>ASSOCIATING>ASSOCIATED>COMPLETED
316687,41e478b6-c4a6-4222-8acc-d271d49ef74f,after,2026-09-15 19:07:41,ASUS_I006D,33,TOHOKU_United_Free_Wi-Fi,60:d0:2c:73:63:8d,5620,5GHz,-88,802.11ac,FAILED_AT_DISCONNECTED,FAILED_AT_<STATE>,3010,3-5s,NONE,3,DISCONNECTED>INTERFACE_DISABLED>DISCONNECTED
320861,dde3d33f-8e41-4364-8c18-e8667e211106,after,2026-09-15 19:07:43,motorola edge 40 neo,34,TOHOKU_United_Free_Wi-Fi,d4:68:4d:82:69:98,2462,2.4GHz,-61,802.11n,TIMEOUT_AT_COMPLETED,TIMEOUT_AT_<STATE>,949,0-2s,COMPLETED,4,DISCONNECTED>ASSOCIATING>ASSOCIATED>COMPLETED
320863,dde3d33f-8e41-4364-8c18-e8667e211106,after,2026-09-15 19:07:43,motorola edge 40 neo,34,SENDAI_free_Wi-Fi,d4:68:4d:c2:69:98,2462,2.4GHz,-61,802.11n,TIMEOUT_AT_COMPLETED,TIMEOUT_AT_<STATE>,314,0-2s,COMPLETED,5,INTERFACE_DISABLED>DISCONNECTED>ASSOCIATING>ASSOCIATED>COMPLETED
320871,dde3d33f-8e41-4364-8c18-e8667e211106,after,2026-09-15 19:07:43,motorola edge 40 neo,34,TOHOKU_United_Free_Wi-Fi,d4:68:4d:80:29:b8,2412,2.4GHz,-67,802.11n,TIMEOUT_AT_COMPLETED,TIMEOUT_AT_<STATE>,298,0-2s,COMPLETED,5,INTERFACE_DISABLED>DISCONNECTED>ASSOCIATING>ASSOCIATED>COMPLETED
320872,dde3d33f-8e41-4364-8c18-e8667e211106,after,2026-09-15 19:07:43,motorola edge 40 neo,34,SENDAI_free_Wi-Fi,d4:68:4d:c0:29:b8,2412,2.4GHz,-67,802.11n,TIMEOUT_AT_COMPLETED,TIMEOUT_AT_<STATE>,326,0-2s,COMPLETED,5,INTERFACE_DISABLED>DISCONNECTED>ASSOCIATING>ASSOCIATED>COMPLETED
320879,dde3d33f-8e41-4364-8c18-e8667e211106,after,2026-09-15 19:07:43,motorola edge 40 neo,34,SENDAI_free_Wi-Fi,d4:68:4d:02:69:9d,5500,5GHz,-72,802.11n,TIMEOUT_AT_COMPLETED,TIMEOUT_AT_<STATE>,308,0-2s,COMPLETED,5,INTERFACE_DISABLED>DISCONNECTED>ASSOCIATING>ASSOCIATED>COMPLETED
320881,dde3d33f-8e41-4364-8c18-e8667e211106,after,2026-09-15 19:07:43,motorola edge 40 neo,34,TOHOKU_United_Free_Wi-Fi,d4:68:4d:c2:69:9c,5500,5GHz,-73,802.11n,TIMEOUT_AT_COMPLETED,TIMEOUT_AT_<STATE>,253,0-2s,COMPLETED,5,INTERFACE_DISABLED>DISCONNECTED>ASSOCIATING>ASSOCIATED>COMPLETED
320884,dde3d33f-8e41-4364-8c18-e8667e211106,after,2026-09-15 19:07:43,motorola edge 40 neo,34,TOHOKU_United_Free_Wi-Fi,d4:68:4d:c0:29:bc,5500,5GHz,-74,802.11n,TIMEOUT_AT_COMPLETED,TIMEOUT_AT_<STATE>,2002,0-2s,COMPLETED,3,ASSOCIATING>ASSOCIATED>COMPLETED
320886,dde3d33f-8e41-4364-8c18-e8667e211106,after,2026-09-15 19:07:43,motorola edge 40 neo,34,SENDAI_free_Wi-Fi,d4:68:4d:00:29:bd,5500,5GHz,-74,802.11n,NOT_FOUND,NOT_FOUND,3014,3-5s,NONE,0,
320953,0f56a52c-0a7d-4d1b-8a0b-5e0da3b50519,after,2026-09-15 19:08:15,motorola edge 40 neo,34,SENDAI_free_Wi-Fi,d4:68:4d:c0:29:b8,2412,2.4GHz,-62,802.11n,TIMEOUT_AT_COMPLETED,TIMEOUT_AT_<STATE>,257,0-2s,COMPLETED,5,INTERFACE_DISABLED>DISCONNECTED>ASSOCIATING>ASSOCIATED>COMPLETED
320955,0f56a52c-0a7d-4d1b-8a0b-5e0da3b50519,after,2026-09-15 19:08:15,motorola edge 40 neo,34,TOHOKU_United_Free_Wi-Fi,d4:68:4d:80:29:b8,2412,2.4GHz,-63,802.11n,TIMEOUT_AT_COMPLETED,TIMEOUT_AT_<STATE>,274,0-2s,COMPLETED,5,INTERFACE_DISABLED>DISCONNECTED>ASSOCIATING>ASSOCIATED>COMPLETED
320959,0f56a52c-0a7d-4d1b-8a0b-5e0da3b50519,after,2026-09-15 19:08:15,motorola edge 40 neo,34,TOHOKU_United_Free_Wi-Fi,d4:68:4d:82:69:98,2462,2.4GHz,-64,802.11n,TIMEOUT_AT_COMPLETED,TIMEOUT_AT_<STATE>,283,0-2s,COMPLETED,3,ASSOCIATING>ASSOCIATED>COMPLETED
320964,0f56a52c-0a7d-4d1b-8a0b-5e0da3b50519,after,2026-09-15 19:08:15,motorola edge 40 neo,34,TOHOKU_United_Free_Wi-Fi,d4:68:4d:c0:29:bc,5500,5GHz,-68,802.11n,TIMEOUT_AT_COMPLETED,TIMEOUT_AT_<STATE>,346,0-2s,COMPLETED,5,INTERFACE_DISABLED>DISCONNECTED>ASSOCIATING>ASSOCIATED>COMPLETED
320965,0f56a52c-0a7d-4d1b-8a0b-5e0da3b50519,after,2026-09-15 19:08:15,motorola edge 40 neo,34,TOHOKU_United_Free_Wi-Fi,d4:68:4d:c2:69:9c,5500,5GHz,-68,802.11n,TIMEOUT_AT_COMPLETED,TIMEOUT_AT_<STATE>,1947,0-2s,COMPLETED,5,INTERFACE_DISABLED>DISCONNECTED>ASSOCIATING>ASSOCIATED>COMPLETED
320969,0f56a52c-0a7d-4d1b-8a0b-5e0da3b50519,after,2026-09-15 19:08:15,motorola edge 40 neo,34,SENDAI_free_Wi-Fi,d4:68:4d:00:29:bd,5500,5GHz,-68,802.11n,TIMEOUT_AT_COMPLETED,TIMEOUT_AT_<STATE>,1952,0-2s,COMPLETED,5,INTERFACE_DISABLED>DISCONNECTED>ASSOCIATING>ASSOCIATED>COMPLETED
320971,0f56a52c-0a7d-4d1b-8a0b-5e0da3b50519,after,2026-09-15 19:08:15,motorola edge 40 neo,34,SENDAI_free_Wi-Fi,d4:68:4d:02:69:9d,5500,5GHz,-68,802.11n,TIMEOUT_AT_COMPLETED,TIMEOUT_AT_<STATE>,1958,0-2s,COMPLETED,5,INTERFACE_DISABLED>DISCONNECTED>ASSOCIATING>ASSOCIATED>COMPLETED
320997,0f56a52c-0a7d-4d1b-8a0b-5e0da3b50519,after,2026-09-15 19:08:15,motorola edge 40 neo,34,TOHOKU_United_Free_Wi-Fi,ec:58:ea:44:2e:dd,5620,5GHz,-89,802.11ac,NOT_FOUND,NOT_FOUND,3012,3-5s,NONE,0,
316696,8cde8867-848a-4876-a0b5-44b51b081172,after,2026-09-15 19:08:26,ASUS_I006D,33,SENDAI_free_Wi-Fi,d4:68:4d:02:69:9d,5500,5GHz,-70,802.11n,FAILED_AT_SCANNING,FAILED_AT_<STATE>,3012,3-5s,ASSOCIATING_ONLY,7,INTERFACE_DISABLED>DISCONNECTED>ASSOCIATING>DISCONNECTED>INTERFACE_DISABLED>DISCONNECTED>SCANNING
316698,8cde8867-848a-4876-a0b5-44b51b081172,after,2026-09-15 19:08:26,ASUS_I006D,33,TOHOKU_United_Free_Wi-Fi,d4:68:4d:c2:69:9c,5500,5GHz,-70,802.11n,FAILED_AT_SCANNING,FAILED_AT_<STATE>,3030,3-5s,ASSOCIATING_ONLY,5,ASSOCIATING>DISCONNECTED>INTERFACE_DISABLED>DISCONNECTED>SCANNING
316707,8cde8867-848a-4876-a0b5-44b51b081172,after,2026-09-15 19:08:26,ASUS_I006D,33,TOHOKU_United_Free_Wi-Fi,d4:68:4d:c0:29:bc,5500,5GHz,-73,802.11n,TIMEOUT_AT_COMPLETED,TIMEOUT_AT_<STATE>,534,0-2s,COMPLETED,3,ASSOCIATING>ASSOCIATED>COMPLETED
316710,8cde8867-848a-4876-a0b5-44b51b081172,after,2026-09-15 19:08:26,ASUS_I006D,33,SENDAI_free_Wi-Fi,d4:68:4d:00:29:bd,5500,5GHz,-73,802.11n,TIMEOUT_AT_COMPLETED,TIMEOUT_AT_<STATE>,1279,0-2s,COMPLETED,5,INTERFACE_DISABLED>DISCONNECTED>ASSOCIATING>ASSOCIATED>COMPLETED
316712,8cde8867-848a-4876-a0b5-44b51b081172,after,2026-09-15 19:08:26,ASUS_I006D,33,TOHOKU_United_Free_Wi-Fi,d4:68:4d:82:69:98,2462,2.4GHz,-74,802.11n,TIMEOUT_AT_INTERFACE_DISABLED,TIMEOUT_AT_<STATE>,3020,3-5s,ASSOCIATING_ONLY,5,INTERFACE_DISABLED>DISCONNECTED>ASSOCIATING>DISCONNECTED>INTERFACE_DISABLED
316713,8cde8867-848a-4876-a0b5-44b51b081172,after,2026-09-15 19:08:26,ASUS_I006D,33,SENDAI_free_Wi-Fi,d4:68:4d:c2:69:98,2462,2.4GHz,-75,802.11n,TIMEOUT_AT_ASSOCIATING,TIMEOUT_AT_<STATE>,3019,3-5s,ASSOCIATING_ONLY,5,INTERFACE_DISABLED>DISCONNECTED>SCANNING>DISCONNECTED>ASSOCIATING
316759,8cde8867-848a-4876-a0b5-44b51b081172,after,2026-09-15 19:08:26,ASUS_I006D,33,TOHOKU_United_Free_Wi-Fi,60:d0:2c:73:64:7d,5600,5GHz,-88,802.11ac,FAILED_AT_DISCONNECTED,FAILED_AT_<STATE>,3015,3-5s,NONE,1,DISCONNECTED
316764,8cde8867-848a-4876-a0b5-44b51b081172,after,2026-09-15 19:08:26,ASUS_I006D,33,TOHOKU_United_Free_Wi-Fi,ec:58:ea:44:2e:dd,5620,5GHz,-89,802.11ac,NOT_FOUND,NOT_FOUND,3019,3-5s,NONE,0,
316773,8cde8867-848a-4876-a0b5-44b51b081172,after,2026-09-15 19:08:26,ASUS_I006D,33,TOHOKU_United_Free_Wi-Fi,60:d0:2c:73:63:8d,5620,5GHz,-92,802.11ac,TIMEOUT_AT_INTERFACE_DISABLED,TIMEOUT_AT_<STATE>,3016,3-5s,ASSOCIATING_ONLY,5,INTERFACE_DISABLED>DISCONNECTED>ASSOCIATING>DISCONNECTED>INTERFACE_DISABLED
321027,8217cc30-ab22-4749-9090-3bdae081ac5c,after,2026-09-15 19:08:39,motorola edge 40 neo,34,TOHOKU_United_Free_Wi-Fi,d4:68:4d:82:69:98,2462,2.4GHz,-67,802.11n,TIMEOUT_AT_COMPLETED,TIMEOUT_AT_<STATE>,1619,0-2s,COMPLETED,5,INTERFACE_DISABLED>DISCONNECTED>ASSOCIATING>ASSOCIATED>COMPLETED
321028,8217cc30-ab22-4749-9090-3bdae081ac5c,after,2026-09-15 19:08:39,motorola edge 40 neo,34,SENDAI_free_Wi-Fi,d4:68:4d:c2:69:98,2462,2.4GHz,-68,802.11n,TIMEOUT_AT_COMPLETED,TIMEOUT_AT_<STATE>,426,0-2s,COMPLETED,5,INTERFACE_DISABLED>DISCONNECTED>ASSOCIATING>ASSOCIATED>COMPLETED
321031,8217cc30-ab22-4749-9090-3bdae081ac5c,after,2026-09-15 19:08:39,motorola edge 40 neo,34,SENDAI_free_Wi-Fi,d4:68:4d:00:29:bd,5500,5GHz,-70,802.11n,TIMEOUT_AT_COMPLETED,TIMEOUT_AT_<STATE>,308,0-2s,COMPLETED,5,INTERFACE_DISABLED>DISCONNECTED>ASSOCIATING>ASSOCIATED>COMPLETED
321033,8217cc30-ab22-4749-9090-3bdae081ac5c,after,2026-09-15 19:08:39,motorola edge 40 neo,34,TOHOKU_United_Free_Wi-Fi,d4:68:4d:c0:29:bc,5500,5GHz,-70,802.11n,TIMEOUT_AT_COMPLETED,TIMEOUT_AT_<STATE>,369,0-2s,COMPLETED,5,INTERFACE_DISABLED>DISCONNECTED>ASSOCIATING>ASSOCIATED>COMPLETED
316776,8853c846-5018-480b-aaf0-c8684876e0d2,after,2026-09-15 19:09:02,ASUS_I006D,33,TOHOKU_United_Free_Wi-Fi,d4:68:4d:c0:29:bc,5500,5GHz,-66,802.11n,TIMEOUT_AT_INTERFACE_DISABLED,TIMEOUT_AT_<STATE>,3015,3-5s,ASSOCIATING_ONLY,3,ASSOCIATING>DISCONNECTED>INTERFACE_DISABLED
316780,8853c846-5018-480b-aaf0-c8684876e0d2,after,2026-09-15 19:09:02,ASUS_I006D,33,SENDAI_free_Wi-Fi,d4:68:4d:00:29:bd,5500,5GHz,-66,802.11n,TIMEOUT_AT_COMPLETED,TIMEOUT_AT_<STATE>,1994,0-2s,COMPLETED,7,INTERFACE_DISABLED>DISCONNECTED>SCANNING>DISCONNECTED>ASSOCIATING>ASSOCIATED>COMPLETED
316782,8853c846-5018-480b-aaf0-c8684876e0d2,after,2026-09-15 19:09:02,ASUS_I006D,33,SENDAI_free_Wi-Fi,d4:68:4d:c0:29:b8,2412,2.4GHz,-69,802.11n,TIMEOUT_AT_COMPLETED,TIMEOUT_AT_<STATE>,1691,0-2s,COMPLETED,5,INTERFACE_DISABLED>DISCONNECTED>ASSOCIATING>ASSOCIATED>COMPLETED
316792,8853c846-5018-480b-aaf0-c8684876e0d2,after,2026-09-15 19:09:02,ASUS_I006D,33,SENDAI_free_Wi-Fi,d4:68:4d:02:69:9d,5500,5GHz,-75,802.11n,FAILED_AT_SCANNING,FAILED_AT_<STATE>,3014,3-5s,ASSOCIATING_ONLY,7,INTERFACE_DISABLED>DISCONNECTED>ASSOCIATING>DISCONNECTED>INTERFACE_DISABLED>DISCONNECTED>SCANNING
316795,8853c846-5018-480b-aaf0-c8684876e0d2,after,2026-09-15 19:09:02,ASUS_I006D,33,TOHOKU_United_Free_Wi-Fi,d4:68:4d:c2:69:9c,5500,5GHz,-76,802.11n,TIMEOUT_AT_ASSOCIATING,TIMEOUT_AT_<STATE>,3023,3-5s,ASSOCIATING_ONLY,1,ASSOCIATING
316867,8853c846-5018-480b-aaf0-c8684876e0d2,after,2026-09-15 19:09:02,ASUS_I006D,33,TOHOKU_United_Free_Wi-Fi,ec:58:ea:44:2e:dd,5620,5GHz,-90,802.11ac,FAILED_AT_DISCONNECTED,FAILED_AT_<STATE>,3026,3-5s,NONE,3,DISCONNECTED>INTERFACE_DISABLED>DISCONNECTED
321072,1325ab94-e591-41c4-9b25-076c16f98486,after,2026-09-15 19:09:27,motorola edge 40 neo,34,TOHOKU_United_Free_Wi-Fi,d4:68:4d:80:29:b8,2412,2.4GHz,-68,802.11n,TIMEOUT_AT_COMPLETED,TIMEOUT_AT_<STATE>,221,0-2s,COMPLETED,5,INTERFACE_DISABLED>DISCONNECTED>ASSOCIATING>ASSOCIATED>COMPLETED
321077,1325ab94-e591-41c4-9b25-076c16f98486,after,2026-09-15 19:09:27,motorola edge 40 neo,34,SENDAI_free_Wi-Fi,d4:68:4d:c0:29:b8,2412,2.4GHz,-70,802.11n,TIMEOUT_AT_COMPLETED,TIMEOUT_AT_<STATE>,261,0-2s,COMPLETED,5,INTERFACE_DISABLED>DISCONNECTED>ASSOCIATING>ASSOCIATED>COMPLETED
321079,1325ab94-e591-41c4-9b25-076c16f98486,after,2026-09-15 19:09:27,motorola edge 40 neo,34,TOHOKU_United_Free_Wi-Fi,d4:68:4d:c0:29:bc,5500,5GHz,-71,802.11n,TIMEOUT_AT_COMPLETED,TIMEOUT_AT_<STATE>,269,0-2s,COMPLETED,3,ASSOCIATING>ASSOCIATED>COMPLETED
321081,1325ab94-e591-41c4-9b25-076c16f98486,after,2026-09-15 19:09:27,motorola edge 40 neo,34,SENDAI_free_Wi-Fi,d4:68:4d:c2:69:98,2462,2.4GHz,-71,802.11n,TIMEOUT_AT_COMPLETED,TIMEOUT_AT_<STATE>,633,0-2s,COMPLETED,5,INTERFACE_DISABLED>DISCONNECTED>ASSOCIATING>ASSOCIATED>COMPLETED
321083,1325ab94-e591-41c4-9b25-076c16f98486,after,2026-09-15 19:09:27,motorola edge 40 neo,34,SENDAI_free_Wi-Fi,d4:68:4d:00:29:bd,5500,5GHz,-71,802.11n,TIMEOUT_AT_COMPLETED,TIMEOUT_AT_<STATE>,357,0-2s,COMPLETED,3,ASSOCIATING>ASSOCIATED>COMPLETED
321112,1325ab94-e591-41c4-9b25-076c16f98486,after,2026-09-15 19:09:27,motorola edge 40 neo,34,SENDAI_free_Wi-Fi,d4:68:4d:02:69:9d,5500,5GHz,-86,802.11n,FAILED_AT_DISCONNECTED,FAILED_AT_<STATE>,2342,0-2s,ASSOCIATING_ONLY,20,INTERFACE_DISABLED>DISCONNECTED>ASSOCIATING>DISCONNECTED>INTERFACE_DISABLED>DISCONNECTED>INTERFACE_DISABLED>DISCONNECTED>ASSOCIATING>DISCONNECTED>INTERFACE_DISABLED>DISCONNECTED>ASSOCIATING>DISCONNECTED>INTERFACE_DISABLED>DISCONNECTED>INTERFACE_DISABLED>DISCONNECTED>ASSOCIATING>DISCONNECTED
321116,1325ab94-e591-41c4-9b25-076c16f98486,after,2026-09-15 19:09:27,motorola edge 40 neo,34,TOHOKU_United_Free_Wi-Fi,d4:68:4d:c2:69:9c,5500,5GHz,-88,802.11n,FAILED_AT_DISCONNECTED,FAILED_AT_<STATE>,746,0-2s,ASSOCIATING_ONLY,20,ASSOCIATING>DISCONNECTED>INTERFACE_DISABLED>DISCONNECTED>INTERFACE_DISABLED>DISCONNECTED>ASSOCIATING>DISCONNECTED>INTERFACE_DISABLED>DISCONNECTED>INTERFACE_DISABLED>DISCONNECTED>ASSOCIATING>DISCONNECTED>INTERFACE_DISABLED>DISCONNECTED>INTERFACE_DISABLED>DISCONNECTED>ASSOCIATING>DISCONNECTED
316870,eae5f513-3a31-4c43-ae21-284163ac3d4d,after,2026-09-15 19:09:40,ASUS_I006D,33,TOHOKU_United_Free_Wi-Fi,d4:68:4d:c0:29:bc,5500,5GHz,-60,802.11n,TIMEOUT_AT_COMPLETED,TIMEOUT_AT_<STATE>,1011,0-2s,COMPLETED,5,INTERFACE_DISABLED>DISCONNECTED>ASSOCIATING>ASSOCIATED>COMPLETED
316874,eae5f513-3a31-4c43-ae21-284163ac3d4d,after,2026-09-15 19:09:40,ASUS_I006D,33,SENDAI_free_Wi-Fi,d4:68:4d:00:29:bd,5500,5GHz,-60,802.11n,TIMEOUT_AT_COMPLETED,TIMEOUT_AT_<STATE>,1450,0-2s,COMPLETED,5,INTERFACE_DISABLED>DISCONNECTED>ASSOCIATING>ASSOCIATED>COMPLETED
316882,eae5f513-3a31-4c43-ae21-284163ac3d4d,after,2026-09-15 19:09:40,ASUS_I006D,33,TOHOKU_United_Free_Wi-Fi,d4:68:4d:80:29:b8,2412,2.4GHz,-71,802.11n,FAILED_AT_SCANNING,FAILED_AT_<STATE>,3010,3-5s,ASSOCIATING_ONLY,7,INTERFACE_DISABLED>DISCONNECTED>ASSOCIATING>DISCONNECTED>INTERFACE_DISABLED>DISCONNECTED>SCANNING
316887,eae5f513-3a31-4c43-ae21-284163ac3d4d,after,2026-09-15 19:09:40,ASUS_I006D,33,SENDAI_free_Wi-Fi,d4:68:4d:02:69:9d,5500,5GHz,-73,802.11n,TIMEOUT_AT_ASSOCIATING,TIMEOUT_AT_<STATE>,3025,3-5s,ASSOCIATING_ONLY,2,DISCONNECTED>ASSOCIATING
316954,eae5f513-3a31-4c43-ae21-284163ac3d4d,after,2026-09-15 19:09:40,ASUS_I006D,33,TOHOKU_United_Free_Wi-Fi,ec:58:ea:44:2e:dd,5620,5GHz,-92,802.11ac,FAILED_AT_DISCONNECTED,FAILED_AT_<STATE>,3026,3-5s,NONE,3,DISCONNECTED>INTERFACE_DISABLED>DISCONNECTED
321136,a1a329d1-5b0c-4fd1-b16e-a0f34315e246,after,2026-09-15 19:10:10,motorola edge 40 neo,34,TOHOKU_United_Free_Wi-Fi,d4:68:4d:82:69:98,2462,2.4GHz,-68,802.11n,TIMEOUT_AT_COMPLETED,TIMEOUT_AT_<STATE>,269,0-2s,COMPLETED,5,INTERFACE_DISABLED>DISCONNECTED>ASSOCIATING>ASSOCIATED>COMPLETED
321137,a1a329d1-5b0c-4fd1-b16e-a0f34315e246,after,2026-09-15 19:10:10,motorola edge 40 neo,34,SENDAI_free_Wi-Fi,d4:68:4d:c2:69:98,2462,2.4GHz,-68,802.11n,TIMEOUT_AT_COMPLETED,TIMEOUT_AT_<STATE>,346,0-2s,COMPLETED,5,INTERFACE_DISABLED>DISCONNECTED>ASSOCIATING>ASSOCIATED>COMPLETED
321140,a1a329d1-5b0c-4fd1-b16e-a0f34315e246,after,2026-09-15 19:10:10,motorola edge 40 neo,34,TOHOKU_United_Free_Wi-Fi,d4:68:4d:c0:29:bc,5500,5GHz,-69,802.11n,TIMEOUT_AT_COMPLETED,TIMEOUT_AT_<STATE>,283,0-2s,COMPLETED,5,INTERFACE_DISABLED>DISCONNECTED>ASSOCIATING>ASSOCIATED>COMPLETED
321147,a1a329d1-5b0c-4fd1-b16e-a0f34315e246,after,2026-09-15 19:10:10,motorola edge 40 neo,34,SENDAI_free_Wi-Fi,d4:68:4d:00:29:bd,5500,5GHz,-70,802.11n,TIMEOUT_AT_COMPLETED,TIMEOUT_AT_<STATE>,282,0-2s,COMPLETED,5,INTERFACE_DISABLED>DISCONNECTED>ASSOCIATING>ASSOCIATED>COMPLETED
321155,a1a329d1-5b0c-4fd1-b16e-a0f34315e246,after,2026-09-15 19:10:10,motorola edge 40 neo,34,TOHOKU_United_Free_Wi-Fi,d4:68:4d:c2:69:9c,5500,5GHz,-75,802.11n,TIMEOUT_AT_COMPLETED,TIMEOUT_AT_<STATE>,417,0-2s,COMPLETED,3,ASSOCIATING>ASSOCIATED>COMPLETED
321159,a1a329d1-5b0c-4fd1-b16e-a0f34315e246,after,2026-09-15 19:10:10,motorola edge 40 neo,34,SENDAI_free_Wi-Fi,d4:68:4d:02:69:9d,5500,5GHz,-76,802.11n,TIMEOUT_AT_COMPLETED,TIMEOUT_AT_<STATE>,734,0-2s,COMPLETED,11,INTERFACE_DISABLED>DISCONNECTED>ASSOCIATING>DISCONNECTED>INTERFACE_DISABLED>DISCONNECTED>INTERFACE_DISABLED>DISCONNECTED>ASSOCIATING>ASSOCIATED>COMPLETED
321197,a1a329d1-5b0c-4fd1-b16e-a0f34315e246,after,2026-09-15 19:10:10,motorola edge 40 neo,34,TOHOKU_United_Free_Wi-Fi,ec:58:ea:44:2e:dd,5620,5GHz,-93,802.11ac,TIMEOUT_AT_INTERFACE_DISABLED,TIMEOUT_AT_<STATE>,2234,0-2s,ASSOCIATING_ONLY,21,INTERFACE_DISABLED>DISCONNECTED>ASSOCIATING>DISCONNECTED>INTERFACE_DISABLED>DISCONNECTED>INTERFACE_DISABLED>DISCONNECTED>ASSOCIATING>DISCONNECTED>INTERFACE_DISABLED>DISCONNECTED>ASSOCIATING>DISCONNECTED>INTERFACE_DISABLED>DISCONNECTED>INTERFACE_DISABLED>DISCONNECTED>ASSOCIATING>DISCONNECTED>INTERFACE_DISABLED
316955,59a96511-39d3-4437-b1f3-5de981895704,after,2026-09-15 19:10:14,ASUS_I006D,33,TOHOKU_United_Free_Wi-Fi,d4:68:4d:c0:29:bc,5500,5GHz,-63,802.11n,TIMEOUT_AT_COMPLETED,TIMEOUT_AT_<STATE>,955,0-2s,COMPLETED,5,INTERFACE_DISABLED>DISCONNECTED>ASSOCIATING>ASSOCIATED>COMPLETED
316959,59a96511-39d3-4437-b1f3-5de981895704,after,2026-09-15 19:10:14,ASUS_I006D,33,SENDAI_free_Wi-Fi,d4:68:4d:00:29:bd,5500,5GHz,-63,802.11n,TIMEOUT_AT_COMPLETED,TIMEOUT_AT_<STATE>,1495,0-2s,COMPLETED,5,INTERFACE_DISABLED>DISCONNECTED>ASSOCIATING>ASSOCIATED>COMPLETED
316963,59a96511-39d3-4437-b1f3-5de981895704,after,2026-09-15 19:10:14,ASUS_I006D,33,TOHOKU_United_Free_Wi-Fi,d4:68:4d:82:69:98,2462,2.4GHz,-69,802.11n,TIMEOUT_AT_ASSOCIATING,TIMEOUT_AT_<STATE>,3011,3-5s,ASSOCIATING_ONLY,3,INTERFACE_DISABLED>DISCONNECTED>ASSOCIATING
316964,59a96511-39d3-4437-b1f3-5de981895704,after,2026-09-15 19:10:14,ASUS_I006D,33,TOHOKU_United_Free_Wi-Fi,d4:68:4d:80:29:b8,2412,2.4GHz,-70,802.11n,TIMEOUT_AT_COMPLETED,TIMEOUT_AT_<STATE>,1702,0-2s,COMPLETED,8,DISCONNECTED>INTERFACE_DISABLED>DISCONNECTED>INTERFACE_DISABLED>DISCONNECTED>ASSOCIATING>ASSOCIATED>COMPLETED
316966,59a96511-39d3-4437-b1f3-5de981895704,after,2026-09-15 19:10:14,ASUS_I006D,33,SENDAI_free_Wi-Fi,d4:68:4d:c0:29:b8,2412,2.4GHz,-70,802.11n,TIMEOUT_AT_ASSOCIATING,TIMEOUT_AT_<STATE>,3027,3-5s,ASSOCIATING_ONLY,6,DISCONNECTED>INTERFACE_DISABLED>DISCONNECTED>INTERFACE_DISABLED>DISCONNECTED>ASSOCIATING
317039,59a96511-39d3-4437-b1f3-5de981895704,after,2026-09-15 19:10:14,ASUS_I006D,33,TOHOKU_United_Free_Wi-Fi,ec:58:ea:44:2e:dd,5620,5GHz,-90,802.11ac,TIMEOUT_AT_ASSOCIATING,TIMEOUT_AT_<STATE>,3010,3-5s,ASSOCIATING_ONLY,4,DISCONNECTED>INTERFACE_DISABLED>DISCONNECTED>ASSOCIATING
321204,63158ab5-01f3-43f5-838c-92324e0c2bb6,after,2026-09-15 19:10:42,motorola edge 40 neo,34,TOHOKU_United_Free_Wi-Fi,d4:68:4d:80:29:b8,2412,2.4GHz,-69,802.11n,TIMEOUT_AT_COMPLETED,TIMEOUT_AT_<STATE>,205,0-2s,COMPLETED,5,INTERFACE_DISABLED>DISCONNECTED>ASSOCIATING>ASSOCIATED>COMPLETED
321205,63158ab5-01f3-43f5-838c-92324e0c2bb6,after,2026-09-15 19:10:42,motorola edge 40 neo,34,SENDAI_free_Wi-Fi,d4:68:4d:c0:29:b8,2412,2.4GHz,-69,802.11n,TIMEOUT_AT_COMPLETED,TIMEOUT_AT_<STATE>,271,0-2s,COMPLETED,5,INTERFACE_DISABLED>DISCONNECTED>ASSOCIATING>ASSOCIATED>COMPLETED
321207,63158ab5-01f3-43f5-838c-92324e0c2bb6,after,2026-09-15 19:10:42,motorola edge 40 neo,34,TOHOKU_United_Free_Wi-Fi,d4:68:4d:c0:29:bc,5500,5GHz,-70,802.11n,TIMEOUT_AT_COMPLETED,TIMEOUT_AT_<STATE>,245,0-2s,COMPLETED,5,INTERFACE_DISABLED>DISCONNECTED>ASSOCIATING>ASSOCIATED>COMPLETED
321209,63158ab5-01f3-43f5-838c-92324e0c2bb6,after,2026-09-15 19:10:42,motorola edge 40 neo,34,SENDAI_free_Wi-Fi,d4:68:4d:00:29:bd,5500,5GHz,-70,802.11n,TIMEOUT_AT_COMPLETED,TIMEOUT_AT_<STATE>,255,0-2s,COMPLETED,5,INTERFACE_DISABLED>DISCONNECTED>ASSOCIATING>ASSOCIATED>COMPLETED
321236,63158ab5-01f3-43f5-838c-92324e0c2bb6,after,2026-09-15 19:10:42,motorola edge 40 neo,34,TOHOKU_United_Free_Wi-Fi,d4:68:4d:c2:69:9c,5500,5GHz,-81,802.11n,FAILED_AT_DISCONNECTED,FAILED_AT_<STATE>,856,0-2s,ASSOCIATING_ONLY,22,INTERFACE_DISABLED>DISCONNECTED>ASSOCIATING>DISCONNECTED>INTERFACE_DISABLED>DISCONNECTED>INTERFACE_DISABLED>DISCONNECTED>ASSOCIATING>DISCONNECTED>INTERFACE_DISABLED>DISCONNECTED>INTERFACE_DISABLED>DISCONNECTED>ASSOCIATING>DISCONNECTED>INTERFACE_DISABLED>DISCONNECTED>INTERFACE_DISABLED>DISCONNECTED>ASSOCIATING>DISCONNECTED
321240,63158ab5-01f3-43f5-838c-92324e0c2bb6,after,2026-09-15 19:10:42,motorola edge 40 neo,34,SENDAI_free_Wi-Fi,d4:68:4d:02:69:9d,5500,5GHz,-81,802.11n,FAILED_AT_DISCONNECTED,FAILED_AT_<STATE>,2439,0-2s,ASSOCIATING_ONLY,22,INTERFACE_DISABLED>DISCONNECTED>ASSOCIATING>DISCONNECTED>INTERFACE_DISABLED>DISCONNECTED>INTERFACE_DISABLED>DISCONNECTED>ASSOCIATING>DISCONNECTED>INTERFACE_DISABLED>DISCONNECTED>INTERFACE_DISABLED>DISCONNECTED>ASSOCIATING>DISCONNECTED>INTERFACE_DISABLED>DISCONNECTED>INTERFACE_DISABLED>DISCONNECTED>ASSOCIATING>DISCONNECTED
321260,63158ab5-01f3-43f5-838c-92324e0c2bb6,after,2026-09-15 19:10:42,motorola edge 40 neo,34,TOHOKU_United_Free_Wi-Fi,ec:58:ea:44:2e:dd,5620,5GHz,-88,802.11ac,TIMEOUT_AT_COMPLETED,TIMEOUT_AT_<STATE>,888,0-2s,COMPLETED,3,ASSOCIATING>ASSOCIATED>COMPLETED
317044,23767ad1-4b38-4564-8f2a-11dc3fd2225e,after,2026-09-15 19:10:43,ASUS_I006D,33,TOHOKU_United_Free_Wi-Fi,d4:68:4d:c0:29:bc,5500,5GHz,-59,802.11n,TIMEOUT_AT_COMPLETED,TIMEOUT_AT_<STATE>,988,0-2s,COMPLETED,3,ASSOCIATING>ASSOCIATED>COMPLETED
317048,23767ad1-4b38-4564-8f2a-11dc3fd2225e,after,2026-09-15 19:10:43,ASUS_I006D,33,SENDAI_free_Wi-Fi,d4:68:4d:00:29:bd,5500,5GHz,-59,802.11n,TIMEOUT_AT_COMPLETED,TIMEOUT_AT_<STATE>,1481,0-2s,COMPLETED,5,INTERFACE_DISABLED>DISCONNECTED>ASSOCIATING>ASSOCIATED>COMPLETED
317070,23767ad1-4b38-4564-8f2a-11dc3fd2225e,after,2026-09-15 19:10:43,ASUS_I006D,33,SENDAI_free_Wi-Fi,d4:68:4d:c2:69:98,2462,2.4GHz,-76,802.11n,FAILED_AT_SCANNING,FAILED_AT_<STATE>,3015,3-5s,ASSOCIATING_ONLY,9,INTERFACE_DISABLED>DISCONNECTED>ASSOCIATING>DISCONNECTED>INTERFACE_DISABLED>DISCONNECTED>INTERFACE_DISABLED>DISCONNECTED>SCANNING
317072,23767ad1-4b38-4564-8f2a-11dc3fd2225e,after,2026-09-15 19:10:43,ASUS_I006D,33,SENDAI_free_Wi-Fi,d4:68:4d:02:69:9d,5500,5GHz,-77,802.11n,FAILED_AT_SCANNING,FAILED_AT_<STATE>,3018,3-5s,ASSOCIATING_ONLY,6,DISCONNECTED>ASSOCIATING>DISCONNECTED>INTERFACE_DISABLED>DISCONNECTED>SCANNING
317074,23767ad1-4b38-4564-8f2a-11dc3fd2225e,after,2026-09-15 19:10:43,ASUS_I006D,33,TOHOKU_United_Free_Wi-Fi,d4:68:4d:c2:69:9c,5500,5GHz,-77,802.11n,TIMEOUT_AT_ASSOCIATING,TIMEOUT_AT_<STATE>,3024,3-5s,ASSOCIATING_ONLY,1,ASSOCIATING
321277,8ac85946-c92a-4740-b4b8-8950d15a8207,after,2026-09-15 19:11:10,motorola edge 40 neo,34,TOHOKU_United_Free_Wi-Fi,d4:68:4d:c0:29:bc,5500,5GHz,-63,802.11n,TIMEOUT_AT_COMPLETED,TIMEOUT_AT_<STATE>,250,0-2s,COMPLETED,5,INTERFACE_DISABLED>DISCONNECTED>ASSOCIATING>ASSOCIATED>COMPLETED
321279,8ac85946-c92a-4740-b4b8-8950d15a8207,after,2026-09-15 19:11:10,motorola edge 40 neo,34,SENDAI_free_Wi-Fi,d4:68:4d:c0:29:b8,2412,2.4GHz,-63,802.11n,TIMEOUT_AT_COMPLETED,TIMEOUT_AT_<STATE>,846,0-2s,COMPLETED,5,INTERFACE_DISABLED>DISCONNECTED>ASSOCIATING>ASSOCIATED>COMPLETED
321281,8ac85946-c92a-4740-b4b8-8950d15a8207,after,2026-09-15 19:11:10,motorola edge 40 neo,34,SENDAI_free_Wi-Fi,d4:68:4d:00:29:bd,5500,5GHz,-63,802.11n,TIMEOUT_AT_COMPLETED,TIMEOUT_AT_<STATE>,276,0-2s,COMPLETED,5,INTERFACE_DISABLED>DISCONNECTED>ASSOCIATING>ASSOCIATED>COMPLETED
321300,8ac85946-c92a-4740-b4b8-8950d15a8207,after,2026-09-15 19:11:10,motorola edge 40 neo,34,TOHOKU_United_Free_Wi-Fi,d4:68:4d:c2:69:9c,5500,5GHz,-83,802.11n,FAILED_AT_DISCONNECTED,FAILED_AT_<STATE>,936,0-2s,ASSOCIATING_ONLY,21,INTERFACE_DISABLED>DISCONNECTED>ASSOCIATING>DISCONNECTED>INTERFACE_DISABLED>DISCONNECTED>DISCONNECTED>ASSOCIATING>DISCONNECTED>INTERFACE_DISABLED>DISCONNECTED>INTERFACE_DISABLED>DISCONNECTED>ASSOCIATING>DISCONNECTED>INTERFACE_DISABLED>DISCONNECTED>INTERFACE_DISABLED>DISCONNECTED>ASSOCIATING>DISCONNECTED
321307,8ac85946-c92a-4740-b4b8-8950d15a8207,after,2026-09-15 19:11:10,motorola edge 40 neo,34,SENDAI_free_Wi-Fi,d4:68:4d:02:69:9d,5500,5GHz,-84,802.11n,TIMEOUT_AT_ASSOCIATING,TIMEOUT_AT_<STATE>,720,0-2s,ASSOCIATING_ONLY,21,INTERFACE_DISABLED>DISCONNECTED>ASSOCIATING>DISCONNECTED>INTERFACE_DISABLED>DISCONNECTED>INTERFACE_DISABLED>DISCONNECTED>ASSOCIATING>DISCONNECTED>INTERFACE_DISABLED>DISCONNECTED>INTERFACE_DISABLED>DISCONNECTED>ASSOCIATING>DISCONNECTED>INTERFACE_DISABLED>DISCONNECTED>INTERFACE_DISABLED>DISCONNECTED>ASSOCIATING
321321,8ac85946-c92a-4740-b4b8-8950d15a8207,after,2026-09-15 19:11:10,motorola edge 40 neo,34,TOHOKU_United_Free_Wi-Fi,ec:58:ea:44:2e:dd,5620,5GHz,-88,802.11ac,TIMEOUT_AT_COMPLETED,TIMEOUT_AT_<STATE>,2099,0-2s,COMPLETED,5,INTERFACE_DISABLED>DISCONNECTED>ASSOCIATING>ASSOCIATED>COMPLETED
317136,3ae4d113-e7dc-43db-bcbe-f5f8164a3808,after,2026-09-15 19:11:15,ASUS_I006D,33,TOHOKU_United_Free_Wi-Fi,d4:68:4d:c0:29:bc,5500,5GHz,-61,802.11n,TIMEOUT_AT_COMPLETED,TIMEOUT_AT_<STATE>,1018,0-2s,COMPLETED,3,ASSOCIATING>ASSOCIATED>COMPLETED
317140,3ae4d113-e7dc-43db-bcbe-f5f8164a3808,after,2026-09-15 19:11:15,ASUS_I006D,33,SENDAI_free_Wi-Fi,d4:68:4d:00:29:bd,5500,5GHz,-61,802.11n,TIMEOUT_AT_COMPLETED,TIMEOUT_AT_<STATE>,1295,0-2s,COMPLETED,3,ASSOCIATING>ASSOCIATED>COMPLETED
317141,3ae4d113-e7dc-43db-bcbe-f5f8164a3808,after,2026-09-15 19:11:15,ASUS_I006D,33,TOHOKU_United_Free_Wi-Fi,d4:68:4d:80:29:b8,2412,2.4GHz,-67,802.11n,TIMEOUT_AT_COMPLETED,TIMEOUT_AT_<STATE>,1881,0-2s,COMPLETED,8,DISCONNECTED>INTERFACE_DISABLED>DISCONNECTED>INTERFACE_DISABLED>DISCONNECTED>ASSOCIATING>ASSOCIATED>COMPLETED
317142,3ae4d113-e7dc-43db-bcbe-f5f8164a3808,after,2026-09-15 19:11:15,ASUS_I006D,33,SENDAI_free_Wi-Fi,d4:68:4d:c0:29:b8,2412,2.4GHz,-68,802.11n,TIMEOUT_AT_ASSOCIATING,TIMEOUT_AT_<STATE>,3024,3-5s,ASSOCIATING_ONLY,4,DISCONNECTED>INTERFACE_DISABLED>DISCONNECTED>ASSOCIATING
317159,3ae4d113-e7dc-43db-bcbe-f5f8164a3808,after,2026-09-15 19:11:15,ASUS_I006D,33,SENDAI_free_Wi-Fi,d4:68:4d:02:69:9d,5500,5GHz,-75,802.11n,TIMEOUT_AT_COMPLETED,TIMEOUT_AT_<STATE>,1578,0-2s,COMPLETED,8,DISCONNECTED>INTERFACE_DISABLED>DISCONNECTED>INTERFACE_DISABLED>DISCONNECTED>ASSOCIATING>ASSOCIATED>COMPLETED
317163,3ae4d113-e7dc-43db-bcbe-f5f8164a3808,after,2026-09-15 19:11:15,ASUS_I006D,33,TOHOKU_United_Free_Wi-Fi,d4:68:4d:c2:69:9c,5500,5GHz,-76,802.11n,TIMEOUT_AT_ASSOCIATING,TIMEOUT_AT_<STATE>,3025,3-5s,ASSOCIATING_ONLY,3,INTERFACE_DISABLED>DISCONNECTED>ASSOCIATING
321346,07a8c6d8-a17b-44be-9418-ba44aba4ea8d,after,2026-09-15 19:11:39,motorola edge 40 neo,34,SENDAI_free_Wi-Fi,d4:68:4d:00:29:bd,5500,5GHz,-66,802.11n,TIMEOUT_AT_COMPLETED,TIMEOUT_AT_<STATE>,223,0-2s,COMPLETED,5,INTERFACE_DISABLED>DISCONNECTED>ASSOCIATING>ASSOCIATED>COMPLETED
321348,07a8c6d8-a17b-44be-9418-ba44aba4ea8d,after,2026-09-15 19:11:39,motorola edge 40 neo,34,TOHOKU_United_Free_Wi-Fi,d4:68:4d:c0:29:bc,5500,5GHz,-67,802.11n,TIMEOUT_AT_COMPLETED,TIMEOUT_AT_<STATE>,259,0-2s,COMPLETED,5,INTERFACE_DISABLED>DISCONNECTED>ASSOCIATING>ASSOCIATED>COMPLETED
321377,07a8c6d8-a17b-44be-9418-ba44aba4ea8d,after,2026-09-15 19:11:39,motorola edge 40 neo,34,TOHOKU_United_Free_Wi-Fi,d4:68:4d:c2:69:9c,5500,5GHz,-82,802.11n,TIMEOUT_AT_COMPLETED,TIMEOUT_AT_<STATE>,246,0-2s,COMPLETED,5,INTERFACE_DISABLED>DISCONNECTED>ASSOCIATING>ASSOCIATED>COMPLETED
321380,07a8c6d8-a17b-44be-9418-ba44aba4ea8d,after,2026-09-15 19:11:39,motorola edge 40 neo,34,SENDAI_free_Wi-Fi,d4:68:4d:02:69:9d,5500,5GHz,-82,802.11n,TIMEOUT_AT_COMPLETED,TIMEOUT_AT_<STATE>,303,0-2s,COMPLETED,5,INTERFACE_DISABLED>DISCONNECTED>ASSOCIATING>ASSOCIATED>COMPLETED
321411,07a8c6d8-a17b-44be-9418-ba44aba4ea8d,after,2026-09-15 19:11:39,motorola edge 40 neo,34,TOHOKU_United_Free_Wi-Fi,ec:58:ea:44:2e:dd,5620,5GHz,-90,802.11ac,FAILED_AT_DISCONNECTED,FAILED_AT_<STATE>,847,0-2s,ASSOCIATING_ONLY,22,INTERFACE_DISABLED>DISCONNECTED>ASSOCIATING>DISCONNECTED>INTERFACE_DISABLED>DISCONNECTED>INTERFACE_DISABLED>DISCONNECTED>ASSOCIATING>DISCONNECTED>INTERFACE_DISABLED>DISCONNECTED>INTERFACE_DISABLED>DISCONNECTED>ASSOCIATING>DISCONNECTED>INTERFACE_DISABLED>DISCONNECTED>INTERFACE_DISABLED>DISCONNECTED>ASSOCIATING>DISCONNECTED
317235,15188b2b-9204-4055-93c9-3f926144e5ad,after,2026-09-15 19:11:43,ASUS_I006D,33,TOHOKU_United_Free_Wi-Fi,d4:68:4d:c0:29:bc,5500,5GHz,-64,802.11n,TIMEOUT_AT_COMPLETED,TIMEOUT_AT_<STATE>,926,0-2s,COMPLETED,5,INTERFACE_DISABLED>DISCONNECTED>ASSOCIATING>ASSOCIATED>COMPLETED
317239,15188b2b-9204-4055-93c9-3f926144e5ad,after,2026-09-15 19:11:43,ASUS_I006D,33,SENDAI_free_Wi-Fi,d4:68:4d:00:29:bd,5500,5GHz,-64,802.11n,TIMEOUT_AT_COMPLETED,TIMEOUT_AT_<STATE>,1350,0-2s,COMPLETED,5,INTERFACE_DISABLED>DISCONNECTED>ASSOCIATING>ASSOCIATED>COMPLETED
317242,15188b2b-9204-4055-93c9-3f926144e5ad,after,2026-09-15 19:11:43,ASUS_I006D,33,TOHOKU_United_Free_Wi-Fi,d4:68:4d:80:29:b8,2412,2.4GHz,-68,802.11n,TIMEOUT_AT_COMPLETED,TIMEOUT_AT_<STATE>,1649,0-2s,COMPLETED,5,INTERFACE_DISABLED>DISCONNECTED>ASSOCIATING>ASSOCIATED>COMPLETED
317245,15188b2b-9204-4055-93c9-3f926144e5ad,after,2026-09-15 19:11:43,ASUS_I006D,33,SENDAI_free_Wi-Fi,d4:68:4d:c0:29:b8,2412,2.4GHz,-68,802.11n,TIMEOUT_AT_ASSOCIATING,TIMEOUT_AT_<STATE>,3025,3-5s,ASSOCIATING_ONLY,6,DISCONNECTED>INTERFACE_DISABLED>DISCONNECTED>INTERFACE_DISABLED>DISCONNECTED>ASSOCIATING
317313,3a514000-d226-4412-b398-bd8d59b014c5,after,2026-09-15 19:12:14,ASUS_I006D,33,TOHOKU_United_Free_Wi-Fi,d4:68:4d:c0:29:bc,5500,5GHz,-69,802.11n,TIMEOUT_AT_COMPLETED,TIMEOUT_AT_<STATE>,648,0-2s,COMPLETED,5,INTERFACE_DISABLED>DISCONNECTED>ASSOCIATING>ASSOCIATED>COMPLETED
317317,3a514000-d226-4412-b398-bd8d59b014c5,after,2026-09-15 19:12:14,ASUS_I006D,33,SENDAI_free_Wi-Fi,d4:68:4d:00:29:bd,5500,5GHz,-69,802.11n,TIMEOUT_AT_COMPLETED,TIMEOUT_AT_<STATE>,1433,0-2s,COMPLETED,5,INTERFACE_DISABLED>DISCONNECTED>ASSOCIATING>ASSOCIATED>COMPLETED
317326,3a514000-d226-4412-b398-bd8d59b014c5,after,2026-09-15 19:12:14,ASUS_I006D,33,SENDAI_free_Wi-Fi,d4:68:4d:c0:29:b8,2412,2.4GHz,-73,802.11n,FAILED_AT_SCANNING,FAILED_AT_<STATE>,3017,3-5s,ASSOCIATING_ONLY,7,INTERFACE_DISABLED>DISCONNECTED>ASSOCIATING>DISCONNECTED>INTERFACE_DISABLED>DISCONNECTED>SCANNING
317331,3a514000-d226-4412-b398-bd8d59b014c5,after,2026-09-15 19:12:14,ASUS_I006D,33,SENDAI_free_Wi-Fi,d4:68:4d:02:69:9d,5500,5GHz,-75,802.11n,FAILED_AT_DISCONNECTED,FAILED_AT_<STATE>,3014,3-5s,ASSOCIATING_ONLY,3,DISCONNECTED>ASSOCIATING>DISCONNECTED
317335,3a514000-d226-4412-b398-bd8d59b014c5,after,2026-09-15 19:12:14,ASUS_I006D,33,TOHOKU_United_Free_Wi-Fi,d4:68:4d:c2:69:9c,5500,5GHz,-76,802.11n,TIMEOUT_AT_ASSOCIATING,TIMEOUT_AT_<STATE>,3015,3-5s,ASSOCIATING_ONLY,5,INTERFACE_DISABLED>DISCONNECTED>SCANNING>DISCONNECTED>ASSOCIATING
321426,63e45fba-0dce-45cd-bc82-a3dac2547f04,after,2026-09-15 19:12:18,motorola edge 40 neo,34,TOHOKU_United_Free_Wi-Fi,d4:68:4d:80:29:b8,2412,2.4GHz,-64,802.11n,TIMEOUT_AT_COMPLETED,TIMEOUT_AT_<STATE>,294,0-2s,COMPLETED,5,INTERFACE_DISABLED>DISCONNECTED>ASSOCIATING>ASSOCIATED>COMPLETED
321428,63e45fba-0dce-45cd-bc82-a3dac2547f04,after,2026-09-15 19:12:18,motorola edge 40 neo,34,SENDAI_free_Wi-Fi,d4:68:4d:c0:29:b8,2412,2.4GHz,-64,802.11n,TIMEOUT_AT_COMPLETED,TIMEOUT_AT_<STATE>,336,0-2s,COMPLETED,5,INTERFACE_DISABLED>DISCONNECTED>ASSOCIATING>ASSOCIATED>COMPLETED
321435,63e45fba-0dce-45cd-bc82-a3dac2547f04,after,2026-09-15 19:12:18,motorola edge 40 neo,34,TOHOKU_United_Free_Wi-Fi,d4:68:4d:c0:29:bc,5500,5GHz,-66,802.11n,TIMEOUT_AT_COMPLETED,TIMEOUT_AT_<STATE>,321,0-2s,COMPLETED,5,INTERFACE_DISABLED>DISCONNECTED>ASSOCIATING>ASSOCIATED>COMPLETED
321439,63e45fba-0dce-45cd-bc82-a3dac2547f04,after,2026-09-15 19:12:18,motorola edge 40 neo,34,SENDAI_free_Wi-Fi,d4:68:4d:00:29:bd,5500,5GHz,-66,802.11n,TIMEOUT_AT_COMPLETED,TIMEOUT_AT_<STATE>,345,0-2s,COMPLETED,5,INTERFACE_DISABLED>DISCONNECTED>ASSOCIATING>ASSOCIATED>COMPLETED
321494,63e45fba-0dce-45cd-bc82-a3dac2547f04,after,2026-09-15 19:12:18,motorola edge 40 neo,34,SENDAI_free_Wi-Fi,d4:68:4d:02:69:9d,5500,5GHz,-88,802.11n,TIMEOUT_AT_INTERFACE_DISABLED,TIMEOUT_AT_<STATE>,809,0-2s,ASSOCIATING_ONLY,20,ASSOCIATING>DISCONNECTED>INTERFACE_DISABLED>DISCONNECTED>INTERFACE_DISABLED>DISCONNECTED>ASSOCIATING>DISCONNECTED>INTERFACE_DISABLED>DISCONNECTED>INTERFACE_DISABLED>DISCONNECTED>ASSOCIATING>DISCONNECTED>DISCONNECTED>INTERFACE_DISABLED>DISCONNECTED>ASSOCIATING>DISCONNECTED>INTERFACE_DISABLED
321496,63e45fba-0dce-45cd-bc82-a3dac2547f04,after,2026-09-15 19:12:18,motorola edge 40 neo,34,TOHOKU_United_Free_Wi-Fi,d4:68:4d:c2:69:9c,5500,5GHz,-88,802.11n,FAILED_AT_DISCONNECTED,FAILED_AT_<STATE>,2437,0-2s,ASSOCIATING_ONLY,22,INTERFACE_DISABLED>DISCONNECTED>ASSOCIATING>DISCONNECTED>INTERFACE_DISABLED>DISCONNECTED>INTERFACE_DISABLED>DISCONNECTED>ASSOCIATING>DISCONNECTED>INTERFACE_DISABLED>DISCONNECTED>INTERFACE_DISABLED>DISCONNECTED>ASSOCIATING>DISCONNECTED>INTERFACE_DISABLED>DISCONNECTED>INTERFACE_DISABLED>DISCONNECTED>ASSOCIATING>DISCONNECTED
317380,26459708-5354-4070-aed2-4395497cc74a,after,2026-09-15 19:12:42,ASUS_I006D,33,TOHOKU_United_Free_Wi-Fi,d4:68:4d:c0:29:bc,5500,5GHz,-69,802.11n,FAILED_AT_SCANNING,FAILED_AT_<STATE>,3019,3-5s,ASSOCIATING_ONLY,8,INTERFACE_DISABLED>DISCONNECTED>ASSOCIATING>DISCONNECTED>INTERFACE_DISABLED>DISCONNECTED>DISCONNECTED>SCANNING
317382,26459708-5354-4070-aed2-4395497cc74a,after,2026-09-15 19:12:42,ASUS_I006D,33,SENDAI_free_Wi-Fi,d4:68:4d:00:29:bd,5500,5GHz,-69,802.11n,FAILED_AT_SCANNING,FAILED_AT_<STATE>,3018,3-5s,ASSOCIATING_ONLY,5,ASSOCIATING>DISCONNECTED>INTERFACE_DISABLED>DISCONNECTED>SCANNING
317394,26459708-5354-4070-aed2-4395497cc74a,after,2026-09-15 19:12:42,ASUS_I006D,33,SENDAI_free_Wi-Fi,d4:68:4d:02:69:9d,5500,5GHz,-72,802.11n,FAILED_AT_SCANNING,FAILED_AT_<STATE>,3016,3-5s,ASSOCIATING_ONLY,7,ASSOCIATING>DISCONNECTED>INTERFACE_DISABLED>DISCONNECTED>INTERFACE_DISABLED>DISCONNECTED>SCANNING
317398,26459708-5354-4070-aed2-4395497cc74a,after,2026-09-15 19:12:42,ASUS_I006D,33,TOHOKU_United_Free_Wi-Fi,d4:68:4d:c2:69:9c,5500,5GHz,-72,802.11n,TIMEOUT_AT_COMPLETED,TIMEOUT_AT_<STATE>,2043,0-2s,COMPLETED,3,ASSOCIATING>ASSOCIATED>COMPLETED
321537,967801cc-e4f4-46b0-8a29-dee65c6c1658,after,2026-09-15 19:12:49,motorola edge 40 neo,34,TOHOKU_United_Free_Wi-Fi,d4:68:4d:80:29:b8,2412,2.4GHz,-69,802.11n,TIMEOUT_AT_COMPLETED,TIMEOUT_AT_<STATE>,249,0-2s,COMPLETED,5,INTERFACE_DISABLED>DISCONNECTED>ASSOCIATING>ASSOCIATED>COMPLETED
321538,967801cc-e4f4-46b0-8a29-dee65c6c1658,after,2026-09-15 19:12:49,motorola edge 40 neo,34,SENDAI_free_Wi-Fi,d4:68:4d:c0:29:b8,2412,2.4GHz,-69,802.11n,TIMEOUT_AT_COMPLETED,TIMEOUT_AT_<STATE>,1157,0-2s,COMPLETED,5,INTERFACE_DISABLED>DISCONNECTED>ASSOCIATING>ASSOCIATED>COMPLETED
321543,967801cc-e4f4-46b0-8a29-dee65c6c1658,after,2026-09-15 19:12:49,motorola edge 40 neo,34,TOHOKU_United_Free_Wi-Fi,d4:68:4d:c0:29:bc,5500,5GHz,-74,802.11n,TIMEOUT_AT_COMPLETED,TIMEOUT_AT_<STATE>,578,0-2s,COMPLETED,5,INTERFACE_DISABLED>DISCONNECTED>ASSOCIATING>ASSOCIATED>COMPLETED
321546,967801cc-e4f4-46b0-8a29-dee65c6c1658,after,2026-09-15 19:12:49,motorola edge 40 neo,34,SENDAI_free_Wi-Fi,d4:68:4d:00:29:bd,5500,5GHz,-74,802.11n,TIMEOUT_AT_COMPLETED,TIMEOUT_AT_<STATE>,1974,0-2s,COMPLETED,5,INTERFACE_DISABLED>DISCONNECTED>ASSOCIATING>ASSOCIATED>COMPLETED
321555,967801cc-e4f4-46b0-8a29-dee65c6c1658,after,2026-09-15 19:12:49,motorola edge 40 neo,34,TOHOKU_United_Free_Wi-Fi,d4:68:4d:c2:69:9c,5500,5GHz,-78,802.11n,TIMEOUT_AT_COMPLETED,TIMEOUT_AT_<STATE>,2043,0-2s,COMPLETED,5,INTERFACE_DISABLED>DISCONNECTED>ASSOCIATING>ASSOCIATED>COMPLETED
321559,967801cc-e4f4-46b0-8a29-dee65c6c1658,after,2026-09-15 19:12:49,motorola edge 40 neo,34,SENDAI_free_Wi-Fi,d4:68:4d:02:69:9d,5500,5GHz,-78,802.11n,TIMEOUT_AT_ASSOCIATING,TIMEOUT_AT_<STATE>,3012,3-5s,ASSOCIATING_ONLY,9,INTERFACE_DISABLED>DISCONNECTED>ASSOCIATING>DISCONNECTED>INTERFACE_DISABLED>DISCONNECTED>INTERFACE_DISABLED>DISCONNECTED>ASSOCIATING
317459,682d1e4a-44a9-4423-b6b4-8eaca2e2a7c7,after,2026-09-15 19:13:02,ASUS_I006D,33,TOHOKU_United_Free_Wi-Fi,d4:68:4d:c0:29:bc,5500,5GHz,-71,802.11n,FAILED_AT_DISCONNECTED,FAILED_AT_<STATE>,3021,3-5s,ASSOCIATING_ONLY,4,INTERFACE_DISABLED>DISCONNECTED>ASSOCIATING>DISCONNECTED
317462,682d1e4a-44a9-4423-b6b4-8eaca2e2a7c7,after,2026-09-15 19:13:02,ASUS_I006D,33,SENDAI_free_Wi-Fi,d4:68:4d:00:29:bd,5500,5GHz,-71,802.11n,TIMEOUT_AT_COMPLETED,TIMEOUT_AT_<STATE>,1705,0-2s,COMPLETED,7,INTERFACE_DISABLED>DISCONNECTED>SCANNING>DISCONNECTED>ASSOCIATING>ASSOCIATED>COMPLETED
321605,7fcbcdff-99a1-4eb9-b71e-db685c2e6b0c,after,2026-09-15 19:13:15,motorola edge 40 neo,34,TOHOKU_United_Free_Wi-Fi,d4:68:4d:80:29:b8,2412,2.4GHz,-68,802.11n,TIMEOUT_AT_COMPLETED,TIMEOUT_AT_<STATE>,489,0-2s,COMPLETED,5,INTERFACE_DISABLED>DISCONNECTED>ASSOCIATING>ASSOCIATED>COMPLETED
321618,7fcbcdff-99a1-4eb9-b71e-db685c2e6b0c,after,2026-09-15 19:13:15,motorola edge 40 neo,34,TOHOKU_United_Free_Wi-Fi,d4:68:4d:c2:69:9c,5500,5GHz,-76,802.11n,FAILED_AT_DISCONNECTED,FAILED_AT_<STATE>,854,0-2s,ASSOCIATING_ONLY,22,INTERFACE_DISABLED>DISCONNECTED>ASSOCIATING>DISCONNECTED>INTERFACE_DISABLED>DISCONNECTED>INTERFACE_DISABLED>DISCONNECTED>ASSOCIATING>DISCONNECTED>INTERFACE_DISABLED>DISCONNECTED>INTERFACE_DISABLED>DISCONNECTED>ASSOCIATING>DISCONNECTED>INTERFACE_DISABLED>DISCONNECTED>INTERFACE_DISABLED>DISCONNECTED>ASSOCIATING>DISCONNECTED
321623,7fcbcdff-99a1-4eb9-b71e-db685c2e6b0c,after,2026-09-15 19:13:15,motorola edge 40 neo,34,SENDAI_free_Wi-Fi,d4:68:4d:02:69:9d,5500,5GHz,-76,802.11n,FAILED_AT_DISCONNECTED,FAILED_AT_<STATE>,862,0-2s,ASSOCIATING_ONLY,24,INTERFACE_DISABLED>DISCONNECTED>ASSOCIATING>DISCONNECTED>INTERFACE_DISABLED>DISCONNECTED>INTERFACE_DISABLED>DISCONNECTED>ASSOCIATING>DISCONNECTED>INTERFACE_DISABLED>DISCONNECTED>INTERFACE_DISABLED>DISCONNECTED>ASSOCIATING>DISCONNECTED>INTERFACE_DISABLED>DISCONNECTED>INTERFACE_DISABLED>DISCONNECTED>ASSOCIATING>DISCONNECTED>INTERFACE_DISABLED>DISCONNECTED
321626,7fcbcdff-99a1-4eb9-b71e-db685c2e6b0c,after,2026-09-15 19:13:15,motorola edge 40 neo,34,TOHOKU_United_Free_Wi-Fi,d4:68:4d:c0:29:bc,5500,5GHz,-78,802.11n,FAILED_AT_DISCONNECTED,FAILED_AT_<STATE>,2477,0-2s,ASSOCIATING_ONLY,21,INTERFACE_DISABLED>DISCONNECTED>ASSOCIATING>DISCONNECTED>DISCONNECTED>INTERFACE_DISABLED>DISCONNECTED>ASSOCIATING>DISCONNECTED>INTERFACE_DISABLED>DISCONNECTED>INTERFACE_DISABLED>DISCONNECTED>ASSOCIATING>DISCONNECTED>INTERFACE_DISABLED>DISCONNECTED>INTERFACE_DISABLED>DISCONNECTED>ASSOCIATING>DISCONNECTED
321630,7fcbcdff-99a1-4eb9-b71e-db685c2e6b0c,after,2026-09-15 19:13:15,motorola edge 40 neo,34,SENDAI_free_Wi-Fi,d4:68:4d:00:29:bd,5500,5GHz,-78,802.11n,NOT_FOUND,NOT_FOUND,3013,3-5s,NONE,0,
317534,bf48ea69-bbc1-4078-91de-0b47859806a0,after,2026-09-15 19:13:38,ASUS_I006D,33,TOHOKU_United_Free_Wi-Fi,d4:68:4d:c0:29:bc,5500,5GHz,-62,802.11n,TIMEOUT_AT_ASSOCIATING,TIMEOUT_AT_<STATE>,3011,3-5s,ASSOCIATING_ONLY,3,INTERFACE_DISABLED>DISCONNECTED>ASSOCIATING
317541,bf48ea69-bbc1-4078-91de-0b47859806a0,after,2026-09-15 19:13:38,ASUS_I006D,33,SENDAI_free_Wi-Fi,d4:68:4d:00:29:bd,5500,5GHz,-62,802.11n,TIMEOUT_AT_COMPLETED,TIMEOUT_AT_<STATE>,1578,0-2s,COMPLETED,5,INTERFACE_DISABLED>DISCONNECTED>ASSOCIATING>ASSOCIATED>COMPLETED
317559,bf48ea69-bbc1-4078-91de-0b47859806a0,after,2026-09-15 19:13:38,ASUS_I006D,33,SENDAI_free_Wi-Fi,d4:68:4d:02:69:9d,5500,5GHz,-74,802.11n,FAILED_AT_SCANNING,FAILED_AT_<STATE>,3013,3-5s,ASSOCIATING_ONLY,5,INTERFACE_DISABLED>DISCONNECTED>ASSOCIATING>DISCONNECTED>SCANNING
317561,bf48ea69-bbc1-4078-91de-0b47859806a0,after,2026-09-15 19:13:38,ASUS_I006D,33,TOHOKU_United_Free_Wi-Fi,d4:68:4d:c2:69:9c,5500,5GHz,-74,802.11n,FAILED_AT_SCANNING,FAILED_AT_<STATE>,3011,3-5s,ASSOCIATING_ONLY,5,ASSOCIATING>DISCONNECTED>INTERFACE_DISABLED>DISCONNECTED>SCANNING
317602,bf48ea69-bbc1-4078-91de-0b47859806a0,after,2026-09-15 19:13:38,ASUS_I006D,33,SENDAI_free_Wi-Fi,f0:b0:52:32:6f:5d,5540,5GHz,-84,802.11n,TIMEOUT_AT_COMPLETED,TIMEOUT_AT_<STATE>,1151,0-2s,COMPLETED,3,ASSOCIATING>ASSOCIATED>COMPLETED
317606,bf48ea69-bbc1-4078-91de-0b47859806a0,after,2026-09-15 19:13:38,ASUS_I006D,33,TOHOKU_United_Free_Wi-Fi,f0:b0:52:f2:6f:5c,5540,5GHz,-85,802.11n,TIMEOUT_AT_COMPLETED,TIMEOUT_AT_<STATE>,1452,0-2s,COMPLETED,5,INTERFACE_DISABLED>DISCONNECTED>ASSOCIATING>ASSOCIATED>COMPLETED
321679,4fcdfc22-206b-4c3b-a9e3-ffdabf7d5197,after,2026-09-15 19:13:40,motorola edge 40 neo,34,TOHOKU_United_Free_Wi-Fi,d4:68:4d:82:69:98,2462,2.4GHz,-71,802.11n,FAILED_AT_DISCONNECTED,FAILED_AT_<STATE>,2973,0-2s,ASSOCIATING_ONLY,20,INTERFACE_DISABLED>ASSOCIATING>DISCONNECTED>INTERFACE_DISABLED>DISCONNECTED>INTERFACE_DISABLED>DISCONNECTED>ASSOCIATING>DISCONNECTED>INTERFACE_DISABLED>DISCONNECTED>INTERFACE_DISABLED>DISCONNECTED>ASSOCIATING>DISCONNECTED>DISCONNECTED>INTERFACE_DISABLED>DISCONNECTED>ASSOCIATING>DISCONNECTED
321680,4fcdfc22-206b-4c3b-a9e3-ffdabf7d5197,after,2026-09-15 19:13:40,motorola edge 40 neo,34,SENDAI_free_Wi-Fi,d4:68:4d:c2:69:98,2462,2.4GHz,-71,802.11n,FAILED_AT_DISCONNECTED,FAILED_AT_<STATE>,2547,0-2s,ASSOCIATING_ONLY,22,INTERFACE_DISABLED>DISCONNECTED>ASSOCIATING>DISCONNECTED>INTERFACE_DISABLED>DISCONNECTED>INTERFACE_DISABLED>DISCONNECTED>ASSOCIATING>DISCONNECTED>INTERFACE_DISABLED>DISCONNECTED>ASSOCIATING>DISCONNECTED>INTERFACE_DISABLED>DISCONNECTED>INTERFACE_DISABLED>DISCONNECTED>ASSOCIATING>DISCONNECTED>INTERFACE_DISABLED>DISCONNECTED
321690,4fcdfc22-206b-4c3b-a9e3-ffdabf7d5197,after,2026-09-15 19:13:40,motorola edge 40 neo,34,TOHOKU_United_Free_Wi-Fi,d4:68:4d:c2:69:9c,5500,5GHz,-76,802.11n,TIMEOUT_AT_COMPLETED,TIMEOUT_AT_<STATE>,289,0-2s,COMPLETED,5,INTERFACE_DISABLED>DISCONNECTED>ASSOCIATING>ASSOCIATED>COMPLETED
321693,4fcdfc22-206b-4c3b-a9e3-ffdabf7d5197,after,2026-09-15 19:13:40,motorola edge 40 neo,34,SENDAI_free_Wi-Fi,d4:68:4d:02:69:9d,5500,5GHz,-76,802.11n,TIMEOUT_AT_COMPLETED,TIMEOUT_AT_<STATE>,279,0-2s,COMPLETED,5,INTERFACE_DISABLED>DISCONNECTED>ASSOCIATING>ASSOCIATED>COMPLETED
321767,cd458576-b78c-4d6d-8129-b6da79cb077b,after,2026-09-15 19:14:02,motorola edge 40 neo,34,TOHOKU_United_Free_Wi-Fi,d4:68:4d:c0:29:bc,5500,5GHz,-75,802.11n,TIMEOUT_AT_COMPLETED,TIMEOUT_AT_<STATE>,272,0-2s,COMPLETED,4,INTERFACE_DISABLED>ASSOCIATING>ASSOCIATED>COMPLETED
321770,cd458576-b78c-4d6d-8129-b6da79cb077b,after,2026-09-15 19:14:02,motorola edge 40 neo,34,SENDAI_free_Wi-Fi,d4:68:4d:00:29:bd,5500,5GHz,-75,802.11n,TIMEOUT_AT_COMPLETED,TIMEOUT_AT_<STATE>,334,0-2s,COMPLETED,5,INTERFACE_DISABLED>DISCONNECTED>ASSOCIATING>ASSOCIATED>COMPLETED
321815,cd458576-b78c-4d6d-8129-b6da79cb077b,after,2026-09-15 19:14:02,motorola edge 40 neo,34,TOHOKU_United_Free_Wi-Fi,f0:b0:52:f2:6f:5c,5540,5GHz,-90,802.11n,TIMEOUT_AT_COMPLETED,TIMEOUT_AT_<STATE>,457,0-2s,COMPLETED,5,INTERFACE_DISABLED>DISCONNECTED>ASSOCIATING>ASSOCIATED>COMPLETED
321820,cd458576-b78c-4d6d-8129-b6da79cb077b,after,2026-09-15 19:14:02,motorola edge 40 neo,34,SENDAI_free_Wi-Fi,f0:b0:52:32:6f:5d,5540,5GHz,-90,802.11n,TIMEOUT_AT_COMPLETED,TIMEOUT_AT_<STATE>,286,0-2s,COMPLETED,5,INTERFACE_DISABLED>DISCONNECTED>ASSOCIATING>ASSOCIATED>COMPLETED
317624,68eed513-3738-4965-b2cd-72f7b0dc027e,after,2026-09-15 19:14:12,ASUS_I006D,33,TOHOKU_United_Free_Wi-Fi,d4:68:4d:c0:29:bc,5500,5GHz,-66,802.11n,TIMEOUT_AT_COMPLETED,TIMEOUT_AT_<STATE>,1486,0-2s,COMPLETED,5,INTERFACE_DISABLED>DISCONNECTED>ASSOCIATING>ASSOCIATED>COMPLETED
317630,68eed513-3738-4965-b2cd-72f7b0dc027e,after,2026-09-15 19:14:12,ASUS_I006D,33,SENDAI_free_Wi-Fi,d4:68:4d:00:29:bd,5500,5GHz,-67,802.11n,FAILED_AT_SCANNING,FAILED_AT_<STATE>,3012,3-5s,ASSOCIATING_ONLY,7,INTERFACE_DISABLED>DISCONNECTED>ASSOCIATING>DISCONNECTED>INTERFACE_DISABLED>DISCONNECTED>SCANNING
317640,68eed513-3738-4965-b2cd-72f7b0dc027e,after,2026-09-15 19:14:12,ASUS_I006D,33,SENDAI_free_Wi-Fi,d4:68:4d:02:69:9d,5500,5GHz,-71,802.11n,FAILED_AT_SCANNING,FAILED_AT_<STATE>,3020,3-5s,ASSOCIATING_ONLY,5,ASSOCIATING>DISCONNECTED>INTERFACE_DISABLED>DISCONNECTED>SCANNING
317642,68eed513-3738-4965-b2cd-72f7b0dc027e,after,2026-09-15 19:14:12,ASUS_I006D,33,TOHOKU_United_Free_Wi-Fi,d4:68:4d:c2:69:9c,5500,5GHz,-71,802.11n,TIMEOUT_AT_ASSOCIATING,TIMEOUT_AT_<STATE>,3021,3-5s,ASSOCIATING_ONLY,1,ASSOCIATING
317648,68eed513-3738-4965-b2cd-72f7b0dc027e,after,2026-09-15 19:14:12,ASUS_I006D,33,TOHOKU_United_Free_Wi-Fi,d4:68:4d:82:69:98,2462,2.4GHz,-72,802.11n,TIMEOUT_AT_COMPLETED,TIMEOUT_AT_<STATE>,1662,0-2s,COMPLETED,8,DISCONNECTED>INTERFACE_DISABLED>DISCONNECTED>INTERFACE_DISABLED>DISCONNECTED>ASSOCIATING>ASSOCIATED>COMPLETED
317650,68eed513-3738-4965-b2cd-72f7b0dc027e,after,2026-09-15 19:14:12,ASUS_I006D,33,SENDAI_free_Wi-Fi,d4:68:4d:c2:69:98,2462,2.4GHz,-73,802.11n,TIMEOUT_AT_ASSOCIATING,TIMEOUT_AT_<STATE>,3035,3-5s,ASSOCIATING_ONLY,4,DISCONNECTED>INTERFACE_DISABLED>DISCONNECTED>ASSOCIATING
317711,f1387a7d-ec04-463b-865c-8f3c83180739,after,2026-09-15 19:14:36,ASUS_I006D,33,SENDAI_free_Wi-Fi,d4:68:4d:00:29:bd,5500,5GHz,-66,802.11n,FAILED_AT_SCANNING,FAILED_AT_<STATE>,3015,3-5s,ASSOCIATING_ONLY,5,ASSOCIATING>DISCONNECTED>INTERFACE_DISABLED>DISCONNECTED>SCANNING
317712,f1387a7d-ec04-463b-865c-8f3c83180739,after,2026-09-15 19:14:36,ASUS_I006D,33,TOHOKU_United_Free_Wi-Fi,d4:68:4d:c0:29:bc,5500,5GHz,-67,802.11n,FAILED_AT_DISCONNECTED,FAILED_AT_<STATE>,3025,3-5s,ASSOCIATING_ONLY,2,ASSOCIATING>DISCONNECTED
317725,f1387a7d-ec04-463b-865c-8f3c83180739,after,2026-09-15 19:14:36,ASUS_I006D,33,SENDAI_free_Wi-Fi,d4:68:4d:02:69:9d,5500,5GHz,-73,802.11n,TIMEOUT_AT_COMPLETED,TIMEOUT_AT_<STATE>,1520,0-2s,COMPLETED,7,INTERFACE_DISABLED>DISCONNECTED>SCANNING>DISCONNECTED>ASSOCIATING>ASSOCIATED>COMPLETED
317727,f1387a7d-ec04-463b-865c-8f3c83180739,after,2026-09-15 19:14:36,ASUS_I006D,33,TOHOKU_United_Free_Wi-Fi,d4:68:4d:c2:69:9c,5500,5GHz,-73,802.11n,TIMEOUT_AT_ASSOCIATING,TIMEOUT_AT_<STATE>,3010,3-5s,ASSOCIATING_ONLY,3,INTERFACE_DISABLED>DISCONNECTED>ASSOCIATING
321839,714755bc-df42-4737-9cad-5d1315558d1e,after,2026-09-15 19:14:37,motorola edge 40 neo,34,TOHOKU_United_Free_Wi-Fi,d4:68:4d:c0:29:bc,5500,5GHz,-71,802.11n,FAILED_AT_DISCONNECTED,FAILED_AT_<STATE>,909,0-2s,ASSOCIATING_ONLY,22,INTERFACE_DISABLED>DISCONNECTED>ASSOCIATING>DISCONNECTED>INTERFACE_DISABLED>DISCONNECTED>INTERFACE_DISABLED>DISCONNECTED>ASSOCIATING>DISCONNECTED>INTERFACE_DISABLED>DISCONNECTED>INTERFACE_DISABLED>DISCONNECTED>ASSOCIATING>DISCONNECTED>INTERFACE_DISABLED>DISCONNECTED>INTERFACE_DISABLED>DISCONNECTED>ASSOCIATING>DISCONNECTED
321840,714755bc-df42-4737-9cad-5d1315558d1e,after,2026-09-15 19:14:37,motorola edge 40 neo,34,SENDAI_free_Wi-Fi,d4:68:4d:00:29:bd,5500,5GHz,-71,802.11n,TIMEOUT_AT_COMPLETED,TIMEOUT_AT_<STATE>,726,0-2s,COMPLETED,23,INTERFACE_DISABLED>DISCONNECTED>ASSOCIATING>DISCONNECTED>INTERFACE_DISABLED>DISCONNECTED>INTERFACE_DISABLED>DISCONNECTED>ASSOCIATING>DISCONNECTED>INTERFACE_DISABLED>DISCONNECTED>INTERFACE_DISABLED>DISCONNECTED>ASSOCIATING>DISCONNECTED>INTERFACE_DISABLED>DISCONNECTED>INTERFACE_DISABLED>DISCONNECTED>ASSOCIATING>ASSOCIATED>COMPLETED
321849,714755bc-df42-4737-9cad-5d1315558d1e,after,2026-09-15 19:14:37,motorola edge 40 neo,34,TOHOKU_United_Free_Wi-Fi,d4:68:4d:80:29:b8,2412,2.4GHz,-74,802.11n,TIMEOUT_AT_COMPLETED,TIMEOUT_AT_<STATE>,1123,0-2s,COMPLETED,5,INTERFACE_DISABLED>DISCONNECTED>ASSOCIATING>ASSOCIATED>COMPLETED
321850,714755bc-df42-4737-9cad-5d1315558d1e,after,2026-09-15 19:14:37,motorola edge 40 neo,34,TOHOKU_United_Free_Wi-Fi,d4:68:4d:82:69:98,2462,2.4GHz,-74,802.11n,TIMEOUT_AT_COMPLETED,TIMEOUT_AT_<STATE>,797,0-2s,COMPLETED,5,INTERFACE_DISABLED>DISCONNECTED>ASSOCIATING>ASSOCIATED>COMPLETED
321851,714755bc-df42-4737-9cad-5d1315558d1e,after,2026-09-15 19:14:37,motorola edge 40 neo,34,SENDAI_free_Wi-Fi,d4:68:4d:c2:69:98,2462,2.4GHz,-74,802.11n,FAILED_AT_DISCONNECTED,FAILED_AT_<STATE>,1826,0-2s,ASSOCIATING_ONLY,21,ASSOCIATING>DISCONNECTED>INTERFACE_DISABLED>DISCONNECTED>INTERFACE_DISABLED>DISCONNECTED>ASSOCIATING>DISCONNECTED>INTERFACE_DISABLED>DISCONNECTED>INTERFACE_DISABLED>DISCONNECTED>ASSOCIATING>DISCONNECTED>INTERFACE_DISABLED>DISCONNECTED>DISCONNECTED>ASSOCIATING>DISCONNECTED>INTERFACE_DISABLED>DISCONNECTED
321853,714755bc-df42-4737-9cad-5d1315558d1e,after,2026-09-15 19:14:37,motorola edge 40 neo,34,TOHOKU_United_Free_Wi-Fi,d4:68:4d:c2:69:9c,5500,5GHz,-75,802.11n,FAILED_AT_DISCONNECTED,FAILED_AT_<STATE>,760,0-2s,ASSOCIATING_ONLY,22,INTERFACE_DISABLED>DISCONNECTED>ASSOCIATING>DISCONNECTED>INTERFACE_DISABLED>DISCONNECTED>INTERFACE_DISABLED>DISCONNECTED>ASSOCIATING>DISCONNECTED>INTERFACE_DISABLED>DISCONNECTED>INTERFACE_DISABLED>DISCONNECTED>ASSOCIATING>DISCONNECTED>INTERFACE_DISABLED>DISCONNECTED>INTERFACE_DISABLED>DISCONNECTED>ASSOCIATING>DISCONNECTED
321914,95a7290b-505a-4776-be00-cddaec2bfd33,after,2026-09-15 19:15:01,motorola edge 40 neo,34,TOHOKU_United_Free_Wi-Fi,d4:68:4d:80:29:b8,2412,2.4GHz,-71,802.11n,TIMEOUT_AT_COMPLETED,TIMEOUT_AT_<STATE>,1214,0-2s,COMPLETED,17,INTERFACE_DISABLED>DISCONNECTED>ASSOCIATING>DISCONNECTED>INTERFACE_DISABLED>DISCONNECTED>INTERFACE_DISABLED>DISCONNECTED>ASSOCIATING>DISCONNECTED>INTERFACE_DISABLED>DISCONNECTED>INTERFACE_DISABLED>DISCONNECTED>ASSOCIATING>ASSOCIATED>COMPLETED
317777,a31040e4-8971-4656-8feb-9154d4974db1,after,2026-09-15 19:15:10,ASUS_I006D,33,SENDAI_free_Wi-Fi,d4:68:4d:c0:29:b8,2412,2.4GHz,-78,802.11n,TIMEOUT_AT_ASSOCIATING,TIMEOUT_AT_<STATE>,3018,3-5s,ASSOCIATING_ONLY,3,INTERFACE_DISABLED>DISCONNECTED>ASSOCIATING
317785,a31040e4-8971-4656-8feb-9154d4974db1,after,2026-09-15 19:15:10,ASUS_I006D,33,TOHOKU_United_Free_Wi-Fi,d4:68:4d:c2:69:9c,5500,5GHz,-80,802.11n,TIMEOUT_AT_ASSOCIATING,TIMEOUT_AT_<STATE>,3025,3-5s,ASSOCIATING_ONLY,4,DISCONNECTED>INTERFACE_DISABLED>DISCONNECTED>ASSOCIATING
317786,a31040e4-8971-4656-8feb-9154d4974db1,after,2026-09-15 19:15:10,ASUS_I006D,33,SENDAI_free_Wi-Fi,d4:68:4d:00:29:bd,5500,5GHz,-80,802.11n,TIMEOUT_AT_ASSOCIATING,TIMEOUT_AT_<STATE>,3017,3-5s,ASSOCIATING_ONLY,4,DISCONNECTED>INTERFACE_DISABLED>DISCONNECTED>ASSOCIATING
317788,a31040e4-8971-4656-8feb-9154d4974db1,after,2026-09-15 19:15:10,ASUS_I006D,33,SENDAI_free_Wi-Fi,d4:68:4d:02:69:9d,5500,5GHz,-81,802.11n,FAILED_AT_SCANNING,FAILED_AT_<STATE>,3020,3-5s,ASSOCIATING_ONLY,10,DISCONNECTED>INTERFACE_DISABLED>DISCONNECTED>ASSOCIATING>DISCONNECTED>INTERFACE_DISABLED>DISCONNECTED>INTERFACE_DISABLED>DISCONNECTED>SCANNING
317793,a31040e4-8971-4656-8feb-9154d4974db1,after,2026-09-15 19:15:10,ASUS_I006D,33,TOHOKU_United_Free_Wi-Fi,d4:68:4d:c0:29:bc,5500,5GHz,-82,802.11n,FAILED_AT_SCANNING,FAILED_AT_<STATE>,3012,3-5s,ASSOCIATING_ONLY,7,ASSOCIATING>DISCONNECTED>INTERFACE_DISABLED>DISCONNECTED>INTERFACE_DISABLED>DISCONNECTED>SCANNING
321952,58697046-e1f6-4bfe-a8be-71486ce5e482,after,2026-09-15 19:15:30,motorola edge 40 neo,34,TOHOKU_United_Free_Wi-Fi,d4:68:4d:c0:29:bc,5500,5GHz,-76,802.11n,FAILED_AT_DISCONNECTED,FAILED_AT_<STATE>,713,0-2s,ASSOCIATING_ONLY,22,INTERFACE_DISABLED>DISCONNECTED>ASSOCIATING>DISCONNECTED>INTERFACE_DISABLED>DISCONNECTED>INTERFACE_DISABLED>DISCONNECTED>ASSOCIATING>DISCONNECTED>INTERFACE_DISABLED>DISCONNECTED>INTERFACE_DISABLED>DISCONNECTED>ASSOCIATING>DISCONNECTED>INTERFACE_DISABLED>DISCONNECTED>INTERFACE_DISABLED>DISCONNECTED>ASSOCIATING>DISCONNECTED
321962,58697046-e1f6-4bfe-a8be-71486ce5e482,after,2026-09-15 19:15:30,motorola edge 40 neo,34,TOHOKU_United_Free_Wi-Fi,d4:68:4d:c2:69:9c,5500,5GHz,-79,802.11n,FAILED_AT_DISCONNECTED,FAILED_AT_<STATE>,818,0-2s,ASSOCIATING_ONLY,23,INTERFACE_DISABLED>DISCONNECTED>ASSOCIATING>DISCONNECTED>INTERFACE_DISABLED>DISCONNECTED>INTERFACE_DISABLED>DISCONNECTED>ASSOCIATING>DISCONNECTED>INTERFACE_DISABLED>DISCONNECTED>INTERFACE_DISABLED>DISCONNECTED>ASSOCIATING>DISCONNECTED>INTERFACE_DISABLED>DISCONNECTED>DISCONNECTED>ASSOCIATING>DISCONNECTED>INTERFACE_DISABLED>DISCONNECTED
317849,f8cb6aae-2d52-4b76-9cc3-42035361d29c,after,2026-09-15 19:15:50,ASUS_I006D,33,SENDAI_free_Wi-Fi,d4:68:4d:02:69:9d,5500,5GHz,-79,802.11n,FAILED_AT_SCANNING,FAILED_AT_<STATE>,3016,3-5s,ASSOCIATING_ONLY,9,INTERFACE_DISABLED>DISCONNECTED>ASSOCIATING>DISCONNECTED>INTERFACE_DISABLED>DISCONNECTED>INTERFACE_DISABLED>DISCONNECTED>SCANNING
317856,f8cb6aae-2d52-4b76-9cc3-42035361d29c,after,2026-09-15 19:15:50,ASUS_I006D,33,TOHOKU_United_Free_Wi-Fi,d4:68:4d:c2:69:9c,5500,5GHz,-80,802.11n,FAILED_AT_SCANNING,FAILED_AT_<STATE>,3020,3-5s,ASSOCIATING_ONLY,5,ASSOCIATING>DISCONNECTED>INTERFACE_DISABLED>DISCONNECTED>SCANNING
317859,f8cb6aae-2d52-4b76-9cc3-42035361d29c,after,2026-09-15 19:15:50,ASUS_I006D,33,TOHOKU_United_Free_Wi-Fi,d4:68:4d:c0:29:bc,5500,5GHz,-82,802.11n,FAILED_AT_SCANNING,FAILED_AT_<STATE>,3029,3-5s,ASSOCIATING_ONLY,7,ASSOCIATING>DISCONNECTED>INTERFACE_DISABLED>DISCONNECTED>INTERFACE_DISABLED>DISCONNECTED>SCANNING
317866,f8cb6aae-2d52-4b76-9cc3-42035361d29c,after,2026-09-15 19:15:50,ASUS_I006D,33,SENDAI_free_Wi-Fi,d4:68:4d:00:29:bd,5500,5GHz,-83,802.11n,FAILED_AT_SCANNING,FAILED_AT_<STATE>,3017,3-5s,ASSOCIATING_ONLY,5,ASSOCIATING>DISCONNECTED>INTERFACE_DISABLED>DISCONNECTED>SCANNING
317899,f8cb6aae-2d52-4b76-9cc3-42035361d29c,after,2026-09-15 19:15:50,ASUS_I006D,33,SENDAI_free_Wi-Fi,f0:b0:52:32:6f:5d,5540,5GHz,-91,802.11n,FAILED_AT_SCANNING,FAILED_AT_<STATE>,3021,3-5s,ASSOCIATING_ONLY,5,ASSOCIATING>DISCONNECTED>INTERFACE_DISABLED>DISCONNECTED>SCANNING
317901,f8cb6aae-2d52-4b76-9cc3-42035361d29c,after,2026-09-15 19:15:50,ASUS_I006D,33,TOHOKU_United_Free_Wi-Fi,f0:b0:52:f2:6f:5c,5540,5GHz,-92,802.11n,TIMEOUT_AT_ASSOCIATING,TIMEOUT_AT_<STATE>,3023,3-5s,ASSOCIATING_ONLY,1,ASSOCIATING
322025,c3ac6ca3-6e5d-4c8f-a4d2-276a89f159e9,after,2026-09-15 19:16:07,motorola edge 40 neo,34,TOHOKU_United_Free_Wi-Fi,d4:68:4d:c2:69:9c,5500,5GHz,-85,802.11n,FAILED_AT_DISCONNECTED,FAILED_AT_<STATE>,713,0-2s,ASSOCIATING_ONLY,19,INTERFACE_DISABLED>DISCONNECTED>ASSOCIATING>DISCONNECTED>DISCONNECTED>INTERFACE_DISABLED>DISCONNECTED>ASSOCIATING>DISCONNECTED>INTERFACE_DISABLED>DISCONNECTED>INTERFACE_DISABLED>DISCONNECTED>ASSOCIATING>DISCONNECTED>INTERFACE_DISABLED>DISCONNECTED>ASSOCIATING>DISCONNECTED
317932,f521752e-250a-404b-b6e5-458718479a4c,after,2026-09-15 19:16:20,ASUS_I006D,33,TOHOKU_United_Free_Wi-Fi,ec:58:ea:43:e2:bd,5500,5GHz,-83,802.11ac,NOT_FOUND,NOT_FOUND,3019,3-5s,NONE,0,
317937,f521752e-250a-404b-b6e5-458718479a4c,after,2026-09-15 19:16:20,ASUS_I006D,33,TOHOKU_United_Free_Wi-Fi,d4:68:4d:c2:69:9c,5500,5GHz,-83,802.11n,FAILED_AT_SCANNING,FAILED_AT_<STATE>,3019,3-5s,ASSOCIATING_ONLY,9,INTERFACE_DISABLED>DISCONNECTED>ASSOCIATING>DISCONNECTED>INTERFACE_DISABLED>DISCONNECTED>INTERFACE_DISABLED>DISCONNECTED>SCANNING
317942,f521752e-250a-404b-b6e5-458718479a4c,after,2026-09-15 19:16:20,ASUS_I006D,33,SENDAI_free_Wi-Fi,d4:68:4d:02:69:9d,5500,5GHz,-84,802.11n,FAILED_AT_SCANNING,FAILED_AT_<STATE>,3019,3-5s,ASSOCIATING_ONLY,5,ASSOCIATING>DISCONNECTED>INTERFACE_DISABLED>DISCONNECTED>SCANNING
317945,f521752e-250a-404b-b6e5-458718479a4c,after,2026-09-15 19:16:20,ASUS_I006D,33,TOHOKU_United_Free_Wi-Fi,d4:68:4d:c0:29:bc,5500,5GHz,-85,802.11n,FAILED_AT_SCANNING,FAILED_AT_<STATE>,3013,3-5s,ASSOCIATING_ONLY,5,ASSOCIATING>DISCONNECTED>INTERFACE_DISABLED>DISCONNECTED>SCANNING
317955,f521752e-250a-404b-b6e5-458718479a4c,after,2026-09-15 19:16:20,ASUS_I006D,33,SENDAI_free_Wi-Fi,d4:68:4d:00:29:bd,5500,5GHz,-85,802.11n,FAILED_AT_SCANNING,FAILED_AT_<STATE>,3020,3-5s,ASSOCIATING_ONLY,8,DISCONNECTED>ASSOCIATING>DISCONNECTED>INTERFACE_DISABLED>DISCONNECTED>INTERFACE_DISABLED>DISCONNECTED>SCANNING
322070,f6146bd4-918c-4af8-b578-2f5fd34f4ad4,after,2026-09-15 19:16:41,motorola edge 40 neo,34,TOHOKU_United_Free_Wi-Fi,d4:68:4d:c2:69:9c,5500,5GHz,-83,802.11n,FAILED_AT_DISCONNECTED,FAILED_AT_<STATE>,753,0-2s,ASSOCIATING_ONLY,22,INTERFACE_DISABLED>DISCONNECTED>ASSOCIATING>DISCONNECTED>INTERFACE_DISABLED>DISCONNECTED>INTERFACE_DISABLED>DISCONNECTED>ASSOCIATING>DISCONNECTED>INTERFACE_DISABLED>DISCONNECTED>INTERFACE_DISABLED>DISCONNECTED>ASSOCIATING>DISCONNECTED>INTERFACE_DISABLED>DISCONNECTED>INTERFACE_DISABLED>DISCONNECTED>ASSOCIATING>DISCONNECTED
318003,60993210-b69e-4768-a61a-ed90b3cee145,after,2026-09-15 19:16:50,ASUS_I006D,33,SENDAI_free_Wi-Fi,d4:68:4d:02:69:9d,5500,5GHz,-73,802.11n,TIMEOUT_AT_COMPLETED,TIMEOUT_AT_<STATE>,485,0-2s,COMPLETED,3,ASSOCIATING>ASSOCIATED>COMPLETED
318010,60993210-b69e-4768-a61a-ed90b3cee145,after,2026-09-15 19:16:50,ASUS_I006D,33,TOHOKU_United_Free_Wi-Fi,d4:68:4d:c2:69:9c,5500,5GHz,-74,802.11n,FAILED_AT_SCANNING,FAILED_AT_<STATE>,3016,3-5s,ASSOCIATING_ONLY,5,ASSOCIATING>DISCONNECTED>INTERFACE_DISABLED>DISCONNECTED>SCANNING
318014,60993210-b69e-4768-a61a-ed90b3cee145,after,2026-09-15 19:16:50,ASUS_I006D,33,TOHOKU_United_Free_Wi-Fi,d4:68:4d:c0:29:bc,5500,5GHz,-77,802.11n,FAILED_AT_DISCONNECTED,FAILED_AT_<STATE>,3013,3-5s,ASSOCIATING_ONLY,4,ASSOCIATING>DISCONNECTED>INTERFACE_DISABLED>DISCONNECTED
318016,60993210-b69e-4768-a61a-ed90b3cee145,after,2026-09-15 19:16:50,ASUS_I006D,33,SENDAI_free_Wi-Fi,d4:68:4d:00:29:bd,5500,5GHz,-77,802.11n,TIMEOUT_AT_ASSOCIATING,TIMEOUT_AT_<STATE>,3020,3-5s,ASSOCIATING_ONLY,9,INTERFACE_DISABLED>DISCONNECTED>ASSOCIATING>DISCONNECTED>INTERFACE_DISABLED>DISCONNECTED>INTERFACE_DISABLED>DISCONNECTED>ASSOCIATING
322130,da2ee18b-258a-4936-9319-62f8e797a91d,after,2026-09-15 19:17:16,motorola edge 40 neo,34,TOHOKU_United_Free_Wi-Fi,d4:68:4d:c0:29:bc,5500,5GHz,-84,802.11n,TIMEOUT_AT_INTERFACE_DISABLED,TIMEOUT_AT_<STATE>,778,0-2s,ASSOCIATING_ONLY,21,INTERFACE_DISABLED>DISCONNECTED>ASSOCIATING>DISCONNECTED>DISCONNECTED>INTERFACE_DISABLED>DISCONNECTED>ASSOCIATING>DISCONNECTED>INTERFACE_DISABLED>DISCONNECTED>INTERFACE_DISABLED>DISCONNECTED>ASSOCIATING>DISCONNECTED>INTERFACE_DISABLED>INTERFACE_DISABLED>DISCONNECTED>ASSOCIATING>DISCONNECTED>INTERFACE_DISABLED
322134,da2ee18b-258a-4936-9319-62f8e797a91d,after,2026-09-15 19:17:16,motorola edge 40 neo,34,TOHOKU_United_Free_Wi-Fi,d4:68:4d:c2:69:9c,5500,5GHz,-85,802.11n,TIMEOUT_AT_COMPLETED,TIMEOUT_AT_<STATE>,237,0-2s,COMPLETED,4,DISCONNECTED>ASSOCIATING>ASSOCIATED>COMPLETED
318085,bb5f8d20-dc57-4f36-8c6c-ddf7bf3e1382,after,2026-09-15 19:17:25,ASUS_I006D,33,TOHOKU_United_Free_Wi-Fi,d4:68:4d:c0:29:bc,5500,5GHz,-73,802.11n,TIMEOUT_AT_ASSOCIATING,TIMEOUT_AT_<STATE>,3009,3-5s,ASSOCIATING_ONLY,3,INTERFACE_DISABLED>DISCONNECTED>ASSOCIATING
318096,bb5f8d20-dc57-4f36-8c6c-ddf7bf3e1382,after,2026-09-15 19:17:25,ASUS_I006D,33,SENDAI_free_Wi-Fi,d4:68:4d:02:69:9d,5500,5GHz,-78,802.11n,FAILED_AT_SCANNING,FAILED_AT_<STATE>,3018,3-5s,ASSOCIATING_ONLY,7,INTERFACE_DISABLED>DISCONNECTED>ASSOCIATING>DISCONNECTED>INTERFACE_DISABLED>DISCONNECTED>SCANNING
318099,bb5f8d20-dc57-4f36-8c6c-ddf7bf3e1382,after,2026-09-15 19:17:25,ASUS_I006D,33,TOHOKU_United_Free_Wi-Fi,d4:68:4d:c2:69:9c,5500,5GHz,-78,802.11n,FAILED_AT_SCANNING,FAILED_AT_<STATE>,3031,3-5s,ASSOCIATING_ONLY,7,ASSOCIATING>DISCONNECTED>INTERFACE_DISABLED>DISCONNECTED>INTERFACE_DISABLED>DISCONNECTED>SCANNING
318150,bb5f8d20-dc57-4f36-8c6c-ddf7bf3e1382,after,2026-09-15 19:17:25,ASUS_I006D,33,TOHOKU_United_Free_Wi-Fi,f0:b0:52:f2:6f:5c,5540,5GHz,-88,802.11n,FAILED_AT_SCANNING,FAILED_AT_<STATE>,3013,3-5s,ASSOCIATING_ONLY,3,ASSOCIATING>DISCONNECTED>SCANNING
318156,bb5f8d20-dc57-4f36-8c6c-ddf7bf3e1382,after,2026-09-15 19:17:25,ASUS_I006D,33,SENDAI_free_Wi-Fi,f0:b0:52:32:6f:5d,5540,5GHz,-88,802.11n,FAILED_AT_SCANNING,FAILED_AT_<STATE>,3017,3-5s,ASSOCIATING_ONLY,5,ASSOCIATING>DISCONNECTED>INTERFACE_DISABLED>DISCONNECTED>SCANNING
322208,cf44e163-2ae5-4aa5-a514-0fc557f5c235,after,2026-09-15 19:17:45,motorola edge 40 neo,34,TOHOKU_United_Free_Wi-Fi,d4:68:4d:c0:29:bc,5500,5GHz,-83,802.11n,FAILED_AT_DISCONNECTED,FAILED_AT_<STATE>,1848,0-2s,ASSOCIATING_ONLY,23,INTERFACE_DISABLED>DISCONNECTED>ASSOCIATING>DISCONNECTED>INTERFACE_DISABLED>DISCONNECTED>INTERFACE_DISABLED>DISCONNECTED>ASSOCIATING>DISCONNECTED>INTERFACE_DISABLED>DISCONNECTED>INTERFACE_DISABLED>DISCONNECTED>ASSOCIATING>DISCONNECTED>INTERFACE_DISABLED>DISCONNECTED>INTERFACE_DISABLED>DISCONNECTED>ASSOCIATING>DISCONNECTED>DISCONNECTED
322216,cf44e163-2ae5-4aa5-a514-0fc557f5c235,after,2026-09-15 19:17:45,motorola edge 40 neo,34,TOHOKU_United_Free_Wi-Fi,d4:68:4d:c2:69:9c,5500,5GHz,-87,802.11n,TIMEOUT_AT_INTERFACE_DISABLED,TIMEOUT_AT_<STATE>,715,0-2s,ASSOCIATING_ONLY,17,INTERFACE_DISABLED>DISCONNECTED>ASSOCIATING>DISCONNECTED>INTERFACE_DISABLED>DISCONNECTED>INTERFACE_DISABLED>DISCONNECTED>ASSOCIATING>DISCONNECTED>INTERFACE_DISABLED>DISCONNECTED>ASSOCIATING>DISCONNECTED>ASSOCIATING>DISCONNECTED>INTERFACE_DISABLED
318193,fc9af3d3-3562-46c4-bfbd-3ca47ffd8c82,after,2026-09-15 19:18:00,ASUS_I006D,33,SENDAI_free_Wi-Fi,d4:68:4d:02:69:9d,5500,5GHz,-77,802.11n,FAILED_AT_SCANNING,FAILED_AT_<STATE>,3014,3-5s,ASSOCIATING_ONLY,5,ASSOCIATING>DISCONNECTED>INTERFACE_DISABLED>DISCONNECTED>SCANNING
318195,fc9af3d3-3562-46c4-bfbd-3ca47ffd8c82,after,2026-09-15 19:18:00,ASUS_I006D,33,TOHOKU_United_Free_Wi-Fi,d4:68:4d:c2:69:9c,5500,5GHz,-77,802.11n,TIMEOUT_AT_ASSOCIATING,TIMEOUT_AT_<STATE>,3036,3-5s,ASSOCIATING_ONLY,2,DISCONNECTED>ASSOCIATING
318198,fc9af3d3-3562-46c4-bfbd-3ca47ffd8c82,after,2026-09-15 19:18:00,ASUS_I006D,33,TOHOKU_United_Free_Wi-Fi,d4:68:4d:c0:29:bc,5500,5GHz,-79,802.11n,FAILED_AT_SCANNING,FAILED_AT_<STATE>,3014,3-5s,ASSOCIATING_ONLY,7,ASSOCIATING>DISCONNECTED>INTERFACE_DISABLED>DISCONNECTED>INTERFACE_DISABLED>DISCONNECTED>SCANNING
318203,fc9af3d3-3562-46c4-bfbd-3ca47ffd8c82,after,2026-09-15 19:18:00,ASUS_I006D,33,SENDAI_free_Wi-Fi,d4:68:4d:00:29:bd,5500,5GHz,-79,802.11n,FAILED_AT_SCANNING,FAILED_AT_<STATE>,3019,3-5s,ASSOCIATING_ONLY,8,DISCONNECTED>ASSOCIATING>DISCONNECTED>INTERFACE_DISABLED>DISCONNECTED>INTERFACE_DISABLED>DISCONNECTED>SCANNING
318267,fc9af3d3-3562-46c4-bfbd-3ca47ffd8c82,after,2026-09-15 19:18:00,ASUS_I006D,33,TOHOKU_United_Free_Wi-Fi,f0:b0:52:f2:6f:5c,5540,5GHz,-89,802.11n,TIMEOUT_AT_ASSOCIATING,TIMEOUT_AT_<STATE>,3027,3-5s,ASSOCIATING_ONLY,1,ASSOCIATING
318278,fc9af3d3-3562-46c4-bfbd-3ca47ffd8c82,after,2026-09-15 19:18:00,ASUS_I006D,33,SENDAI_free_Wi-Fi,f0:b0:52:32:6f:5d,5540,5GHz,-90,802.11n,TIMEOUT_AT_ASSOCIATING,TIMEOUT_AT_<STATE>,3022,3-5s,ASSOCIATING_ONLY,6,DISCONNECTED>INTERFACE_DISABLED>DISCONNECTED>INTERFACE_DISABLED>DISCONNECTED>ASSOCIATING
322258,f8490caa-eb23-49ec-8f87-786ff8d1e962,after,2026-09-15 19:18:20,motorola edge 40 neo,34,TOHOKU_United_Free_Wi-Fi,d4:68:4d:c2:69:9c,5500,5GHz,-82,802.11n,TIMEOUT_AT_ASSOCIATING,TIMEOUT_AT_<STATE>,3013,3-5s,ASSOCIATING_ONLY,3,INTERFACE_DISABLED>DISCONNECTED>ASSOCIATING
322285,f8490caa-eb23-49ec-8f87-786ff8d1e962,after,2026-09-15 19:18:20,motorola edge 40 neo,34,TOHOKU_United_Free_Wi-Fi,d4:68:4d:c0:29:bc,5500,5GHz,-88,802.11n,TIMEOUT_AT_ASSOCIATING,TIMEOUT_AT_<STATE>,760,0-2s,ASSOCIATING_ONLY,20,INTERFACE_DISABLED>DISCONNECTED>ASSOCIATING>DISCONNECTED>DISCONNECTED>INTERFACE_DISABLED>DISCONNECTED>ASSOCIATING>DISCONNECTED>INTERFACE_DISABLED>DISCONNECTED>INTERFACE_DISABLED>DISCONNECTED>ASSOCIATING>DISCONNECTED>INTERFACE_DISABLED>DISCONNECTED>INTERFACE_DISABLED>DISCONNECTED>ASSOCIATING
318308,6dd22f17-b08d-49c0-a77e-2677867f1380,after,2026-09-15 19:18:30,ASUS_I006D,33,SENDAI_free_Wi-Fi,d4:68:4d:00:29:bd,5500,5GHz,-80,802.11n,FAILED_AT_SCANNING,FAILED_AT_<STATE>,3025,3-5s,ASSOCIATING_ONLY,7,INTERFACE_DISABLED>DISCONNECTED>ASSOCIATING>DISCONNECTED>INTERFACE_DISABLED>DISCONNECTED>SCANNING
318309,6dd22f17-b08d-49c0-a77e-2677867f1380,after,2026-09-15 19:18:30,ASUS_I006D,33,TOHOKU_United_Free_Wi-Fi,d4:68:4d:c0:29:bc,5500,5GHz,-81,802.11n,TIMEOUT_AT_ASSOCIATING,TIMEOUT_AT_<STATE>,3019,3-5s,ASSOCIATING_ONLY,1,ASSOCIATING
318348,6dd22f17-b08d-49c0-a77e-2677867f1380,after,2026-09-15 19:18:30,ASUS_I006D,33,TOHOKU_United_Free_Wi-Fi,f0:b0:52:f2:6f:5c,5540,5GHz,-90,802.11n,TIMEOUT_AT_ASSOCIATING,TIMEOUT_AT_<STATE>,3030,3-5s,ASSOCIATING_ONLY,3,INTERFACE_DISABLED>DISCONNECTED>ASSOCIATING
318349,6dd22f17-b08d-49c0-a77e-2677867f1380,after,2026-09-15 19:18:30,ASUS_I006D,33,SENDAI_free_Wi-Fi,f0:b0:52:32:6f:5d,5540,5GHz,-90,802.11n,TIMEOUT_AT_ASSOCIATING,TIMEOUT_AT_<STATE>,3020,3-5s,ASSOCIATING_ONLY,6,DISCONNECTED>INTERFACE_DISABLED>DISCONNECTED>INTERFACE_DISABLED>DISCONNECTED>ASSOCIATING
322349,5a7b88a7-6a32-4b8f-9313-9d747086fdd4,after,2026-09-15 19:18:53,motorola edge 40 neo,34,TOHOKU_United_Free_Wi-Fi,d4:68:4d:c0:29:bc,5500,5GHz,-89,802.11n,FAILED_AT_DISCONNECTED,FAILED_AT_<STATE>,718,0-2s,ASSOCIATING_ONLY,17,INTERFACE_DISABLED>DISCONNECTED>ASSOCIATING>DISCONNECTED>INTERFACE_DISABLED>DISCONNECTED>ASSOCIATING>DISCONNECTED>INTERFACE_DISABLED>DISCONNECTED>INTERFACE_DISABLED>ASSOCIATING>DISCONNECTED>INTERFACE_DISABLED>DISCONNECTED>ASSOCIATING>DISCONNECTED
318353,9f2d4d49-65d7-4046-b6fc-9a96482787fe,after,2026-09-15 19:19:07,ASUS_I006D,33,SENDAI_free_Wi-Fi,d4:68:4d:c2:69:98,2462,2.4GHz,-74,802.11n,FAILED_AT_SCANNING,FAILED_AT_<STATE>,3016,3-5s,ASSOCIATING_ONLY,5,ASSOCIATING>DISCONNECTED>INTERFACE_DISABLED>DISCONNECTED>SCANNING
318356,9f2d4d49-65d7-4046-b6fc-9a96482787fe,after,2026-09-15 19:19:07,ASUS_I006D,33,SENDAI_free_Wi-Fi,d4:68:4d:00:29:bd,5500,5GHz,-75,802.11n,FAILED_AT_SCANNING,FAILED_AT_<STATE>,3025,3-5s,ASSOCIATING_ONLY,5,ASSOCIATING>DISCONNECTED>INTERFACE_DISABLED>DISCONNECTED>SCANNING
318357,9f2d4d49-65d7-4046-b6fc-9a96482787fe,after,2026-09-15 19:19:07,ASUS_I006D,33,TOHOKU_United_Free_Wi-Fi,d4:68:4d:c0:29:bc,5500,5GHz,-76,802.11n,FAILED_AT_SCANNING,FAILED_AT_<STATE>,3018,3-5s,ASSOCIATING_ONLY,5,ASSOCIATING>DISCONNECTED>INTERFACE_DISABLED>DISCONNECTED>SCANNING
318367,9f2d4d49-65d7-4046-b6fc-9a96482787fe,after,2026-09-15 19:19:07,ASUS_I006D,33,SENDAI_free_Wi-Fi,d4:68:4d:02:69:9d,5500,5GHz,-77,802.11n,TIMEOUT_AT_COMPLETED,TIMEOUT_AT_<STATE>,1115,0-2s,COMPLETED,3,ASSOCIATING>ASSOCIATED>COMPLETED
318370,9f2d4d49-65d7-4046-b6fc-9a96482787fe,after,2026-09-15 19:19:07,ASUS_I006D,33,TOHOKU_United_Free_Wi-Fi,d4:68:4d:c2:69:9c,5500,5GHz,-77,802.11n,TIMEOUT_AT_COMPLETED,TIMEOUT_AT_<STATE>,1356,0-2s,COMPLETED,3,ASSOCIATING>ASSOCIATED>COMPLETED
318405,9f2d4d49-65d7-4046-b6fc-9a96482787fe,after,2026-09-15 19:19:07,ASUS_I006D,33,TOHOKU_United_Free_Wi-Fi,f0:b0:52:f2:6f:5c,5540,5GHz,-87,802.11n,TIMEOUT_AT_COMPLETED,TIMEOUT_AT_<STATE>,2307,0-2s,COMPLETED,5,INTERFACE_DISABLED>DISCONNECTED>ASSOCIATING>ASSOCIATED>COMPLETED
318408,9f2d4d49-65d7-4046-b6fc-9a96482787fe,after,2026-09-15 19:19:07,ASUS_I006D,33,SENDAI_free_Wi-Fi,f0:b0:52:32:6f:5d,5540,5GHz,-87,802.11n,TIMEOUT_AT_COMPLETED,TIMEOUT_AT_<STATE>,1534,0-2s,COMPLETED,6,DISCONNECTED>INTERFACE_DISABLED>DISCONNECTED>ASSOCIATING>ASSOCIATED>COMPLETED
318431,9f91cf7d-8f93-4f0c-a5d4-df78bfc40fde,after,2026-09-15 19:19:26,ASUS_I006D,33,SENDAI_free_Wi-Fi,d4:68:4d:00:29:bd,5500,5GHz,-74,802.11n,TIMEOUT_AT_COMPLETED,TIMEOUT_AT_<STATE>,973,0-2s,COMPLETED,5,INTERFACE_DISABLED>DISCONNECTED>ASSOCIATING>ASSOCIATED>COMPLETED
318432,9f91cf7d-8f93-4f0c-a5d4-df78bfc40fde,after,2026-09-15 19:19:26,ASUS_I006D,33,TOHOKU_United_Free_Wi-Fi,d4:68:4d:c0:29:bc,5500,5GHz,-75,802.11n,TIMEOUT_AT_COMPLETED,TIMEOUT_AT_<STATE>,1745,0-2s,COMPLETED,5,INTERFACE_DISABLED>DISCONNECTED>ASSOCIATING>ASSOCIATED>COMPLETED
322381,721e2a6e-e14d-4925-93f6-e5bd07bc95b0,after,2026-09-15 19:19:27,motorola edge 40 neo,34,TOHOKU_United_Free_Wi-Fi,d4:68:4d:c0:29:bc,5500,5GHz,-81,802.11n,TIMEOUT_AT_COMPLETED,TIMEOUT_AT_<STATE>,702,0-2s,COMPLETED,17,INTERFACE_DISABLED>DISCONNECTED>ASSOCIATING>DISCONNECTED>INTERFACE_DISABLED>DISCONNECTED>INTERFACE_DISABLED>DISCONNECTED>ASSOCIATING>DISCONNECTED>INTERFACE_DISABLED>DISCONNECTED>INTERFACE_DISABLED>DISCONNECTED>ASSOCIATING>ASSOCIATED>COMPLETED
322385,721e2a6e-e14d-4925-93f6-e5bd07bc95b0,after,2026-09-15 19:19:27,motorola edge 40 neo,34,TOHOKU_United_Free_Wi-Fi,d4:68:4d:c2:69:9c,5500,5GHz,-83,802.11n,TIMEOUT_AT_COMPLETED,TIMEOUT_AT_<STATE>,264,0-2s,COMPLETED,5,INTERFACE_DISABLED>DISCONNECTED>ASSOCIATING>ASSOCIATED>COMPLETED
322412,d8f3dc6a-a029-42b3-a042-87cff713b51a,after,2026-09-15 19:19:59,motorola edge 40 neo,34,TOHOKU_United_Free_Wi-Fi,d4:68:4d:c0:29:bc,5500,5GHz,-76,802.11n,TIMEOUT_AT_COMPLETED,TIMEOUT_AT_<STATE>,232,0-2s,COMPLETED,5,INTERFACE_DISABLED>DISCONNECTED>ASSOCIATING>ASSOCIATED>COMPLETED
318499,f287143f-401a-4ccd-b649-f98a3475a0b6,after,2026-09-15 19:20:15,ASUS_I006D,33,TOHOKU_United_Free_Wi-Fi,d4:68:4d:c2:69:9c,5500,5GHz,-63,802.11n,TIMEOUT_AT_COMPLETED,TIMEOUT_AT_<STATE>,902,0-2s,COMPLETED,5,INTERFACE_DISABLED>DISCONNECTED>ASSOCIATING>ASSOCIATED>COMPLETED
318501,f287143f-401a-4ccd-b649-f98a3475a0b6,after,2026-09-15 19:20:15,ASUS_I006D,33,SENDAI_free_Wi-Fi,d4:68:4d:02:69:9d,5500,5GHz,-64,802.11n,TIMEOUT_AT_COMPLETED,TIMEOUT_AT_<STATE>,1336,0-2s,COMPLETED,5,INTERFACE_DISABLED>DISCONNECTED>ASSOCIATING>ASSOCIATED>COMPLETED
318512,f287143f-401a-4ccd-b649-f98a3475a0b6,after,2026-09-15 19:20:15,ASUS_I006D,33,TOHOKU_United_Free_Wi-Fi,d4:68:4d:c0:29:bc,5500,5GHz,-74,802.11n,FAILED_AT_SCANNING,FAILED_AT_<STATE>,3022,3-5s,ASSOCIATING_ONLY,7,INTERFACE_DISABLED>DISCONNECTED>ASSOCIATING>DISCONNECTED>INTERFACE_DISABLED>DISCONNECTED>SCANNING
318516,f287143f-401a-4ccd-b649-f98a3475a0b6,after,2026-09-15 19:20:15,ASUS_I006D,33,SENDAI_free_Wi-Fi,d4:68:4d:00:29:bd,5500,5GHz,-75,802.11n,TIMEOUT_AT_COMPLETED,TIMEOUT_AT_<STATE>,1733,0-2s,COMPLETED,3,ASSOCIATING>ASSOCIATED>COMPLETED
318544,f287143f-401a-4ccd-b649-f98a3475a0b6,after,2026-09-15 19:20:15,ASUS_I006D,33,TOHOKU_United_Free_Wi-Fi,f0:b0:52:f2:6f:5c,5540,5GHz,-83,802.11n,TIMEOUT_AT_ASSOCIATING,TIMEOUT_AT_<STATE>,3013,3-5s,ASSOCIATING_ONLY,3,INTERFACE_DISABLED>DISCONNECTED>ASSOCIATING
318546,f287143f-401a-4ccd-b649-f98a3475a0b6,after,2026-09-15 19:20:15,ASUS_I006D,33,SENDAI_free_Wi-Fi,f0:b0:52:32:6f:5d,5540,5GHz,-83,802.11n,FAILED_AT_DISCONNECTED,FAILED_AT_<STATE>,3016,3-5s,ASSOCIATING_ONLY,5,DISCONNECTED>INTERFACE_DISABLED>DISCONNECTED>ASSOCIATING>DISCONNECTED
318562,f287143f-401a-4ccd-b649-f98a3475a0b6,after,2026-09-15 19:20:15,ASUS_I006D,33,TOHOKU_United_Free_Wi-Fi,44:1e:98:74:ea:fd,5540,5GHz,-86,802.11ac,FAILED_AT_DISCONNECTED,FAILED_AT_<STATE>,3012,3-5s,NONE,2,SCANNING>DISCONNECTED
322445,8568f690-f7af-4a8e-8235-efc6195445ae,after,2026-09-15 19:20:37,motorola edge 40 neo,34,TOHOKU_United_Free_Wi-Fi,d4:68:4d:82:69:98,2462,2.4GHz,-66,802.11n,FAILED_AT_DISCONNECTED,FAILED_AT_<STATE>,1200,0-2s,ASSOCIATING_ONLY,20,INTERFACE_DISABLED>DISCONNECTED>ASSOCIATING>DISCONNECTED>INTERFACE_DISABLED>DISCONNECTED>INTERFACE_DISABLED>DISCONNECTED>ASSOCIATING>DISCONNECTED>INTERFACE_DISABLED>DISCONNECTED>ASSOCIATING>DISCONNECTED>INTERFACE_DISABLED>DISCONNECTED>INTERFACE_DISABLED>DISCONNECTED>ASSOCIATING>DISCONNECTED
322458,8568f690-f7af-4a8e-8235-efc6195445ae,after,2026-09-15 19:20:37,motorola edge 40 neo,34,TOHOKU_United_Free_Wi-Fi,d4:68:4d:c2:69:9c,5500,5GHz,-74,802.11n,TIMEOUT_AT_COMPLETED,TIMEOUT_AT_<STATE>,285,0-2s,COMPLETED,5,INTERFACE_DISABLED>DISCONNECTED>ASSOCIATING>ASSOCIATED>COMPLETED
322472,8568f690-f7af-4a8e-8235-efc6195445ae,after,2026-09-15 19:20:37,motorola edge 40 neo,34,TOHOKU_United_Free_Wi-Fi,d4:68:4d:c0:29:bc,5500,5GHz,-80,802.11n,FAILED_AT_DISCONNECTED,FAILED_AT_<STATE>,845,0-2s,ASSOCIATING_ONLY,20,ASSOCIATING>DISCONNECTED>INTERFACE_DISABLED>DISCONNECTED>INTERFACE_DISABLED>DISCONNECTED>ASSOCIATING>DISCONNECTED>INTERFACE_DISABLED>DISCONNECTED>INTERFACE_DISABLED>DISCONNECTED>ASSOCIATING>DISCONNECTED>INTERFACE_DISABLED>DISCONNECTED>INTERFACE_DISABLED>DISCONNECTED>ASSOCIATING>DISCONNECTED
322490,8568f690-f7af-4a8e-8235-efc6195445ae,after,2026-09-15 19:20:37,motorola edge 40 neo,34,TOHOKU_United_Free_Wi-Fi,f0:b0:52:f2:6f:5c,5540,5GHz,-85,802.11n,TIMEOUT_AT_COMPLETED,TIMEOUT_AT_<STATE>,251,0-2s,COMPLETED,5,INTERFACE_DISABLED>DISCONNECTED>ASSOCIATING>ASSOCIATED>COMPLETED
318585,b3efc260-5eb0-45ba-a35c-412752f828b6,after,2026-09-15 19:20:53,ASUS_I006D,33,SENDAI_free_Wi-Fi,d4:68:4d:02:69:9d,5500,5GHz,-62,802.11n,TIMEOUT_AT_COMPLETED,TIMEOUT_AT_<STATE>,482,0-2s,COMPLETED,3,ASSOCIATING>ASSOCIATED>COMPLETED
318588,b3efc260-5eb0-45ba-a35c-412752f828b6,after,2026-09-15 19:20:53,ASUS_I006D,33,TOHOKU_United_Free_Wi-Fi,d4:68:4d:c2:69:9c,5500,5GHz,-63,802.11n,TIMEOUT_AT_COMPLETED,TIMEOUT_AT_<STATE>,1617,0-2s,COMPLETED,5,INTERFACE_DISABLED>DISCONNECTED>ASSOCIATING>ASSOCIATED>COMPLETED
318589,b3efc260-5eb0-45ba-a35c-412752f828b6,after,2026-09-15 19:20:53,ASUS_I006D,33,SENDAI_free_Wi-Fi,d4:68:4d:c2:69:98,2462,2.4GHz,-66,802.11n,FAILED_AT_DISCONNECTED,FAILED_AT_<STATE>,3017,3-5s,ASSOCIATING_ONLY,6,INTERFACE_DISABLED>DISCONNECTED>ASSOCIATING>DISCONNECTED>INTERFACE_DISABLED>DISCONNECTED
318594,b3efc260-5eb0-45ba-a35c-412752f828b6,after,2026-09-15 19:20:53,ASUS_I006D,33,TOHOKU_United_Free_Wi-Fi,d4:68:4d:82:69:98,2462,2.4GHz,-68,802.11n,TIMEOUT_AT_ASSOCIATING,TIMEOUT_AT_<STATE>,3021,3-5s,ASSOCIATING_ONLY,5,INTERFACE_DISABLED>DISCONNECTED>SCANNING>DISCONNECTED>ASSOCIATING
318598,b3efc260-5eb0-45ba-a35c-412752f828b6,after,2026-09-15 19:20:53,ASUS_I006D,33,TOHOKU_United_Free_Wi-Fi,d4:68:4d:c0:29:bc,5500,5GHz,-73,802.11n,TIMEOUT_AT_ASSOCIATING,TIMEOUT_AT_<STATE>,3025,3-5s,ASSOCIATING_ONLY,6,DISCONNECTED>INTERFACE_DISABLED>DISCONNECTED>INTERFACE_DISABLED>DISCONNECTED>ASSOCIATING
318602,b3efc260-5eb0-45ba-a35c-412752f828b6,after,2026-09-15 19:20:53,ASUS_I006D,33,SENDAI_free_Wi-Fi,d4:68:4d:00:29:bd,5500,5GHz,-73,802.11n,TIMEOUT_AT_COMPLETED,TIMEOUT_AT_<STATE>,2243,0-2s,COMPLETED,6,DISCONNECTED>INTERFACE_DISABLED>DISCONNECTED>ASSOCIATING>ASSOCIATED>COMPLETED
318663,b3efc260-5eb0-45ba-a35c-412752f828b6,after,2026-09-15 19:20:53,ASUS_I006D,33,TOHOKU_United_Free_Wi-Fi,60:d0:2c:73:42:8d,5500,5GHz,-89,802.11ac,FAILED_AT_DISCONNECTED,FAILED_AT_<STATE>,3010,3-5s,NONE,2,INTERFACE_DISABLED>DISCONNECTED
318674,b3efc260-5eb0-45ba-a35c-412752f828b6,after,2026-09-15 19:20:53,ASUS_I006D,33,SENDAI_free_Wi-Fi,f0:b0:52:32:6f:5d,5540,5GHz,-92,802.11n,FAILED_AT_DISCONNECTED,FAILED_AT_<STATE>,3020,3-5s,ASSOCIATING_ONLY,4,INTERFACE_DISABLED>DISCONNECTED>ASSOCIATING>DISCONNECTED
322525,ff16cb40-8b15-4c08-aa1d-ed7a94eb593b,after,2026-09-15 19:21:11,motorola edge 40 neo,34,TOHOKU_United_Free_Wi-Fi,d4:68:4d:82:69:98,2462,2.4GHz,-65,802.11n,FAILED_AT_DISCONNECTED,FAILED_AT_<STATE>,1289,0-2s,ASSOCIATING_ONLY,22,INTERFACE_DISABLED>DISCONNECTED>ASSOCIATING>DISCONNECTED>INTERFACE_DISABLED>DISCONNECTED>INTERFACE_DISABLED>DISCONNECTED>ASSOCIATING>DISCONNECTED>INTERFACE_DISABLED>DISCONNECTED>INTERFACE_DISABLED>DISCONNECTED>ASSOCIATING>DISCONNECTED>INTERFACE_DISABLED>DISCONNECTED>INTERFACE_DISABLED>DISCONNECTED>ASSOCIATING>DISCONNECTED
322530,ff16cb40-8b15-4c08-aa1d-ed7a94eb593b,after,2026-09-15 19:21:11,motorola edge 40 neo,34,TOHOKU_United_Free_Wi-Fi,d4:68:4d:c2:69:9c,5500,5GHz,-73,802.11n,TIMEOUT_AT_COMPLETED,TIMEOUT_AT_<STATE>,246,0-2s,COMPLETED,5,INTERFACE_DISABLED>DISCONNECTED>ASSOCIATING>ASSOCIATED>COMPLETED
322547,ff16cb40-8b15-4c08-aa1d-ed7a94eb593b,after,2026-09-15 19:21:11,motorola edge 40 neo,34,TOHOKU_United_Free_Wi-Fi,d4:68:4d:c0:29:bc,5500,5GHz,-83,802.11n,FAILED_AT_DISCONNECTED,FAILED_AT_<STATE>,816,0-2s,ASSOCIATING_ONLY,22,INTERFACE_DISABLED>DISCONNECTED>ASSOCIATING>DISCONNECTED>INTERFACE_DISABLED>DISCONNECTED>INTERFACE_DISABLED>DISCONNECTED>ASSOCIATING>DISCONNECTED>INTERFACE_DISABLED>DISCONNECTED>INTERFACE_DISABLED>DISCONNECTED>ASSOCIATING>DISCONNECTED>INTERFACE_DISABLED>DISCONNECTED>INTERFACE_DISABLED>DISCONNECTED>ASSOCIATING>DISCONNECTED
318683,73ad381e-c2b2-417b-ad57-3e82fb5f0ab0,after,2026-09-15 19:21:25,ASUS_I006D,33,TOHOKU_United_Free_Wi-Fi,d4:68:4d:c2:69:9c,5500,5GHz,-64,802.11n,TIMEOUT_AT_COMPLETED,TIMEOUT_AT_<STATE>,691,0-2s,COMPLETED,5,INTERFACE_DISABLED>DISCONNECTED>ASSOCIATING>ASSOCIATED>COMPLETED
318685,73ad381e-c2b2-417b-ad57-3e82fb5f0ab0,after,2026-09-15 19:21:25,ASUS_I006D,33,SENDAI_free_Wi-Fi,d4:68:4d:02:69:9d,5500,5GHz,-65,802.11n,TIMEOUT_AT_COMPLETED,TIMEOUT_AT_<STATE>,1224,0-2s,COMPLETED,5,INTERFACE_DISABLED>DISCONNECTED>ASSOCIATING>ASSOCIATED>COMPLETED
318687,73ad381e-c2b2-417b-ad57-3e82fb5f0ab0,after,2026-09-15 19:21:25,ASUS_I006D,33,TOHOKU_United_Free_Wi-Fi,d4:68:4d:82:69:98,2462,2.4GHz,-66,802.11n,TIMEOUT_AT_ASSOCIATING,TIMEOUT_AT_<STATE>,3023,3-5s,ASSOCIATING_ONLY,3,INTERFACE_DISABLED>DISCONNECTED>ASSOCIATING
318688,73ad381e-c2b2-417b-ad57-3e82fb5f0ab0,after,2026-09-15 19:21:25,ASUS_I006D,33,SENDAI_free_Wi-Fi,d4:68:4d:c2:69:98,2462,2.4GHz,-67,802.11n,TIMEOUT_AT_ASSOCIATING,TIMEOUT_AT_<STATE>,3028,3-5s,ASSOCIATING_ONLY,6,DISCONNECTED>INTERFACE_DISABLED>DISCONNECTED>INTERFACE_DISABLED>DISCONNECTED>ASSOCIATING
318701,73ad381e-c2b2-417b-ad57-3e82fb5f0ab0,after,2026-09-15 19:21:25,ASUS_I006D,33,SENDAI_free_Wi-Fi,d4:68:4d:00:29:bd,5500,5GHz,-76,802.11n,FAILED_AT_SCANNING,FAILED_AT_<STATE>,3015,3-5s,ASSOCIATING_ONLY,12,DISCONNECTED>INTERFACE_DISABLED>DISCONNECTED>INTERFACE_DISABLED>DISCONNECTED>ASSOCIATING>DISCONNECTED>INTERFACE_DISABLED>DISCONNECTED>INTERFACE_DISABLED>DISCONNECTED>SCANNING
318702,73ad381e-c2b2-417b-ad57-3e82fb5f0ab0,after,2026-09-15 19:21:25,ASUS_I006D,33,TOHOKU_United_Free_Wi-Fi,d4:68:4d:c0:29:bc,5500,5GHz,-77,802.11n,FAILED_AT_SCANNING,FAILED_AT_<STATE>,3033,3-5s,ASSOCIATING_ONLY,6,DISCONNECTED>ASSOCIATING>DISCONNECTED>INTERFACE_DISABLED>DISCONNECTED>SCANNING
322586,2979faef-b84f-47a9-a011-16d766bf6d74,after,2026-09-15 19:21:48,motorola edge 40 neo,34,TOHOKU_United_Free_Wi-Fi,d4:68:4d:82:69:98,2462,2.4GHz,-62,802.11n,TIMEOUT_AT_COMPLETED,TIMEOUT_AT_<STATE>,1219,0-2s,COMPLETED,17,INTERFACE_DISABLED>DISCONNECTED>ASSOCIATING>DISCONNECTED>INTERFACE_DISABLED>DISCONNECTED>INTERFACE_DISABLED>DISCONNECTED>ASSOCIATING>DISCONNECTED>INTERFACE_DISABLED>DISCONNECTED>INTERFACE_DISABLED>DISCONNECTED>ASSOCIATING>ASSOCIATED>COMPLETED
322590,2979faef-b84f-47a9-a011-16d766bf6d74,after,2026-09-15 19:21:48,motorola edge 40 neo,34,TOHOKU_United_Free_Wi-Fi,d4:68:4d:c2:69:9c,5500,5GHz,-69,802.11n,TIMEOUT_AT_COMPLETED,TIMEOUT_AT_<STATE>,246,0-2s,COMPLETED,5,INTERFACE_DISABLED>DISCONNECTED>ASSOCIATING>ASSOCIATED>COMPLETED
318757,e7a28856-534c-4438-b1ae-04badb4ca541,after,2026-09-15 19:21:51,ASUS_I006D,33,SENDAI_free_Wi-Fi,d4:68:4d:c2:69:98,2462,2.4GHz,-66,802.11n,TIMEOUT_AT_ASSOCIATING,TIMEOUT_AT_<STATE>,3015,3-5s,ASSOCIATING_ONLY,3,INTERFACE_DISABLED>DISCONNECTED>ASSOCIATING
318770,e7a28856-534c-4438-b1ae-04badb4ca541,after,2026-09-15 19:21:51,ASUS_I006D,33,TOHOKU_United_Free_Wi-Fi,d4:68:4d:c0:29:bc,5500,5GHz,-79,802.11n,TIMEOUT_AT_ASSOCIATING,TIMEOUT_AT_<STATE>,3029,3-5s,ASSOCIATING_ONLY,4,DISCONNECTED>INTERFACE_DISABLED>DISCONNECTED>ASSOCIATING
318773,e7a28856-534c-4438-b1ae-04badb4ca541,after,2026-09-15 19:21:51,ASUS_I006D,33,SENDAI_free_Wi-Fi,d4:68:4d:00:29:bd,5500,5GHz,-79,802.11n,FAILED_AT_SCANNING,FAILED_AT_<STATE>,3017,3-5s,ASSOCIATING_ONLY,9,INTERFACE_DISABLED>DISCONNECTED>ASSOCIATING>DISCONNECTED>INTERFACE_DISABLED>DISCONNECTED>INTERFACE_DISABLED>DISCONNECTED>SCANNING
322660,5a0423e3-0729-408d-8018-38745f140953,after,2026-09-15 19:22:16,motorola edge 40 neo,34,TOHOKU_United_Free_Wi-Fi,d4:68:4d:c2:69:9c,5500,5GHz,-75,802.11n,TIMEOUT_AT_COMPLETED,TIMEOUT_AT_<STATE>,250,0-2s,COMPLETED,5,INTERFACE_DISABLED>DISCONNECTED>ASSOCIATING>ASSOCIATED>COMPLETED
322687,5a0423e3-0729-408d-8018-38745f140953,after,2026-09-15 19:22:16,motorola edge 40 neo,34,TOHOKU_United_Free_Wi-Fi,d4:68:4d:c0:29:bc,5500,5GHz,-87,802.11n,FAILED_AT_DISCONNECTED,FAILED_AT_<STATE>,656,0-2s,ASSOCIATING_ONLY,19,INTERFACE_DISABLED>DISCONNECTED>ASSOCIATING>DISCONNECTED>INTERFACE_DISABLED>DISCONNECTED>INTERFACE_DISABLED>DISCONNECTED>ASSOCIATING>DISCONNECTED>INTERFACE_DISABLED>DISCONNECTED>ASSOCIATING>DISCONNECTED>INTERFACE_DISABLED>DISCONNECTED>INTERFACE_DISABLED>ASSOCIATING>DISCONNECTED
318833,6d944a59-6bdc-4fa0-bd15-e941cb06d6ec,after,2026-09-16 07:54:06,ASUS_I006D,33,TOHOKU_United_Free_Wi-Fi,d4:68:4d:c0:29:bc,5500,5GHz,-80,802.11n,FAILED_AT_SCANNING,FAILED_AT_<STATE>,3015,3-5s,ASSOCIATING_ONLY,9,INTERFACE_DISABLED>DISCONNECTED>ASSOCIATING>DISCONNECTED>INTERFACE_DISABLED>DISCONNECTED>INTERFACE_DISABLED>DISCONNECTED>SCANNING
318838,6d944a59-6bdc-4fa0-bd15-e941cb06d6ec,after,2026-09-16 07:54:06,ASUS_I006D,33,SENDAI_free_Wi-Fi,d4:68:4d:00:29:bd,5500,5GHz,-80,802.11n,FAILED_AT_SCANNING,FAILED_AT_<STATE>,3022,3-5s,ASSOCIATING_ONLY,5,ASSOCIATING>DISCONNECTED>INTERFACE_DISABLED>DISCONNECTED>SCANNING
318894,0a914210-f385-4bd0-ad0e-d602a28ad5d5,after,2026-09-16 07:54:38,ASUS_I006D,33,SENDAI_free_Wi-Fi,d4:68:4d:02:69:9d,5500,5GHz,-63,802.11n,TIMEOUT_AT_COMPLETED,TIMEOUT_AT_<STATE>,486,0-2s,COMPLETED,3,ASSOCIATING>ASSOCIATED>COMPLETED
318896,0a914210-f385-4bd0-ad0e-d602a28ad5d5,after,2026-09-16 07:54:38,ASUS_I006D,33,TOHOKU_United_Free_Wi-Fi,d4:68:4d:c2:69:9c,5500,5GHz,-63,802.11n,TIMEOUT_AT_COMPLETED,TIMEOUT_AT_<STATE>,1250,0-2s,COMPLETED,5,INTERFACE_DISABLED>DISCONNECTED>ASSOCIATING>ASSOCIATED>COMPLETED
318902,0a914210-f385-4bd0-ad0e-d602a28ad5d5,after,2026-09-16 07:54:38,ASUS_I006D,33,TOHOKU_United_Free_Wi-Fi,d4:68:4d:c0:29:bc,5500,5GHz,-78,802.11n,FAILED_AT_SCANNING,FAILED_AT_<STATE>,3028,3-5s,ASSOCIATING_ONLY,7,ASSOCIATING>DISCONNECTED>INTERFACE_DISABLED>DISCONNECTED>INTERFACE_DISABLED>DISCONNECTED>SCANNING
318913,0a914210-f385-4bd0-ad0e-d602a28ad5d5,after,2026-09-16 07:54:38,ASUS_I006D,33,SENDAI_free_Wi-Fi,d4:68:4d:00:29:bd,5500,5GHz,-79,802.11n,FAILED_AT_SCANNING,FAILED_AT_<STATE>,3019,3-5s,ASSOCIATING_ONLY,7,ASSOCIATING>DISCONNECTED>INTERFACE_DISABLED>DISCONNECTED>INTERFACE_DISABLED>DISCONNECTED>SCANNING
322713,e4f60a10-7da9-4f7c-9321-3f15e8cd5b23,after,2026-09-16 07:54:46,motorola edge 40 neo,34,TOHOKU_United_Free_Wi-Fi,d4:68:4d:82:69:98,2462,2.4GHz,-63,802.11n,TIMEOUT_AT_COMPLETED,TIMEOUT_AT_<STATE>,1800,0-2s,COMPLETED,5,INTERFACE_DISABLED>DISCONNECTED>ASSOCIATING>ASSOCIATED>COMPLETED
322714,e4f60a10-7da9-4f7c-9321-3f15e8cd5b23,after,2026-09-16 07:54:46,motorola edge 40 neo,34,SENDAI_free_Wi-Fi,d4:68:4d:c2:69:98,2462,2.4GHz,-63,802.11n,TIMEOUT_AT_ASSOCIATING,TIMEOUT_AT_<STATE>,3014,3-5s,ASSOCIATING_ONLY,3,INTERFACE_DISABLED>DISCONNECTED>ASSOCIATING
322719,e4f60a10-7da9-4f7c-9321-3f15e8cd5b23,after,2026-09-16 07:54:46,motorola edge 40 neo,34,TOHOKU_United_Free_Wi-Fi,d4:68:4d:c2:69:9c,5500,5GHz,-73,802.11n,TIMEOUT_AT_COMPLETED,TIMEOUT_AT_<STATE>,370,0-2s,COMPLETED,3,ASSOCIATING>ASSOCIATED>COMPLETED
322722,e4f60a10-7da9-4f7c-9321-3f15e8cd5b23,after,2026-09-16 07:54:46,motorola edge 40 neo,34,SENDAI_free_Wi-Fi,d4:68:4d:02:69:9d,5500,5GHz,-73,802.11n,TIMEOUT_AT_COMPLETED,TIMEOUT_AT_<STATE>,289,0-2s,COMPLETED,5,INTERFACE_DISABLED>DISCONNECTED>ASSOCIATING>ASSOCIATED>COMPLETED
322733,e4f60a10-7da9-4f7c-9321-3f15e8cd5b23,after,2026-09-16 07:54:46,motorola edge 40 neo,34,SENDAI_free_Wi-Fi,d4:68:4d:00:29:bd,5500,5GHz,-85,802.11n,TIMEOUT_AT_INTERFACE_DISABLED,TIMEOUT_AT_<STATE>,791,0-2s,ASSOCIATING_ONLY,17,ASSOCIATING>DISCONNECTED>INTERFACE_DISABLED>DISCONNECTED>INTERFACE_DISABLED>DISCONNECTED>ASSOCIATING>DISCONNECTED>INTERFACE_DISABLED>DISCONNECTED>ASSOCIATING>DISCONNECTED>INTERFACE_DISABLED>DISCONNECTED>ASSOCIATING>DISCONNECTED>INTERFACE_DISABLED
322735,e4f60a10-7da9-4f7c-9321-3f15e8cd5b23,after,2026-09-16 07:54:46,motorola edge 40 neo,34,TOHOKU_United_Free_Wi-Fi,d4:68:4d:c0:29:bc,5500,5GHz,-86,802.11n,TIMEOUT_AT_ASSOCIATING,TIMEOUT_AT_<STATE>,3009,3-5s,ASSOCIATING_ONLY,3,INTERFACE_DISABLED>DISCONNECTED>ASSOCIATING
318941,534a1534-5612-45d3-94f7-22d1a8a56a01,after,2026-09-16 07:55:01,ASUS_I006D,33,TOHOKU_United_Free_Wi-Fi,d4:68:4d:82:69:98,2462,2.4GHz,-69,802.11n,TIMEOUT_AT_COMPLETED,TIMEOUT_AT_<STATE>,979,0-2s,COMPLETED,5,INTERFACE_DISABLED>DISCONNECTED>ASSOCIATING>ASSOCIATED>COMPLETED
318942,534a1534-5612-45d3-94f7-22d1a8a56a01,after,2026-09-16 07:55:01,ASUS_I006D,33,SENDAI_free_Wi-Fi,d4:68:4d:c2:69:98,2462,2.4GHz,-70,802.11n,TIMEOUT_AT_COMPLETED,TIMEOUT_AT_<STATE>,1465,0-2s,COMPLETED,6,DISCONNECTED>INTERFACE_DISABLED>DISCONNECTED>ASSOCIATING>ASSOCIATED>COMPLETED
318945,534a1534-5612-45d3-94f7-22d1a8a56a01,after,2026-09-16 07:55:01,ASUS_I006D,33,SENDAI_free_Wi-Fi,d4:68:4d:02:69:9d,5500,5GHz,-72,802.11n,TIMEOUT_AT_COMPLETED,TIMEOUT_AT_<STATE>,1057,0-2s,COMPLETED,6,DISCONNECTED>INTERFACE_DISABLED>DISCONNECTED>ASSOCIATING>ASSOCIATED>COMPLETED
318947,534a1534-5612-45d3-94f7-22d1a8a56a01,after,2026-09-16 07:55:01,ASUS_I006D,33,TOHOKU_United_Free_Wi-Fi,d4:68:4d:c2:69:9c,5500,5GHz,-72,802.11n,TIMEOUT_AT_COMPLETED,TIMEOUT_AT_<STATE>,1292,0-2s,COMPLETED,5,INTERFACE_DISABLED>DISCONNECTED>ASSOCIATING>ASSOCIATED>COMPLETED
318954,534a1534-5612-45d3-94f7-22d1a8a56a01,after,2026-09-16 07:55:01,ASUS_I006D,33,SENDAI_free_Wi-Fi,d4:68:4d:00:29:bd,5500,5GHz,-77,802.11n,FAILED_AT_SCANNING,FAILED_AT_<STATE>,3013,3-5s,ASSOCIATING_ONLY,7,INTERFACE_DISABLED>DISCONNECTED>ASSOCIATING>DISCONNECTED>INTERFACE_DISABLED>DISCONNECTED>SCANNING
318955,534a1534-5612-45d3-94f7-22d1a8a56a01,after,2026-09-16 07:55:01,ASUS_I006D,33,TOHOKU_United_Free_Wi-Fi,d4:68:4d:c0:29:bc,5500,5GHz,-78,802.11n,FAILED_AT_SCANNING,FAILED_AT_<STATE>,3021,3-5s,ASSOCIATING_ONLY,6,DISCONNECTED>ASSOCIATING>DISCONNECTED>INTERFACE_DISABLED>DISCONNECTED>SCANNING
322765,7f0dcf5a-fcca-486e-9dbf-f909a67e1e09,after,2026-09-16 07:55:06,motorola edge 40 neo,34,TOHOKU_United_Free_Wi-Fi,d4:68:4d:82:69:98,2462,2.4GHz,-65,802.11n,TIMEOUT_AT_COMPLETED,TIMEOUT_AT_<STATE>,251,0-2s,COMPLETED,5,INTERFACE_DISABLED>DISCONNECTED>ASSOCIATING>ASSOCIATED>COMPLETED
322766,7f0dcf5a-fcca-486e-9dbf-f909a67e1e09,after,2026-09-16 07:55:06,motorola edge 40 neo,34,SENDAI_free_Wi-Fi,d4:68:4d:c2:69:98,2462,2.4GHz,-65,802.11n,TIMEOUT_AT_COMPLETED,TIMEOUT_AT_<STATE>,798,0-2s,COMPLETED,5,INTERFACE_DISABLED>DISCONNECTED>ASSOCIATING>ASSOCIATED>COMPLETED
322770,7f0dcf5a-fcca-486e-9dbf-f909a67e1e09,after,2026-09-16 07:55:06,motorola edge 40 neo,34,TOHOKU_United_Free_Wi-Fi,d4:68:4d:c2:69:9c,5500,5GHz,-69,802.11n,TIMEOUT_AT_COMPLETED,TIMEOUT_AT_<STATE>,235,0-2s,COMPLETED,3,ASSOCIATING>ASSOCIATED>COMPLETED
322772,7f0dcf5a-fcca-486e-9dbf-f909a67e1e09,after,2026-09-16 07:55:06,motorola edge 40 neo,34,SENDAI_free_Wi-Fi,d4:68:4d:02:69:9d,5500,5GHz,-69,802.11n,TIMEOUT_AT_COMPLETED,TIMEOUT_AT_<STATE>,297,0-2s,COMPLETED,5,INTERFACE_DISABLED>DISCONNECTED>ASSOCIATING>ASSOCIATED>COMPLETED
318994,7c8386a9-565b-47dd-a976-cef46905fbf3,after,2026-09-16 07:55:21,ASUS_I006D,33,SENDAI_free_Wi-Fi,d4:68:4d:02:69:9d,5500,5GHz,-67,802.11n,TIMEOUT_AT_COMPLETED,TIMEOUT_AT_<STATE>,1038,0-2s,COMPLETED,5,INTERFACE_DISABLED>DISCONNECTED>ASSOCIATING>ASSOCIATED>COMPLETED
318996,7c8386a9-565b-47dd-a976-cef46905fbf3,after,2026-09-16 07:55:21,ASUS_I006D,33,TOHOKU_United_Free_Wi-Fi,d4:68:4d:c2:69:9c,5500,5GHz,-67,802.11n,TIMEOUT_AT_COMPLETED,TIMEOUT_AT_<STATE>,1505,0-2s,COMPLETED,5,INTERFACE_DISABLED>DISCONNECTED>ASSOCIATING>ASSOCIATED>COMPLETED
319000,7c8386a9-565b-47dd-a976-cef46905fbf3,after,2026-09-16 07:55:21,ASUS_I006D,33,SENDAI_free_Wi-Fi,d4:68:4d:c2:69:98,2462,2.4GHz,-70,802.11n,TIMEOUT_AT_COMPLETED,TIMEOUT_AT_<STATE>,1661,0-2s,COMPLETED,5,INTERFACE_DISABLED>DISCONNECTED>ASSOCIATING>ASSOCIATED>COMPLETED
319002,7c8386a9-565b-47dd-a976-cef46905fbf3,after,2026-09-16 07:55:21,ASUS_I006D,33,TOHOKU_United_Free_Wi-Fi,d4:68:4d:82:69:98,2462,2.4GHz,-71,802.11n,TIMEOUT_AT_COMPLETED,TIMEOUT_AT_<STATE>,1674,0-2s,COMPLETED,8,DISCONNECTED>INTERFACE_DISABLED>DISCONNECTED>INTERFACE_DISABLED>DISCONNECTED>ASSOCIATING>ASSOCIATED>COMPLETED
319005,7c8386a9-565b-47dd-a976-cef46905fbf3,after,2026-09-16 07:55:21,ASUS_I006D,33,TOHOKU_United_Free_Wi-Fi,d4:68:4d:c0:29:bc,5500,5GHz,-76,802.11n,TIMEOUT_AT_COMPLETED,TIMEOUT_AT_<STATE>,1499,0-2s,COMPLETED,8,DISCONNECTED>INTERFACE_DISABLED>DISCONNECTED>INTERFACE_DISABLED>DISCONNECTED>ASSOCIATING>ASSOCIATED>COMPLETED
319010,7c8386a9-565b-47dd-a976-cef46905fbf3,after,2026-09-16 07:55:21,ASUS_I006D,33,SENDAI_free_Wi-Fi,d4:68:4d:00:29:bd,5500,5GHz,-76,802.11n,TIMEOUT_AT_COMPLETED,TIMEOUT_AT_<STATE>,1035,0-2s,COMPLETED,5,INTERFACE_DISABLED>DISCONNECTED>ASSOCIATING>ASSOCIATED>COMPLETED
322818,4158b4d5-73f7-4137-87eb-ae3bc4c2dba1,after,2026-09-16 07:55:29,motorola edge 40 neo,34,TOHOKU_United_Free_Wi-Fi,d4:68:4d:82:69:98,2462,2.4GHz,-63,802.11n,TIMEOUT_AT_COMPLETED,TIMEOUT_AT_<STATE>,242,0-2s,COMPLETED,5,INTERFACE_DISABLED>DISCONNECTED>ASSOCIATING>ASSOCIATED>COMPLETED
322821,4158b4d5-73f7-4137-87eb-ae3bc4c2dba1,after,2026-09-16 07:55:29,motorola edge 40 neo,34,SENDAI_free_Wi-Fi,d4:68:4d:c2:69:98,2462,2.4GHz,-65,802.11n,TIMEOUT_AT_COMPLETED,TIMEOUT_AT_<STATE>,322,0-2s,COMPLETED,3,ASSOCIATING>ASSOCIATED>COMPLETED
322824,4158b4d5-73f7-4137-87eb-ae3bc4c2dba1,after,2026-09-16 07:55:29,motorola edge 40 neo,34,TOHOKU_United_Free_Wi-Fi,d4:68:4d:c2:69:9c,5500,5GHz,-67,802.11n,TIMEOUT_AT_COMPLETED,TIMEOUT_AT_<STATE>,255,0-2s,COMPLETED,5,INTERFACE_DISABLED>DISCONNECTED>ASSOCIATING>ASSOCIATED>COMPLETED
322827,4158b4d5-73f7-4137-87eb-ae3bc4c2dba1,after,2026-09-16 07:55:29,motorola edge 40 neo,34,SENDAI_free_Wi-Fi,d4:68:4d:02:69:9d,5500,5GHz,-67,802.11n,TIMEOUT_AT_COMPLETED,TIMEOUT_AT_<STATE>,279,0-2s,COMPLETED,5,INTERFACE_DISABLED>DISCONNECTED>ASSOCIATING>ASSOCIATED>COMPLETED
322836,4158b4d5-73f7-4137-87eb-ae3bc4c2dba1,after,2026-09-16 07:55:29,motorola edge 40 neo,34,TOHOKU_United_Free_Wi-Fi,d4:68:4d:80:29:b8,2412,2.4GHz,-72,802.11n,FAILED_AT_DISCONNECTED,FAILED_AT_<STATE>,1521,0-2s,ASSOCIATING_ONLY,20,INTERFACE_DISABLED>DISCONNECTED>ASSOCIATING>DISCONNECTED>INTERFACE_DISABLED>DISCONNECTED>INTERFACE_DISABLED>DISCONNECTED>ASSOCIATING>DISCONNECTED>INTERFACE_DISABLED>DISCONNECTED>ASSOCIATING>DISCONNECTED>INTERFACE_DISABLED>DISCONNECTED>INTERFACE_DISABLED>DISCONNECTED>ASSOCIATING>DISCONNECTED
319064,0e80f53f-26cf-4c4f-b521-5404f62e8fe7,after,2026-09-16 07:55:43,ASUS_I006D,33,TOHOKU_United_Free_Wi-Fi,d4:68:4d:c0:29:bc,5500,5GHz,-73,802.11n,TIMEOUT_AT_COMPLETED,TIMEOUT_AT_<STATE>,1082,0-2s,COMPLETED,5,INTERFACE_DISABLED>DISCONNECTED>ASSOCIATING>ASSOCIATED>COMPLETED
319066,0e80f53f-26cf-4c4f-b521-5404f62e8fe7,after,2026-09-16 07:55:43,ASUS_I006D,33,SENDAI_free_Wi-Fi,d4:68:4d:02:69:9d,5500,5GHz,-73,802.11n,TIMEOUT_AT_ASSOCIATING,TIMEOUT_AT_<STATE>,3022,3-5s,ASSOCIATING_ONLY,3,INTERFACE_DISABLED>DISCONNECTED>ASSOCIATING
319068,0e80f53f-26cf-4c4f-b521-5404f62e8fe7,after,2026-09-16 07:55:43,ASUS_I006D,33,TOHOKU_United_Free_Wi-Fi,d4:68:4d:c2:69:9c,5500,5GHz,-73,802.11n,TIMEOUT_AT_ASSOCIATING,TIMEOUT_AT_<STATE>,3018,3-5s,ASSOCIATING_ONLY,3,INTERFACE_DISABLED>DISCONNECTED>ASSOCIATING
319071,0e80f53f-26cf-4c4f-b521-5404f62e8fe7,after,2026-09-16 07:55:43,ASUS_I006D,33,SENDAI_free_Wi-Fi,d4:68:4d:00:29:bd,5500,5GHz,-73,802.11n,TIMEOUT_AT_COMPLETED,TIMEOUT_AT_<STATE>,2509,0-2s,COMPLETED,8,DISCONNECTED>INTERFACE_DISABLED>DISCONNECTED>INTERFACE_DISABLED>DISCONNECTED>ASSOCIATING>ASSOCIATED>COMPLETED
322880,bba8ca71-7b69-413e-85da-a9d337b44ddc,after,2026-09-16 07:55:52,motorola edge 40 neo,34,SENDAI_free_Wi-Fi,d4:68:4d:c2:69:98,2462,2.4GHz,-71,802.11n,TIMEOUT_AT_COMPLETED,TIMEOUT_AT_<STATE>,596,0-2s,COMPLETED,5,INTERFACE_DISABLED>DISCONNECTED>ASSOCIATING>ASSOCIATED>COMPLETED
322882,bba8ca71-7b69-413e-85da-a9d337b44ddc,after,2026-09-16 07:55:52,motorola edge 40 neo,34,TOHOKU_United_Free_Wi-Fi,d4:68:4d:c2:69:9c,5500,5GHz,-72,802.11n,TIMEOUT_AT_COMPLETED,TIMEOUT_AT_<STATE>,756,0-2s,COMPLETED,5,INTERFACE_DISABLED>DISCONNECTED>ASSOCIATING>ASSOCIATED>COMPLETED
322883,bba8ca71-7b69-413e-85da-a9d337b44ddc,after,2026-09-16 07:55:52,motorola edge 40 neo,34,TOHOKU_United_Free_Wi-Fi,d4:68:4d:82:69:98,2462,2.4GHz,-72,802.11n,TIMEOUT_AT_COMPLETED,TIMEOUT_AT_<STATE>,607,0-2s,COMPLETED,5,INTERFACE_DISABLED>DISCONNECTED>ASSOCIATING>ASSOCIATED>COMPLETED
322887,bba8ca71-7b69-413e-85da-a9d337b44ddc,after,2026-09-16 07:55:52,motorola edge 40 neo,34,SENDAI_free_Wi-Fi,d4:68:4d:02:69:9d,5500,5GHz,-72,802.11n,TIMEOUT_AT_COMPLETED,TIMEOUT_AT_<STATE>,450,0-2s,COMPLETED,5,INTERFACE_DISABLED>DISCONNECTED>ASSOCIATING>ASSOCIATED>COMPLETED
322892,bba8ca71-7b69-413e-85da-a9d337b44ddc,after,2026-09-16 07:55:52,motorola edge 40 neo,34,TOHOKU_United_Free_Wi-Fi,d4:68:4d:c0:29:bc,5500,5GHz,-76,802.11n,FAILED_AT_DISCONNECTED,FAILED_AT_<STATE>,796,0-2s,ASSOCIATING_ONLY,22,INTERFACE_DISABLED>DISCONNECTED>ASSOCIATING>DISCONNECTED>INTERFACE_DISABLED>DISCONNECTED>INTERFACE_DISABLED>DISCONNECTED>ASSOCIATING>DISCONNECTED>INTERFACE_DISABLED>DISCONNECTED>INTERFACE_DISABLED>DISCONNECTED>ASSOCIATING>DISCONNECTED>INTERFACE_DISABLED>DISCONNECTED>INTERFACE_DISABLED>DISCONNECTED>ASSOCIATING>DISCONNECTED
322897,bba8ca71-7b69-413e-85da-a9d337b44ddc,after,2026-09-16 07:55:52,motorola edge 40 neo,34,SENDAI_free_Wi-Fi,d4:68:4d:00:29:bd,5500,5GHz,-77,802.11n,FAILED_AT_DISCONNECTED,FAILED_AT_<STATE>,833,0-2s,ASSOCIATING_ONLY,20,INTERFACE_DISABLED>DISCONNECTED>ASSOCIATING>DISCONNECTED>INTERFACE_DISABLED>DISCONNECTED>INTERFACE_DISABLED>DISCONNECTED>ASSOCIATING>DISCONNECTED>INTERFACE_DISABLED>DISCONNECTED>ASSOCIATING>DISCONNECTED>INTERFACE_DISABLED>DISCONNECTED>INTERFACE_DISABLED>DISCONNECTED>ASSOCIATING>DISCONNECTED
319125,17ca544f-3621-4de0-9ade-4ae5096f2d75,after,2026-09-16 07:56:15,ASUS_I006D,33,SENDAI_free_Wi-Fi,d4:68:4d:02:69:9d,5500,5GHz,-60,802.11n,TIMEOUT_AT_COMPLETED,TIMEOUT_AT_<STATE>,840,0-2s,COMPLETED,3,ASSOCIATING>ASSOCIATED>COMPLETED
319127,17ca544f-3621-4de0-9ade-4ae5096f2d75,after,2026-09-16 07:56:15,ASUS_I006D,33,TOHOKU_United_Free_Wi-Fi,d4:68:4d:c2:69:9c,5500,5GHz,-60,802.11n,TIMEOUT_AT_COMPLETED,TIMEOUT_AT_<STATE>,1165,0-2s,COMPLETED,5,INTERFACE_DISABLED>DISCONNECTED>ASSOCIATING>ASSOCIATED>COMPLETED
319131,17ca544f-3621-4de0-9ade-4ae5096f2d75,after,2026-09-16 07:56:15,ASUS_I006D,33,TOHOKU_United_Free_Wi-Fi,d4:68:4d:c0:29:bc,5500,5GHz,-65,802.11n,TIMEOUT_AT_COMPLETED,TIMEOUT_AT_<STATE>,1256,0-2s,COMPLETED,5,INTERFACE_DISABLED>DISCONNECTED>ASSOCIATING>ASSOCIATED>COMPLETED
319132,17ca544f-3621-4de0-9ade-4ae5096f2d75,after,2026-09-16 07:56:15,ASUS_I006D,33,SENDAI_free_Wi-Fi,d4:68:4d:00:29:bd,5500,5GHz,-65,802.11n,TIMEOUT_AT_COMPLETED,TIMEOUT_AT_<STATE>,1194,0-2s,COMPLETED,5,INTERFACE_DISABLED>DISCONNECTED>ASSOCIATING>ASSOCIATED>COMPLETED
319133,17ca544f-3621-4de0-9ade-4ae5096f2d75,after,2026-09-16 07:56:15,ASUS_I006D,33,SENDAI_free_Wi-Fi,d4:68:4d:c2:69:98,2462,2.4GHz,-68,802.11n,FAILED_AT_DISCONNECTED,FAILED_AT_<STATE>,3013,3-5s,ASSOCIATING_ONLY,6,INTERFACE_DISABLED>DISCONNECTED>ASSOCIATING>DISCONNECTED>INTERFACE_DISABLED>DISCONNECTED
319135,17ca544f-3621-4de0-9ade-4ae5096f2d75,after,2026-09-16 07:56:15,ASUS_I006D,33,TOHOKU_United_Free_Wi-Fi,d4:68:4d:82:69:98,2462,2.4GHz,-69,802.11n,TIMEOUT_AT_COMPLETED,TIMEOUT_AT_<STATE>,1224,0-2s,COMPLETED,5,SCANNING>DISCONNECTED>ASSOCIATING>ASSOCIATED>COMPLETED
319139,17ca544f-3621-4de0-9ade-4ae5096f2d75,after,2026-09-16 07:56:15,ASUS_I006D,33,TOHOKU_United_Free_Wi-Fi,d4:68:4d:80:29:b8,2412,2.4GHz,-71,802.11n,FAILED_AT_SCANNING,FAILED_AT_<STATE>,3014,3-5s,ASSOCIATING_ONLY,6,DISCONNECTED>INTERFACE_DISABLED>DISCONNECTED>ASSOCIATING>DISCONNECTED>SCANNING
319143,17ca544f-3621-4de0-9ade-4ae5096f2d75,after,2026-09-16 07:56:15,ASUS_I006D,33,SENDAI_free_Wi-Fi,d4:68:4d:c0:29:b8,2412,2.4GHz,-72,802.11n,TIMEOUT_AT_COMPLETED,TIMEOUT_AT_<STATE>,1326,0-2s,COMPLETED,3,ASSOCIATING>ASSOCIATED>COMPLETED
322940,81999434-9dfa-4c26-83d0-0539c5fcc0ed,after,2026-09-16 07:56:15,motorola edge 40 neo,34,TOHOKU_United_Free_Wi-Fi,d4:68:4d:c2:69:9c,5500,5GHz,-67,802.11n,TIMEOUT_AT_COMPLETED,TIMEOUT_AT_<STATE>,2231,0-2s,COMPLETED,5,INTERFACE_DISABLED>DISCONNECTED>ASSOCIATING>ASSOCIATED>COMPLETED
322942,81999434-9dfa-4c26-83d0-0539c5fcc0ed,after,2026-09-16 07:56:15,motorola edge 40 neo,34,SENDAI_free_Wi-Fi,d4:68:4d:02:69:9d,5500,5GHz,-67,802.11n,TIMEOUT_AT_COMPLETED,TIMEOUT_AT_<STATE>,278,0-2s,COMPLETED,5,INTERFACE_DISABLED>DISCONNECTED>ASSOCIATING>ASSOCIATED>COMPLETED
322945,81999434-9dfa-4c26-83d0-0539c5fcc0ed,after,2026-09-16 07:56:15,motorola edge 40 neo,34,TOHOKU_United_Free_Wi-Fi,d4:68:4d:80:29:b8,2412,2.4GHz,-71,802.11n,TIMEOUT_AT_COMPLETED,TIMEOUT_AT_<STATE>,1307,0-2s,COMPLETED,17,INTERFACE_DISABLED>DISCONNECTED>ASSOCIATING>DISCONNECTED>INTERFACE_DISABLED>DISCONNECTED>INTERFACE_DISABLED>DISCONNECTED>ASSOCIATING>DISCONNECTED>INTERFACE_DISABLED>DISCONNECTED>INTERFACE_DISABLED>DISCONNECTED>ASSOCIATING>ASSOCIATED>COMPLETED
322955,81999434-9dfa-4c26-83d0-0539c5fcc0ed,after,2026-09-16 07:56:15,motorola edge 40 neo,34,TOHOKU_United_Free_Wi-Fi,d4:68:4d:c0:29:bc,5500,5GHz,-78,802.11n,TIMEOUT_AT_COMPLETED,TIMEOUT_AT_<STATE>,1722,0-2s,COMPLETED,3,ASSOCIATING>ASSOCIATED>COMPLETED
322956,81999434-9dfa-4c26-83d0-0539c5fcc0ed,after,2026-09-16 07:56:15,motorola edge 40 neo,34,SENDAI_free_Wi-Fi,d4:68:4d:00:29:bd,5500,5GHz,-78,802.11n,TIMEOUT_AT_COMPLETED,TIMEOUT_AT_<STATE>,295,0-2s,COMPLETED,5,INTERFACE_DISABLED>DISCONNECTED>ASSOCIATING>ASSOCIATED>COMPLETED
322994,db174c69-f740-4fc2-9d40-ce7f1923ee6b,after,2026-09-16 07:56:42,motorola edge 40 neo,34,TOHOKU_United_Free_Wi-Fi,d4:68:4d:80:29:b8,2412,2.4GHz,-61,802.11n,TIMEOUT_AT_COMPLETED,TIMEOUT_AT_<STATE>,241,0-2s,COMPLETED,5,INTERFACE_DISABLED>DISCONNECTED>ASSOCIATING>ASSOCIATED>COMPLETED
322997,db174c69-f740-4fc2-9d40-ce7f1923ee6b,after,2026-09-16 07:56:42,motorola edge 40 neo,34,TOHOKU_United_Free_Wi-Fi,d4:68:4d:82:69:98,2462,2.4GHz,-63,802.11n,TIMEOUT_AT_COMPLETED,TIMEOUT_AT_<STATE>,318,0-2s,COMPLETED,5,INTERFACE_DISABLED>DISCONNECTED>ASSOCIATING>ASSOCIATED>COMPLETED
322999,db174c69-f740-4fc2-9d40-ce7f1923ee6b,after,2026-09-16 07:56:42,motorola edge 40 neo,34,SENDAI_free_Wi-Fi,d4:68:4d:c0:29:b8,2412,2.4GHz,-63,802.11n,TIMEOUT_AT_COMPLETED,TIMEOUT_AT_<STATE>,329,0-2s,COMPLETED,5,INTERFACE_DISABLED>DISCONNECTED>ASSOCIATING>ASSOCIATED>COMPLETED
323000,db174c69-f740-4fc2-9d40-ce7f1923ee6b,after,2026-09-16 07:56:42,motorola edge 40 neo,34,SENDAI_free_Wi-Fi,d4:68:4d:c2:69:98,2462,2.4GHz,-63,802.11n,TIMEOUT_AT_COMPLETED,TIMEOUT_AT_<STATE>,334,0-2s,COMPLETED,5,INTERFACE_DISABLED>DISCONNECTED>ASSOCIATING>ASSOCIATED>COMPLETED
323005,db174c69-f740-4fc2-9d40-ce7f1923ee6b,after,2026-09-16 07:56:42,motorola edge 40 neo,34,TOHOKU_United_Free_Wi-Fi,d4:68:4d:c2:69:9c,5500,5GHz,-67,802.11n,TIMEOUT_AT_COMPLETED,TIMEOUT_AT_<STATE>,285,0-2s,COMPLETED,5,INTERFACE_DISABLED>DISCONNECTED>ASSOCIATING>ASSOCIATED>COMPLETED
323011,db174c69-f740-4fc2-9d40-ce7f1923ee6b,after,2026-09-16 07:56:42,motorola edge 40 neo,34,SENDAI_free_Wi-Fi,d4:68:4d:02:69:9d,5500,5GHz,-67,802.11n,TIMEOUT_AT_COMPLETED,TIMEOUT_AT_<STATE>,295,0-2s,COMPLETED,5,INTERFACE_DISABLED>DISCONNECTED>ASSOCIATING>ASSOCIATED>COMPLETED
323013,db174c69-f740-4fc2-9d40-ce7f1923ee6b,after,2026-09-16 07:56:42,motorola edge 40 neo,34,TOHOKU_United_Free_Wi-Fi,d4:68:4d:c0:29:bc,5500,5GHz,-68,802.11n,TIMEOUT_AT_COMPLETED,TIMEOUT_AT_<STATE>,269,0-2s,COMPLETED,5,INTERFACE_DISABLED>DISCONNECTED>ASSOCIATING>ASSOCIATED>COMPLETED
323016,db174c69-f740-4fc2-9d40-ce7f1923ee6b,after,2026-09-16 07:56:42,motorola edge 40 neo,34,SENDAI_free_Wi-Fi,d4:68:4d:00:29:bd,5500,5GHz,-68,802.11n,TIMEOUT_AT_COMPLETED,TIMEOUT_AT_<STATE>,1719,0-2s,COMPLETED,5,INTERFACE_DISABLED>DISCONNECTED>ASSOCIATING>ASSOCIATED>COMPLETED
319219,99a76b6c-9e3f-4152-b423-7b25e0c6133d,after,2026-09-16 07:56:46,ASUS_I006D,33,SENDAI_free_Wi-Fi,d4:68:4d:02:69:9d,5500,5GHz,-66,802.11n,TIMEOUT_AT_COMPLETED,TIMEOUT_AT_<STATE>,752,0-2s,COMPLETED,3,ASSOCIATING>ASSOCIATED>COMPLETED
319220,99a76b6c-9e3f-4152-b423-7b25e0c6133d,after,2026-09-16 07:56:46,ASUS_I006D,33,TOHOKU_United_Free_Wi-Fi,d4:68:4d:c0:29:bc,5500,5GHz,-67,802.11n,TIMEOUT_AT_COMPLETED,TIMEOUT_AT_<STATE>,1404,0-2s,COMPLETED,3,ASSOCIATING>ASSOCIATED>COMPLETED
319225,99a76b6c-9e3f-4152-b423-7b25e0c6133d,after,2026-09-16 07:56:46,ASUS_I006D,33,TOHOKU_United_Free_Wi-Fi,d4:68:4d:c2:69:9c,5500,5GHz,-67,802.11n,TIMEOUT_AT_COMPLETED,TIMEOUT_AT_<STATE>,1524,0-2s,COMPLETED,5,INTERFACE_DISABLED>DISCONNECTED>ASSOCIATING>ASSOCIATED>COMPLETED
319228,99a76b6c-9e3f-4152-b423-7b25e0c6133d,after,2026-09-16 07:56:46,ASUS_I006D,33,SENDAI_free_Wi-Fi,d4:68:4d:00:29:bd,5500,5GHz,-67,802.11n,TIMEOUT_AT_COMPLETED,TIMEOUT_AT_<STATE>,1274,0-2s,COMPLETED,5,INTERFACE_DISABLED>DISCONNECTED>ASSOCIATING>ASSOCIATED>COMPLETED
319229,99a76b6c-9e3f-4152-b423-7b25e0c6133d,after,2026-09-16 07:56:46,ASUS_I006D,33,TOHOKU_United_Free_Wi-Fi,d4:68:4d:80:29:b8,2412,2.4GHz,-68,802.11n,TIMEOUT_AT_ASSOCIATING,TIMEOUT_AT_<STATE>,3012,3-5s,ASSOCIATING_ONLY,3,INTERFACE_DISABLED>DISCONNECTED>ASSOCIATING
319231,99a76b6c-9e3f-4152-b423-7b25e0c6133d,after,2026-09-16 07:56:46,ASUS_I006D,33,SENDAI_free_Wi-Fi,d4:68:4d:c0:29:b8,2412,2.4GHz,-70,802.11n,TIMEOUT_AT_COMPLETED,TIMEOUT_AT_<STATE>,1845,0-2s,COMPLETED,6,DISCONNECTED>INTERFACE_DISABLED>DISCONNECTED>ASSOCIATING>ASSOCIATED>COMPLETED
319234,99a76b6c-9e3f-4152-b423-7b25e0c6133d,after,2026-09-16 07:56:46,ASUS_I006D,33,SENDAI_free_Wi-Fi,d4:68:4d:c2:69:98,2462,2.4GHz,-72,802.11n,FAILED_AT_SCANNING,FAILED_AT_<STATE>,3014,3-5s,ASSOCIATING_ONLY,10,DISCONNECTED>INTERFACE_DISABLED>DISCONNECTED>ASSOCIATING>DISCONNECTED>INTERFACE_DISABLED>DISCONNECTED>INTERFACE_DISABLED>DISCONNECTED>SCANNING
319237,99a76b6c-9e3f-4152-b423-7b25e0c6133d,after,2026-09-16 07:56:46,ASUS_I006D,33,TOHOKU_United_Free_Wi-Fi,d4:68:4d:82:69:98,2462,2.4GHz,-72,802.11n,TIMEOUT_AT_ASSOCIATING,TIMEOUT_AT_<STATE>,3017,3-5s,ASSOCIATING_ONLY,2,DISCONNECTED>ASSOCIATING
323084,7484d9df-a04f-4ab3-983e-4f2cc87a8fc0,after,2026-09-16 07:57:10,motorola edge 40 neo,34,TOHOKU_United_Free_Wi-Fi,d4:68:4d:c0:29:bc,5500,5GHz,-64,802.11n,TIMEOUT_AT_COMPLETED,TIMEOUT_AT_<STATE>,229,0-2s,COMPLETED,5,INTERFACE_DISABLED>DISCONNECTED>ASSOCIATING>ASSOCIATED>COMPLETED
323087,7484d9df-a04f-4ab3-983e-4f2cc87a8fc0,after,2026-09-16 07:57:10,motorola edge 40 neo,34,SENDAI_free_Wi-Fi,d4:68:4d:00:29:bd,5500,5GHz,-64,802.11n,TIMEOUT_AT_COMPLETED,TIMEOUT_AT_<STATE>,267,0-2s,COMPLETED,5,INTERFACE_DISABLED>DISCONNECTED>ASSOCIATING>ASSOCIATED>COMPLETED
323091,7484d9df-a04f-4ab3-983e-4f2cc87a8fc0,after,2026-09-16 07:57:10,motorola edge 40 neo,34,SENDAI_free_Wi-Fi,d4:68:4d:c0:29:b8,2412,2.4GHz,-65,802.11n,TIMEOUT_AT_COMPLETED,TIMEOUT_AT_<STATE>,287,0-2s,COMPLETED,5,INTERFACE_DISABLED>DISCONNECTED>ASSOCIATING>ASSOCIATED>COMPLETED
323093,7484d9df-a04f-4ab3-983e-4f2cc87a8fc0,after,2026-09-16 07:57:10,motorola edge 40 neo,34,TOHOKU_United_Free_Wi-Fi,d4:68:4d:80:29:b8,2412,2.4GHz,-66,802.11n,TIMEOUT_AT_COMPLETED,TIMEOUT_AT_<STATE>,333,0-2s,COMPLETED,5,INTERFACE_DISABLED>DISCONNECTED>ASSOCIATING>ASSOCIATED>COMPLETED
323101,7484d9df-a04f-4ab3-983e-4f2cc87a8fc0,after,2026-09-16 07:57:10,motorola edge 40 neo,34,SENDAI_free_Wi-Fi,d4:68:4d:02:69:9d,5500,5GHz,-68,802.11n,TIMEOUT_AT_COMPLETED,TIMEOUT_AT_<STATE>,1866,0-2s,COMPLETED,5,INTERFACE_DISABLED>DISCONNECTED>ASSOCIATING>ASSOCIATED>COMPLETED
323103,7484d9df-a04f-4ab3-983e-4f2cc87a8fc0,after,2026-09-16 07:57:10,motorola edge 40 neo,34,TOHOKU_United_Free_Wi-Fi,d4:68:4d:c2:69:9c,5500,5GHz,-68,802.11n,TIMEOUT_AT_COMPLETED,TIMEOUT_AT_<STATE>,1820,0-2s,COMPLETED,5,INTERFACE_DISABLED>DISCONNECTED>ASSOCIATING>ASSOCIATED>COMPLETED
319300,05e4e4c2-ec27-4352-909e-0136d3d69949,after,2026-09-16 07:57:23,ASUS_I006D,33,TOHOKU_United_Free_Wi-Fi,d4:68:4d:c0:29:bc,5500,5GHz,-62,802.11n,TIMEOUT_AT_COMPLETED,TIMEOUT_AT_<STATE>,1031,0-2s,COMPLETED,5,INTERFACE_DISABLED>DISCONNECTED>ASSOCIATING>ASSOCIATED>COMPLETED
319304,05e4e4c2-ec27-4352-909e-0136d3d69949,after,2026-09-16 07:57:23,ASUS_I006D,33,SENDAI_free_Wi-Fi,d4:68:4d:00:29:bd,5500,5GHz,-62,802.11n,TIMEOUT_AT_COMPLETED,TIMEOUT_AT_<STATE>,1263,0-2s,COMPLETED,5,INTERFACE_DISABLED>DISCONNECTED>ASSOCIATING>ASSOCIATED>COMPLETED
319308,05e4e4c2-ec27-4352-909e-0136d3d69949,after,2026-09-16 07:57:23,ASUS_I006D,33,SENDAI_free_Wi-Fi,d4:68:4d:c2:69:98,2462,2.4GHz,-69,802.11n,TIMEOUT_AT_ASSOCIATING,TIMEOUT_AT_<STATE>,3025,3-5s,ASSOCIATING_ONLY,3,INTERFACE_DISABLED>DISCONNECTED>ASSOCIATING
319313,05e4e4c2-ec27-4352-909e-0136d3d69949,after,2026-09-16 07:57:23,ASUS_I006D,33,SENDAI_free_Wi-Fi,d4:68:4d:02:69:9d,5500,5GHz,-70,802.11n,TIMEOUT_AT_COMPLETED,TIMEOUT_AT_<STATE>,2226,0-2s,COMPLETED,6,DISCONNECTED>INTERFACE_DISABLED>DISCONNECTED>ASSOCIATING>ASSOCIATED>COMPLETED
319315,05e4e4c2-ec27-4352-909e-0136d3d69949,after,2026-09-16 07:57:23,ASUS_I006D,33,TOHOKU_United_Free_Wi-Fi,d4:68:4d:c2:69:9c,5500,5GHz,-70,802.11n,TIMEOUT_AT_COMPLETED,TIMEOUT_AT_<STATE>,1306,0-2s,COMPLETED,3,ASSOCIATING>ASSOCIATED>COMPLETED
319316,05e4e4c2-ec27-4352-909e-0136d3d69949,after,2026-09-16 07:57:23,ASUS_I006D,33,SENDAI_free_Wi-Fi,d4:68:4d:c0:29:b8,2412,2.4GHz,-70,802.11n,FAILED_AT_SCANNING,FAILED_AT_<STATE>,3017,3-5s,ASSOCIATING_ONLY,7,INTERFACE_DISABLED>DISCONNECTED>ASSOCIATING>DISCONNECTED>INTERFACE_DISABLED>DISCONNECTED>SCANNING
319320,05e4e4c2-ec27-4352-909e-0136d3d69949,after,2026-09-16 07:57:23,ASUS_I006D,33,TOHOKU_United_Free_Wi-Fi,d4:68:4d:82:69:98,2462,2.4GHz,-75,802.11n,TIMEOUT_AT_ASSOCIATING,TIMEOUT_AT_<STATE>,3019,3-5s,ASSOCIATING_ONLY,1,ASSOCIATING
319336,05e4e4c2-ec27-4352-909e-0136d3d69949,after,2026-09-16 07:57:23,ASUS_I006D,33,TOHOKU_United_Free_Wi-Fi,60:d0:2c:73:3a:cd,5500,5GHz,-80,802.11ac,FAILED_AT_DISCONNECTED,FAILED_AT_<STATE>,3012,3-5s,NONE,2,INTERFACE_DISABLED>DISCONNECTED
323184,59b85f29-eb54-4bfe-ba32-f9e4ec306ea1,after,2026-09-16 07:57:49,motorola edge 40 neo,34,TOHOKU_United_Free_Wi-Fi,d4:68:4d:80:29:b8,2412,2.4GHz,-64,802.11n,TIMEOUT_AT_COMPLETED,TIMEOUT_AT_<STATE>,227,0-2s,COMPLETED,5,INTERFACE_DISABLED>DISCONNECTED>ASSOCIATING>ASSOCIATED>COMPLETED
323185,59b85f29-eb54-4bfe-ba32-f9e4ec306ea1,after,2026-09-16 07:57:49,motorola edge 40 neo,34,SENDAI_free_Wi-Fi,d4:68:4d:c0:29:b8,2412,2.4GHz,-64,802.11n,TIMEOUT_AT_COMPLETED,TIMEOUT_AT_<STATE>,299,0-2s,COMPLETED,5,INTERFACE_DISABLED>DISCONNECTED>ASSOCIATING>ASSOCIATED>COMPLETED
323188,59b85f29-eb54-4bfe-ba32-f9e4ec306ea1,after,2026-09-16 07:57:49,motorola edge 40 neo,34,TOHOKU_United_Free_Wi-Fi,d4:68:4d:c2:69:9c,5500,5GHz,-67,802.11n,TIMEOUT_AT_COMPLETED,TIMEOUT_AT_<STATE>,257,0-2s,COMPLETED,5,INTERFACE_DISABLED>DISCONNECTED>ASSOCIATING>ASSOCIATED>COMPLETED
323190,59b85f29-eb54-4bfe-ba32-f9e4ec306ea1,after,2026-09-16 07:57:49,motorola edge 40 neo,34,TOHOKU_United_Free_Wi-Fi,d4:68:4d:82:69:98,2462,2.4GHz,-67,802.11n,TIMEOUT_AT_COMPLETED,TIMEOUT_AT_<STATE>,2178,0-2s,COMPLETED,5,INTERFACE_DISABLED>DISCONNECTED>ASSOCIATING>ASSOCIATED>COMPLETED
323191,59b85f29-eb54-4bfe-ba32-f9e4ec306ea1,after,2026-09-16 07:57:49,motorola edge 40 neo,34,SENDAI_free_Wi-Fi,d4:68:4d:c2:69:98,2462,2.4GHz,-67,802.11n,TIMEOUT_AT_COMPLETED,TIMEOUT_AT_<STATE>,345,0-2s,COMPLETED,5,INTERFACE_DISABLED>DISCONNECTED>ASSOCIATING>ASSOCIATED>COMPLETED
323198,59b85f29-eb54-4bfe-ba32-f9e4ec306ea1,after,2026-09-16 07:57:49,motorola edge 40 neo,34,SENDAI_free_Wi-Fi,d4:68:4d:02:69:9d,5500,5GHz,-68,802.11n,FAILED_AT_DISCONNECTED,FAILED_AT_<STATE>,751,0-2s,ASSOCIATING_ONLY,22,INTERFACE_DISABLED>DISCONNECTED>ASSOCIATING>DISCONNECTED>INTERFACE_DISABLED>DISCONNECTED>INTERFACE_DISABLED>DISCONNECTED>ASSOCIATING>DISCONNECTED>INTERFACE_DISABLED>DISCONNECTED>INTERFACE_DISABLED>DISCONNECTED>ASSOCIATING>DISCONNECTED>INTERFACE_DISABLED>DISCONNECTED>INTERFACE_DISABLED>DISCONNECTED>ASSOCIATING>DISCONNECTED
323200,59b85f29-eb54-4bfe-ba32-f9e4ec306ea1,after,2026-09-16 07:57:49,motorola edge 40 neo,34,TOHOKU_United_Free_Wi-Fi,d4:68:4d:c0:29:bc,5500,5GHz,-69,802.11n,TIMEOUT_AT_COMPLETED,TIMEOUT_AT_<STATE>,265,0-2s,COMPLETED,5,INTERFACE_DISABLED>DISCONNECTED>ASSOCIATING>ASSOCIATED>COMPLETED
323202,59b85f29-eb54-4bfe-ba32-f9e4ec306ea1,after,2026-09-16 07:57:49,motorola edge 40 neo,34,SENDAI_free_Wi-Fi,d4:68:4d:00:29:bd,5500,5GHz,-69,802.11n,TIMEOUT_AT_COMPLETED,TIMEOUT_AT_<STATE>,1858,0-2s,COMPLETED,5,INTERFACE_DISABLED>DISCONNECTED>ASSOCIATING>ASSOCIATED>COMPLETED
323223,59b85f29-eb54-4bfe-ba32-f9e4ec306ea1,after,2026-09-16 07:57:49,motorola edge 40 neo,34,TOHOKU_United_Free_Wi-Fi,60:d0:2c:73:3a:cd,5500,5GHz,-83,802.11ac,TIMEOUT_AT_COMPLETED,TIMEOUT_AT_<STATE>,2966,0-2s,COMPLETED,5,INTERFACE_DISABLED>DISCONNECTED>ASSOCIATING>ASSOCIATED>COMPLETED
319391,824430d8-3ae3-4d85-9613-8d0d2525191d,after,2026-09-16 07:57:54,ASUS_I006D,33,TOHOKU_United_Free_Wi-Fi,d4:68:4d:c0:29:bc,5500,5GHz,-63,802.11n,TIMEOUT_AT_COMPLETED,TIMEOUT_AT_<STATE>,515,0-2s,COMPLETED,3,ASSOCIATING>ASSOCIATED>COMPLETED
319395,824430d8-3ae3-4d85-9613-8d0d2525191d,after,2026-09-16 07:57:54,ASUS_I006D,33,SENDAI_free_Wi-Fi,d4:68:4d:00:29:bd,5500,5GHz,-63,802.11n,TIMEOUT_AT_COMPLETED,TIMEOUT_AT_<STATE>,1307,0-2s,COMPLETED,3,ASSOCIATING>ASSOCIATED>COMPLETED
319411,824430d8-3ae3-4d85-9613-8d0d2525191d,after,2026-09-16 07:57:54,ASUS_I006D,33,SENDAI_free_Wi-Fi,d4:68:4d:02:69:9d,5500,5GHz,-73,802.11n,TIMEOUT_AT_ASSOCIATING,TIMEOUT_AT_<STATE>,3021,3-5s,ASSOCIATING_ONLY,3,INTERFACE_DISABLED>DISCONNECTED>ASSOCIATING
319412,824430d8-3ae3-4d85-9613-8d0d2525191d,after,2026-09-16 07:57:54,ASUS_I006D,33,TOHOKU_United_Free_Wi-Fi,d4:68:4d:c2:69:9c,5500,5GHz,-73,802.11n,TIMEOUT_AT_ASSOCIATING,TIMEOUT_AT_<STATE>,3031,3-5s,ASSOCIATING_ONLY,6,DISCONNECTED>INTERFACE_DISABLED>DISCONNECTED>INTERFACE_DISABLED>DISCONNECTED>ASSOCIATING
319455,824430d8-3ae3-4d85-9613-8d0d2525191d,after,2026-09-16 07:57:54,ASUS_I006D,33,TOHOKU_United_Free_Wi-Fi,60:d0:2c:73:3a:cd,5500,5GHz,-86,802.11ac,FAILED_AT_SCANNING,FAILED_AT_<STATE>,3018,3-5s,ASSOCIATING_ONLY,8,DISCONNECTED>INTERFACE_DISABLED>DISCONNECTED>INTERFACE_DISABLED>DISCONNECTED>ASSOCIATING>DISCONNECTED>SCANNING
323267,5e0e36db-8006-412e-8e7f-f90e1ed310fc,after,2026-09-16 07:58:17,motorola edge 40 neo,34,TOHOKU_United_Free_Wi-Fi,d4:68:4d:80:29:b8,2412,2.4GHz,-65,802.11n,TIMEOUT_AT_COMPLETED,TIMEOUT_AT_<STATE>,202,0-2s,COMPLETED,4,DISCONNECTED>ASSOCIATING>ASSOCIATED>COMPLETED
323272,5e0e36db-8006-412e-8e7f-f90e1ed310fc,after,2026-09-16 07:58:17,motorola edge 40 neo,34,SENDAI_free_Wi-Fi,d4:68:4d:c0:29:b8,2412,2.4GHz,-67,802.11n,TIMEOUT_AT_COMPLETED,TIMEOUT_AT_<STATE>,269,0-2s,COMPLETED,5,INTERFACE_DISABLED>DISCONNECTED>ASSOCIATING>ASSOCIATED>COMPLETED
323281,5e0e36db-8006-412e-8e7f-f90e1ed310fc,after,2026-09-16 07:58:17,motorola edge 40 neo,34,SENDAI_free_Wi-Fi,d4:68:4d:00:29:bd,5500,5GHz,-71,802.11n,TIMEOUT_AT_COMPLETED,TIMEOUT_AT_<STATE>,230,0-2s,COMPLETED,5,INTERFACE_DISABLED>DISCONNECTED>ASSOCIATING>ASSOCIATED>COMPLETED
323284,5e0e36db-8006-412e-8e7f-f90e1ed310fc,after,2026-09-16 07:58:17,motorola edge 40 neo,34,TOHOKU_United_Free_Wi-Fi,d4:68:4d:c0:29:bc,5500,5GHz,-72,802.11n,TIMEOUT_AT_COMPLETED,TIMEOUT_AT_<STATE>,259,0-2s,COMPLETED,5,INTERFACE_DISABLED>DISCONNECTED>ASSOCIATING>ASSOCIATED>COMPLETED
319501,48a21afc-d57e-45d5-8270-df466f81f405,after,2026-09-16 07:58:22,ASUS_I006D,33,TOHOKU_United_Free_Wi-Fi,d4:68:4d:c0:29:bc,5500,5GHz,-61,802.11n,TIMEOUT_AT_COMPLETED,TIMEOUT_AT_<STATE>,456,0-2s,COMPLETED,3,ASSOCIATING>ASSOCIATED>COMPLETED
319504,48a21afc-d57e-45d5-8270-df466f81f405,after,2026-09-16 07:58:22,ASUS_I006D,33,SENDAI_free_Wi-Fi,d4:68:4d:00:29:bd,5500,5GHz,-61,802.11n,TIMEOUT_AT_COMPLETED,TIMEOUT_AT_<STATE>,1454,0-2s,COMPLETED,5,INTERFACE_DISABLED>DISCONNECTED>ASSOCIATING>ASSOCIATED>COMPLETED
319506,48a21afc-d57e-45d5-8270-df466f81f405,after,2026-09-16 07:58:22,ASUS_I006D,33,TOHOKU_United_Free_Wi-Fi,d4:68:4d:80:29:b8,2412,2.4GHz,-64,802.11n,TIMEOUT_AT_ASSOCIATING,TIMEOUT_AT_<STATE>,3013,3-5s,ASSOCIATING_ONLY,3,INTERFACE_DISABLED>DISCONNECTED>ASSOCIATING
319508,48a21afc-d57e-45d5-8270-df466f81f405,after,2026-09-16 07:58:22,ASUS_I006D,33,SENDAI_free_Wi-Fi,d4:68:4d:c0:29:b8,2412,2.4GHz,-64,802.11n,TIMEOUT_AT_COMPLETED,TIMEOUT_AT_<STATE>,1350,0-2s,COMPLETED,7,INTERFACE_DISABLED>DISCONNECTED>INTERFACE_DISABLED>DISCONNECTED>ASSOCIATING>ASSOCIATED>COMPLETED
319516,48a21afc-d57e-45d5-8270-df466f81f405,after,2026-09-16 07:58:22,ASUS_I006D,33,SENDAI_free_Wi-Fi,d4:68:4d:02:69:9d,5500,5GHz,-73,802.11n,TIMEOUT_AT_COMPLETED,TIMEOUT_AT_<STATE>,1130,0-2s,COMPLETED,5,INTERFACE_DISABLED>DISCONNECTED>ASSOCIATING>ASSOCIATED>COMPLETED
319518,48a21afc-d57e-45d5-8270-df466f81f405,after,2026-09-16 07:58:22,ASUS_I006D,33,TOHOKU_United_Free_Wi-Fi,d4:68:4d:c2:69:9c,5500,5GHz,-73,802.11n,TIMEOUT_AT_COMPLETED,TIMEOUT_AT_<STATE>,1089,0-2s,COMPLETED,5,INTERFACE_DISABLED>DISCONNECTED>ASSOCIATING>ASSOCIATED>COMPLETED
319555,48a21afc-d57e-45d5-8270-df466f81f405,after,2026-09-16 07:58:22,ASUS_I006D,33,TOHOKU_United_Free_Wi-Fi,60:d0:2c:73:3a:cd,5500,5GHz,-84,802.11ac,TIMEOUT_AT_COMPLETED,TIMEOUT_AT_<STATE>,1313,0-2s,COMPLETED,5,INTERFACE_DISABLED>DISCONNECTED>ASSOCIATING>ASSOCIATED>COMPLETED
323348,9646fa8d-3eb3-4199-b3e8-e10de98c8b54,after,2026-09-16 07:58:48,motorola edge 40 neo,34,TOHOKU_United_Free_Wi-Fi,d4:68:4d:c0:29:bc,5500,5GHz,-70,802.11n,TIMEOUT_AT_COMPLETED,TIMEOUT_AT_<STATE>,202,0-2s,COMPLETED,4,DISCONNECTED>ASSOCIATING>ASSOCIATED>COMPLETED
323351,9646fa8d-3eb3-4199-b3e8-e10de98c8b54,after,2026-09-16 07:58:48,motorola edge 40 neo,34,SENDAI_free_Wi-Fi,d4:68:4d:00:29:bd,5500,5GHz,-70,802.11n,TIMEOUT_AT_COMPLETED,TIMEOUT_AT_<STATE>,282,0-2s,COMPLETED,5,INTERFACE_DISABLED>DISCONNECTED>ASSOCIATING>ASSOCIATED>COMPLETED
323372,9646fa8d-3eb3-4199-b3e8-e10de98c8b54,after,2026-09-16 07:58:48,motorola edge 40 neo,34,TOHOKU_United_Free_Wi-Fi,d4:68:4d:c2:69:9c,5500,5GHz,-82,802.11n,FAILED_AT_DISCONNECTED,FAILED_AT_<STATE>,820,0-2s,ASSOCIATING_ONLY,20,ASSOCIATING>DISCONNECTED>INTERFACE_DISABLED>DISCONNECTED>INTERFACE_DISABLED>DISCONNECTED>ASSOCIATING>DISCONNECTED>INTERFACE_DISABLED>DISCONNECTED>INTERFACE_DISABLED>DISCONNECTED>ASSOCIATING>DISCONNECTED>INTERFACE_DISABLED>DISCONNECTED>INTERFACE_DISABLED>DISCONNECTED>ASSOCIATING>DISCONNECTED
323376,9646fa8d-3eb3-4199-b3e8-e10de98c8b54,after,2026-09-16 07:58:48,motorola edge 40 neo,34,SENDAI_free_Wi-Fi,d4:68:4d:02:69:9d,5500,5GHz,-83,802.11n,FAILED_AT_DISCONNECTED,FAILED_AT_<STATE>,935,0-2s,ASSOCIATING_ONLY,22,INTERFACE_DISABLED>DISCONNECTED>ASSOCIATING>DISCONNECTED>INTERFACE_DISABLED>DISCONNECTED>INTERFACE_DISABLED>DISCONNECTED>ASSOCIATING>DISCONNECTED>INTERFACE_DISABLED>DISCONNECTED>INTERFACE_DISABLED>DISCONNECTED>ASSOCIATING>DISCONNECTED>INTERFACE_DISABLED>DISCONNECTED>INTERFACE_DISABLED>DISCONNECTED>ASSOCIATING>DISCONNECTED
323391,9646fa8d-3eb3-4199-b3e8-e10de98c8b54,after,2026-09-16 07:58:48,motorola edge 40 neo,34,TOHOKU_United_Free_Wi-Fi,60:d0:2c:73:3a:cd,5500,5GHz,-86,802.11ac,TIMEOUT_AT_COMPLETED,TIMEOUT_AT_<STATE>,864,0-2s,COMPLETED,5,INTERFACE_DISABLED>DISCONNECTED>ASSOCIATING>ASSOCIATED>COMPLETED
319623,12387222-4600-4c08-b586-a0332554545d,after,2026-09-16 07:58:57,ASUS_I006D,33,SENDAI_free_Wi-Fi,d4:68:4d:00:29:bd,5500,5GHz,-70,802.11n,FAILED_AT_SCANNING,FAILED_AT_<STATE>,3012,3-5s,ASSOCIATING_ONLY,9,INTERFACE_DISABLED>DISCONNECTED>ASSOCIATING>DISCONNECTED>INTERFACE_DISABLED>DISCONNECTED>INTERFACE_DISABLED>DISCONNECTED>SCANNING
319624,12387222-4600-4c08-b586-a0332554545d,after,2026-09-16 07:58:57,ASUS_I006D,33,TOHOKU_United_Free_Wi-Fi,d4:68:4d:c0:29:bc,5500,5GHz,-71,802.11n,FAILED_AT_SCANNING,FAILED_AT_<STATE>,3022,3-5s,ASSOCIATING_ONLY,7,ASSOCIATING>DISCONNECTED>INTERFACE_DISABLED>DISCONNECTED>INTERFACE_DISABLED>DISCONNECTED>SCANNING
319645,12387222-4600-4c08-b586-a0332554545d,after,2026-09-16 07:58:57,ASUS_I006D,33,TOHOKU_United_Free_Wi-Fi,60:d0:2c:73:3a:cd,5500,5GHz,-78,802.11ac,TIMEOUT_AT_COMPLETED,TIMEOUT_AT_<STATE>,579,0-2s,COMPLETED,3,ASSOCIATING>ASSOCIATED>COMPLETED
319647,12387222-4600-4c08-b586-a0332554545d,after,2026-09-16 07:58:57,ASUS_I006D,33,SENDAI_free_Wi-Fi,d4:68:4d:02:69:9d,5500,5GHz,-78,802.11n,FAILED_AT_SCANNING,FAILED_AT_<STATE>,3011,3-5s,ASSOCIATING_ONLY,5,INTERFACE_DISABLED>DISCONNECTED>ASSOCIATING>DISCONNECTED>SCANNING
319649,12387222-4600-4c08-b586-a0332554545d,after,2026-09-16 07:58:57,ASUS_I006D,33,TOHOKU_United_Free_Wi-Fi,d4:68:4d:c2:69:9c,5500,5GHz,-78,802.11n,FAILED_AT_SCANNING,FAILED_AT_<STATE>,3024,3-5s,ASSOCIATING_ONLY,6,ASSOCIATING>DISCONNECTED>INTERFACE_DISABLED>DISCONNECTED>INTERFACE_DISABLED>SCANNING
319702,c4c5f255-fca2-463c-bbda-1da3e1d54bd1,after,2026-09-16 07:59:20,ASUS_I006D,33,TOHOKU_United_Free_Wi-Fi,d4:68:4d:c0:29:bc,5500,5GHz,-69,802.11n,TIMEOUT_AT_COMPLETED,TIMEOUT_AT_<STATE>,491,0-2s,COMPLETED,3,ASSOCIATING>ASSOCIATED>COMPLETED
319705,c4c5f255-fca2-463c-bbda-1da3e1d54bd1,after,2026-09-16 07:59:20,ASUS_I006D,33,SENDAI_free_Wi-Fi,d4:68:4d:00:29:bd,5500,5GHz,-69,802.11n,FAILED_AT_SCANNING,FAILED_AT_<STATE>,3019,3-5s,ASSOCIATING_ONLY,9,INTERFACE_DISABLED>DISCONNECTED>ASSOCIATING>DISCONNECTED>INTERFACE_DISABLED>DISCONNECTED>INTERFACE_DISABLED>DISCONNECTED>SCANNING
319708,c4c5f255-fca2-463c-bbda-1da3e1d54bd1,after,2026-09-16 07:59:20,ASUS_I006D,33,SENDAI_free_Wi-Fi,d4:68:4d:02:69:9d,5500,5GHz,-71,802.11n,TIMEOUT_AT_COMPLETED,TIMEOUT_AT_<STATE>,948,0-2s,COMPLETED,3,ASSOCIATING>ASSOCIATED>COMPLETED
319713,c4c5f255-fca2-463c-bbda-1da3e1d54bd1,after,2026-09-16 07:59:20,ASUS_I006D,33,TOHOKU_United_Free_Wi-Fi,d4:68:4d:c2:69:9c,5500,5GHz,-72,802.11n,TIMEOUT_AT_COMPLETED,TIMEOUT_AT_<STATE>,1343,0-2s,COMPLETED,3,ASSOCIATING>ASSOCIATED>COMPLETED
319717,c4c5f255-fca2-463c-bbda-1da3e1d54bd1,after,2026-09-16 07:59:20,ASUS_I006D,33,TOHOKU_United_Free_Wi-Fi,60:d0:2c:73:3a:cd,5500,5GHz,-74,802.11ac,TIMEOUT_AT_COMPLETED,TIMEOUT_AT_<STATE>,1313,0-2s,COMPLETED,5,INTERFACE_DISABLED>DISCONNECTED>ASSOCIATING>ASSOCIATED>COMPLETED
323442,b9c2165c-fdfa-4ca6-a020-7aaf4cd2f8bd,after,2026-09-16 07:59:25,motorola edge 40 neo,34,TOHOKU_United_Free_Wi-Fi,d4:68:4d:80:29:b8,2412,2.4GHz,-63,802.11n,TIMEOUT_AT_COMPLETED,TIMEOUT_AT_<STATE>,241,0-2s,COMPLETED,5,INTERFACE_DISABLED>DISCONNECTED>ASSOCIATING>ASSOCIATED>COMPLETED
323446,b9c2165c-fdfa-4ca6-a020-7aaf4cd2f8bd,after,2026-09-16 07:59:25,motorola edge 40 neo,34,SENDAI_free_Wi-Fi,d4:68:4d:c0:29:b8,2412,2.4GHz,-64,802.11n,TIMEOUT_AT_COMPLETED,TIMEOUT_AT_<STATE>,282,0-2s,COMPLETED,5,INTERFACE_DISABLED>DISCONNECTED>ASSOCIATING>ASSOCIATED>COMPLETED
323460,b9c2165c-fdfa-4ca6-a020-7aaf4cd2f8bd,after,2026-09-16 07:59:25,motorola edge 40 neo,34,TOHOKU_United_Free_Wi-Fi,d4:68:4d:c0:29:bc,5500,5GHz,-74,802.11n,TIMEOUT_AT_COMPLETED,TIMEOUT_AT_<STATE>,335,0-2s,COMPLETED,5,INTERFACE_DISABLED>DISCONNECTED>ASSOCIATING>ASSOCIATED>COMPLETED
323463,b9c2165c-fdfa-4ca6-a020-7aaf4cd2f8bd,after,2026-09-16 07:59:25,motorola edge 40 neo,34,SENDAI_free_Wi-Fi,d4:68:4d:00:29:bd,5500,5GHz,-74,802.11n,TIMEOUT_AT_COMPLETED,TIMEOUT_AT_<STATE>,324,0-2s,COMPLETED,5,INTERFACE_DISABLED>DISCONNECTED>ASSOCIATING>ASSOCIATED>COMPLETED
323468,b9c2165c-fdfa-4ca6-a020-7aaf4cd2f8bd,after,2026-09-16 07:59:25,motorola edge 40 neo,34,TOHOKU_United_Free_Wi-Fi,d4:68:4d:c2:69:9c,5500,5GHz,-77,802.11n,TIMEOUT_AT_COMPLETED,TIMEOUT_AT_<STATE>,324,0-2s,COMPLETED,5,INTERFACE_DISABLED>DISCONNECTED>ASSOCIATING>ASSOCIATED>COMPLETED
323470,b9c2165c-fdfa-4ca6-a020-7aaf4cd2f8bd,after,2026-09-16 07:59:25,motorola edge 40 neo,34,SENDAI_free_Wi-Fi,d4:68:4d:02:69:9d,5500,5GHz,-77,802.11n,TIMEOUT_AT_INTERFACE_DISABLED,TIMEOUT_AT_<STATE>,2206,0-2s,ASSOCIATING_ONLY,21,INTERFACE_DISABLED>DISCONNECTED>ASSOCIATING>DISCONNECTED>INTERFACE_DISABLED>DISCONNECTED>INTERFACE_DISABLED>DISCONNECTED>ASSOCIATING>DISCONNECTED>INTERFACE_DISABLED>DISCONNECTED>INTERFACE_DISABLED>DISCONNECTED>ASSOCIATING>DISCONNECTED>INTERFACE_DISABLED>DISCONNECTED>ASSOCIATING>DISCONNECTED>INTERFACE_DISABLED
323490,b9c2165c-fdfa-4ca6-a020-7aaf4cd2f8bd,after,2026-09-16 07:59:25,motorola edge 40 neo,34,TOHOKU_United_Free_Wi-Fi,60:d0:2c:73:3a:cd,5500,5GHz,-86,802.11ac,TIMEOUT_AT_COMPLETED,TIMEOUT_AT_<STATE>,452,0-2s,COMPLETED,4,INTERFACE_DISABLED>DISCONNECTED>ASSOCIATING>COMPLETED
323522,fa11dee5-c026-4391-9b86-886ab30afafd,after,2026-09-16 07:59:56,motorola edge 40 neo,34,TOHOKU_United_Free_Wi-Fi,d4:68:4d:80:29:b8,2412,2.4GHz,-68,802.11n,TIMEOUT_AT_COMPLETED,TIMEOUT_AT_<STATE>,342,0-2s,COMPLETED,5,INTERFACE_DISABLED>DISCONNECTED>ASSOCIATING>ASSOCIATED>COMPLETED
323529,fa11dee5-c026-4391-9b86-886ab30afafd,after,2026-09-16 07:59:56,motorola edge 40 neo,34,TOHOKU_United_Free_Wi-Fi,60:d0:2c:73:3a:cd,5500,5GHz,-69,802.11ac,TIMEOUT_AT_COMPLETED,TIMEOUT_AT_<STATE>,295,0-2s,COMPLETED,5,INTERFACE_DISABLED>DISCONNECTED>ASSOCIATING>ASSOCIATED>COMPLETED
323531,fa11dee5-c026-4391-9b86-886ab30afafd,after,2026-09-16 07:59:56,motorola edge 40 neo,34,SENDAI_free_Wi-Fi,d4:68:4d:c0:29:b8,2412,2.4GHz,-69,802.11n,TIMEOUT_AT_COMPLETED,TIMEOUT_AT_<STATE>,343,0-2s,COMPLETED,5,INTERFACE_DISABLED>DISCONNECTED>ASSOCIATING>ASSOCIATED>COMPLETED
323537,fa11dee5-c026-4391-9b86-886ab30afafd,after,2026-09-16 07:59:56,motorola edge 40 neo,34,TOHOKU_United_Free_Wi-Fi,60:d0:2c:33:3a:c9,2437,2.4GHz,-72,802.11n,TIMEOUT_AT_COMPLETED,TIMEOUT_AT_<STATE>,2055,0-2s,COMPLETED,5,INTERFACE_DISABLED>DISCONNECTED>ASSOCIATING>ASSOCIATED>COMPLETED
323541,fa11dee5-c026-4391-9b86-886ab30afafd,after,2026-09-16 07:59:56,motorola edge 40 neo,34,TOHOKU_United_Free_Wi-Fi,d4:68:4d:c0:29:bc,5500,5GHz,-74,802.11n,TIMEOUT_AT_COMPLETED,TIMEOUT_AT_<STATE>,248,0-2s,COMPLETED,3,ASSOCIATING>ASSOCIATED>COMPLETED
323543,fa11dee5-c026-4391-9b86-886ab30afafd,after,2026-09-16 07:59:56,motorola edge 40 neo,34,SENDAI_free_Wi-Fi,d4:68:4d:00:29:bd,5500,5GHz,-74,802.11n,TIMEOUT_AT_COMPLETED,TIMEOUT_AT_<STATE>,192,0-2s,COMPLETED,5,INTERFACE_DISABLED>DISCONNECTED>ASSOCIATING>ASSOCIATED>COMPLETED
323551,fa11dee5-c026-4391-9b86-886ab30afafd,after,2026-09-16 07:59:56,motorola edge 40 neo,34,TOHOKU_United_Free_Wi-Fi,d4:68:4d:c2:69:9c,5500,5GHz,-81,802.11n,TIMEOUT_AT_ASSOCIATING,TIMEOUT_AT_<STATE>,3010,3-5s,ASSOCIATING_ONLY,3,INTERFACE_DISABLED>DISCONNECTED>ASSOCIATING
323555,fa11dee5-c026-4391-9b86-886ab30afafd,after,2026-09-16 07:59:56,motorola edge 40 neo,34,SENDAI_free_Wi-Fi,d4:68:4d:02:69:9d,5500,5GHz,-82,802.11n,TIMEOUT_AT_COMPLETED,TIMEOUT_AT_<STATE>,240,0-2s,COMPLETED,5,INTERFACE_DISABLED>DISCONNECTED>ASSOCIATING>ASSOCIATED>COMPLETED
319792,87f2ffe5-467d-4382-bfdc-d35cb46e5edc,after,2026-09-16 07:59:58,ASUS_I006D,33,TOHOKU_United_Free_Wi-Fi,d4:68:4d:c0:29:bc,5500,5GHz,-69,802.11n,FAILED_AT_SCANNING,FAILED_AT_<STATE>,3015,3-5s,ASSOCIATING_ONLY,9,INTERFACE_DISABLED>DISCONNECTED>ASSOCIATING>DISCONNECTED>INTERFACE_DISABLED>DISCONNECTED>INTERFACE_DISABLED>DISCONNECTED>SCANNING
319797,87f2ffe5-467d-4382-bfdc-d35cb46e5edc,after,2026-09-16 07:59:58,ASUS_I006D,33,SENDAI_free_Wi-Fi,d4:68:4d:00:29:bd,5500,5GHz,-70,802.11n,FAILED_AT_SCANNING,FAILED_AT_<STATE>,3018,3-5s,ASSOCIATING_ONLY,3,ASSOCIATING>DISCONNECTED>SCANNING
319810,87f2ffe5-467d-4382-bfdc-d35cb46e5edc,after,2026-09-16 07:59:58,ASUS_I006D,33,SENDAI_free_Wi-Fi,d4:68:4d:02:69:9d,5500,5GHz,-74,802.11n,TIMEOUT_AT_COMPLETED,TIMEOUT_AT_<STATE>,556,0-2s,COMPLETED,3,ASSOCIATING>ASSOCIATED>COMPLETED
319811,87f2ffe5-467d-4382-bfdc-d35cb46e5edc,after,2026-09-16 07:59:58,ASUS_I006D,33,TOHOKU_United_Free_Wi-Fi,d4:68:4d:c2:69:9c,5500,5GHz,-74,802.11n,TIMEOUT_AT_COMPLETED,TIMEOUT_AT_<STATE>,1390,0-2s,COMPLETED,5,INTERFACE_DISABLED>DISCONNECTED>ASSOCIATING>ASSOCIATED>COMPLETED
323634,b8af6262-240b-4098-b549-0f72184e8aba,after,2026-09-16 08:00:26,motorola edge 40 neo,34,TOHOKU_United_Free_Wi-Fi,d4:68:4d:c0:29:bc,5500,5GHz,-71,802.11n,TIMEOUT_AT_COMPLETED,TIMEOUT_AT_<STATE>,632,0-2s,COMPLETED,15,ASSOCIATING>DISCONNECTED>INTERFACE_DISABLED>DISCONNECTED>INTERFACE_DISABLED>DISCONNECTED>ASSOCIATING>DISCONNECTED>INTERFACE_DISABLED>DISCONNECTED>INTERFACE_DISABLED>DISCONNECTED>ASSOCIATING>ASSOCIATED>COMPLETED
323638,b8af6262-240b-4098-b549-0f72184e8aba,after,2026-09-16 08:00:26,motorola edge 40 neo,34,SENDAI_free_Wi-Fi,d4:68:4d:00:29:bd,5500,5GHz,-71,802.11n,TIMEOUT_AT_INTERFACE_DISABLED,TIMEOUT_AT_<STATE>,746,0-2s,ASSOCIATING_ONLY,23,INTERFACE_DISABLED>DISCONNECTED>ASSOCIATING>DISCONNECTED>INTERFACE_DISABLED>DISCONNECTED>INTERFACE_DISABLED>DISCONNECTED>ASSOCIATING>DISCONNECTED>INTERFACE_DISABLED>DISCONNECTED>INTERFACE_DISABLED>DISCONNECTED>ASSOCIATING>DISCONNECTED>INTERFACE_DISABLED>DISCONNECTED>INTERFACE_DISABLED>DISCONNECTED>ASSOCIATING>DISCONNECTED>INTERFACE_DISABLED
323643,b8af6262-240b-4098-b549-0f72184e8aba,after,2026-09-16 08:00:26,motorola edge 40 neo,34,SENDAI_free_Wi-Fi,d4:68:4d:02:69:9d,5500,5GHz,-73,802.11n,TIMEOUT_AT_COMPLETED,TIMEOUT_AT_<STATE>,718,0-2s,COMPLETED,17,INTERFACE_DISABLED>DISCONNECTED>ASSOCIATING>DISCONNECTED>INTERFACE_DISABLED>DISCONNECTED>INTERFACE_DISABLED>DISCONNECTED>ASSOCIATING>DISCONNECTED>INTERFACE_DISABLED>DISCONNECTED>INTERFACE_DISABLED>DISCONNECTED>ASSOCIATING>ASSOCIATED>COMPLETED
323652,b8af6262-240b-4098-b549-0f72184e8aba,after,2026-09-16 08:00:26,motorola edge 40 neo,34,TOHOKU_United_Free_Wi-Fi,d4:68:4d:c2:69:9c,5500,5GHz,-73,802.11n,FAILED_AT_DISCONNECTED,FAILED_AT_<STATE>,743,0-2s,ASSOCIATING_ONLY,22,INTERFACE_DISABLED>DISCONNECTED>ASSOCIATING>DISCONNECTED>INTERFACE_DISABLED>DISCONNECTED>INTERFACE_DISABLED>DISCONNECTED>ASSOCIATING>DISCONNECTED>INTERFACE_DISABLED>DISCONNECTED>INTERFACE_DISABLED>DISCONNECTED>ASSOCIATING>DISCONNECTED>INTERFACE_DISABLED>DISCONNECTED>INTERFACE_DISABLED>DISCONNECTED>ASSOCIATING>DISCONNECTED
319878,ad11fc76-b2c1-4a59-ae06-c63ac9793936,after,2026-09-16 08:00:27,ASUS_I006D,33,SENDAI_free_Wi-Fi,d4:68:4d:02:69:9d,5500,5GHz,-70,802.11n,TIMEOUT_AT_COMPLETED,TIMEOUT_AT_<STATE>,944,0-2s,COMPLETED,5,INTERFACE_DISABLED>DISCONNECTED>ASSOCIATING>ASSOCIATED>COMPLETED
319879,ad11fc76-b2c1-4a59-ae06-c63ac9793936,after,2026-09-16 08:00:27,ASUS_I006D,33,TOHOKU_United_Free_Wi-Fi,d4:68:4d:c2:69:9c,5500,5GHz,-70,802.11n,TIMEOUT_AT_ASSOCIATING,TIMEOUT_AT_<STATE>,3018,3-5s,ASSOCIATING_ONLY,3,INTERFACE_DISABLED>DISCONNECTED>ASSOCIATING
319887,ad11fc76-b2c1-4a59-ae06-c63ac9793936,after,2026-09-16 08:00:27,ASUS_I006D,33,SENDAI_free_Wi-Fi,d4:68:4d:00:29:bd,5500,5GHz,-71,802.11n,TIMEOUT_AT_ASSOCIATING,TIMEOUT_AT_<STATE>,3015,3-5s,ASSOCIATING_ONLY,6,DISCONNECTED>INTERFACE_DISABLED>DISCONNECTED>INTERFACE_DISABLED>DISCONNECTED>ASSOCIATING
319888,ad11fc76-b2c1-4a59-ae06-c63ac9793936,after,2026-09-16 08:00:27,ASUS_I006D,33,TOHOKU_United_Free_Wi-Fi,d4:68:4d:c0:29:bc,5500,5GHz,-72,802.11n,FAILED_AT_DISCONNECTED,FAILED_AT_<STATE>,3018,3-5s,ASSOCIATING_ONLY,5,DISCONNECTED>INTERFACE_DISABLED>DISCONNECTED>ASSOCIATING>DISCONNECTED
323719,352652d8-7389-4f2f-8579-78b4fba2711b,after,2026-09-16 08:00:50,motorola edge 40 neo,34,SENDAI_free_Wi-Fi,d4:68:4d:02:69:9d,5500,5GHz,-79,802.11n,TIMEOUT_AT_COMPLETED,TIMEOUT_AT_<STATE>,242,0-2s,COMPLETED,5,INTERFACE_DISABLED>DISCONNECTED>ASSOCIATING>ASSOCIATED>COMPLETED
323721,352652d8-7389-4f2f-8579-78b4fba2711b,after,2026-09-16 08:00:50,motorola edge 40 neo,34,TOHOKU_United_Free_Wi-Fi,d4:68:4d:c2:69:9c,5500,5GHz,-79,802.11n,TIMEOUT_AT_COMPLETED,TIMEOUT_AT_<STATE>,246,0-2s,COMPLETED,5,INTERFACE_DISABLED>DISCONNECTED>ASSOCIATING>ASSOCIATED>COMPLETED
323722,352652d8-7389-4f2f-8579-78b4fba2711b,after,2026-09-16 08:00:50,motorola edge 40 neo,34,SENDAI_free_Wi-Fi,d4:68:4d:00:29:bd,5500,5GHz,-80,802.11n,TIMEOUT_AT_INTERFACE_DISABLED,TIMEOUT_AT_<STATE>,905,0-2s,ASSOCIATING_ONLY,23,INTERFACE_DISABLED>DISCONNECTED>ASSOCIATING>DISCONNECTED>INTERFACE_DISABLED>DISCONNECTED>INTERFACE_DISABLED>DISCONNECTED>ASSOCIATING>DISCONNECTED>INTERFACE_DISABLED>DISCONNECTED>INTERFACE_DISABLED>DISCONNECTED>ASSOCIATING>DISCONNECTED>INTERFACE_DISABLED>DISCONNECTED>INTERFACE_DISABLED>DISCONNECTED>ASSOCIATING>DISCONNECTED>INTERFACE_DISABLED
319962,da317265-2303-41a8-813f-cddc87f17428,after,2026-09-16 08:00:57,ASUS_I006D,33,SENDAI_free_Wi-Fi,d4:68:4d:02:69:9d,5500,5GHz,-81,802.11n,TIMEOUT_AT_COMPLETED,TIMEOUT_AT_<STATE>,1145,0-2s,COMPLETED,5,INTERFACE_DISABLED>DISCONNECTED>ASSOCIATING>ASSOCIATED>COMPLETED
319965,da317265-2303-41a8-813f-cddc87f17428,after,2026-09-16 08:00:57,ASUS_I006D,33,TOHOKU_United_Free_Wi-Fi,d4:68:4d:c2:69:9c,5500,5GHz,-82,802.11n,TIMEOUT_AT_COMPLETED,TIMEOUT_AT_<STATE>,1117,0-2s,COMPLETED,5,INTERFACE_DISABLED>DISCONNECTED>ASSOCIATING>ASSOCIATED>COMPLETED
319974,da317265-2303-41a8-813f-cddc87f17428,after,2026-09-16 08:00:57,ASUS_I006D,33,TOHOKU_United_Free_Wi-Fi,d4:68:4d:c0:29:bc,5500,5GHz,-86,802.11n,TIMEOUT_AT_ASSOCIATING,TIMEOUT_AT_<STATE>,3020,3-5s,ASSOCIATING_ONLY,3,INTERFACE_DISABLED>DISCONNECTED>ASSOCIATING
319978,da317265-2303-41a8-813f-cddc87f17428,after,2026-09-16 08:00:57,ASUS_I006D,33,SENDAI_free_Wi-Fi,d4:68:4d:00:29:bd,5500,5GHz,-86,802.11n,FAILED_AT_SCANNING,FAILED_AT_<STATE>,3014,3-5s,ASSOCIATING_ONLY,9,INTERFACE_DISABLED>DISCONNECTED>ASSOCIATING>DISCONNECTED>INTERFACE_DISABLED>DISCONNECTED>INTERFACE_DISABLED>DISCONNECTED>SCANNING
320036,899f73b1-e8ec-4512-b131-62be3c7bc94c,after,2026-09-16 08:01:25,ASUS_I006D,33,SENDAI_free_Wi-Fi,d4:68:4d:02:69:9d,5500,5GHz,-81,802.11n,FAILED_AT_SCANNING,FAILED_AT_<STATE>,3011,3-5s,ASSOCIATING_ONLY,5,ASSOCIATING>DISCONNECTED>INTERFACE_DISABLED>DISCONNECTED>SCANNING
320038,899f73b1-e8ec-4512-b131-62be3c7bc94c,after,2026-09-16 08:01:25,ASUS_I006D,33,TOHOKU_United_Free_Wi-Fi,d4:68:4d:c2:69:9c,5500,5GHz,-81,802.11n,TIMEOUT_AT_COMPLETED,TIMEOUT_AT_<STATE>,1705,0-2s,COMPLETED,3,ASSOCIATING>ASSOCIATED>COMPLETED
323775,3664abeb-ae53-4881-9737-5873d91b14e2,after,2026-09-16 08:01:25,motorola edge 40 neo,34,TOHOKU_United_Free_Wi-Fi,d4:68:4d:c2:69:9c,5500,5GHz,-83,802.11n,TIMEOUT_AT_COMPLETED,TIMEOUT_AT_<STATE>,371,0-2s,COMPLETED,5,INTERFACE_DISABLED>DISCONNECTED>ASSOCIATING>ASSOCIATED>COMPLETED
323778,3664abeb-ae53-4881-9737-5873d91b14e2,after,2026-09-16 08:01:25,motorola edge 40 neo,34,SENDAI_free_Wi-Fi,d4:68:4d:02:69:9d,5500,5GHz,-83,802.11n,TIMEOUT_AT_COMPLETED,TIMEOUT_AT_<STATE>,271,0-2s,COMPLETED,5,INTERFACE_DISABLED>DISCONNECTED>ASSOCIATING>ASSOCIATED>COMPLETED
323792,3664abeb-ae53-4881-9737-5873d91b14e2,after,2026-09-16 08:01:25,motorola edge 40 neo,34,TOHOKU_United_Free_Wi-Fi,d4:68:4d:c0:29:bc,5500,5GHz,-91,802.11n,TIMEOUT_AT_INTERFACE_DISABLED,TIMEOUT_AT_<STATE>,840,0-2s,ASSOCIATING_ONLY,22,INTERFACE_DISABLED>DISCONNECTED>ASSOCIATING>DISCONNECTED>DISCONNECTED>INTERFACE_DISABLED>DISCONNECTED>ASSOCIATING>DISCONNECTED>INTERFACE_DISABLED>DISCONNECTED>INTERFACE_DISABLED>DISCONNECTED>ASSOCIATING>DISCONNECTED>INTERFACE_DISABLED>DISCONNECTED>INTERFACE_DISABLED>DISCONNECTED>ASSOCIATING>DISCONNECTED>INTERFACE_DISABLED
323836,7d392a99-6a2e-4ada-bed2-69f18b1ae4a7,after,2026-09-16 08:01:55,motorola edge 40 neo,34,TOHOKU_United_Free_Wi-Fi,d4:68:4d:c2:69:9c,5500,5GHz,-88,802.11n,TIMEOUT_AT_COMPLETED,TIMEOUT_AT_<STATE>,757,0-2s,COMPLETED,5,INTERFACE_DISABLED>DISCONNECTED>ASSOCIATING>ASSOCIATED>COMPLETED
323839,7d392a99-6a2e-4ada-bed2-69f18b1ae4a7,after,2026-09-16 08:01:55,motorola edge 40 neo,34,SENDAI_free_Wi-Fi,d4:68:4d:02:69:9d,5500,5GHz,-88,802.11n,TIMEOUT_AT_COMPLETED,TIMEOUT_AT_<STATE>,346,0-2s,COMPLETED,5,INTERFACE_DISABLED>DISCONNECTED>ASSOCIATING>ASSOCIATED>COMPLETED
320085,02bb637d-1b92-4fc7-9f81-fbe112d2f830,after,2026-09-16 08:01:57,ASUS_I006D,33,TOHOKU_United_Free_Wi-Fi,d4:68:4d:c0:29:bc,5500,5GHz,-76,802.11n,FAILED_AT_SCANNING,FAILED_AT_<STATE>,3016,3-5s,ASSOCIATING_ONLY,7,ASSOCIATING>DISCONNECTED>INTERFACE_DISABLED>DISCONNECTED>INTERFACE_DISABLED>DISCONNECTED>SCANNING
320088,02bb637d-1b92-4fc7-9f81-fbe112d2f830,after,2026-09-16 08:01:57,ASUS_I006D,33,SENDAI_free_Wi-Fi,d4:68:4d:00:29:bd,5500,5GHz,-76,802.11n,FAILED_AT_SCANNING,FAILED_AT_<STATE>,3015,3-5s,ASSOCIATING_ONLY,5,ASSOCIATING>DISCONNECTED>INTERFACE_DISABLED>DISCONNECTED>SCANNING
320099,02bb637d-1b92-4fc7-9f81-fbe112d2f830,after,2026-09-16 08:01:57,ASUS_I006D,33,SENDAI_free_Wi-Fi,d4:68:4d:02:69:9d,5500,5GHz,-80,802.11n,FAILED_AT_SCANNING,FAILED_AT_<STATE>,3014,3-5s,ASSOCIATING_ONLY,7,ASSOCIATING>DISCONNECTED>INTERFACE_DISABLED>DISCONNECTED>INTERFACE_DISABLED>DISCONNECTED>SCANNING
320104,02bb637d-1b92-4fc7-9f81-fbe112d2f830,after,2026-09-16 08:01:57,ASUS_I006D,33,TOHOKU_United_Free_Wi-Fi,d4:68:4d:c2:69:9c,5500,5GHz,-80,802.11n,TIMEOUT_AT_ASSOCIATING,TIMEOUT_AT_<STATE>,3023,3-5s,ASSOCIATING_ONLY,1,ASSOCIATING
323886,6f33e8f6-3f94-4504-b85e-baa2f0f3356d,after,2026-09-16 08:02:19,motorola edge 40 neo,34,TOHOKU_United_Free_Wi-Fi,d4:68:4d:c2:69:9c,5500,5GHz,-85,802.11n,FAILED_AT_DISCONNECTED,FAILED_AT_<STATE>,796,0-2s,ASSOCIATING_ONLY,22,INTERFACE_DISABLED>DISCONNECTED>ASSOCIATING>DISCONNECTED>INTERFACE_DISABLED>DISCONNECTED>INTERFACE_DISABLED>DISCONNECTED>ASSOCIATING>DISCONNECTED>INTERFACE_DISABLED>DISCONNECTED>INTERFACE_DISABLED>DISCONNECTED>ASSOCIATING>DISCONNECTED>INTERFACE_DISABLED>DISCONNECTED>INTERFACE_DISABLED>DISCONNECTED>ASSOCIATING>DISCONNECTED
323887,6f33e8f6-3f94-4504-b85e-baa2f0f3356d,after,2026-09-16 08:02:19,motorola edge 40 neo,34,SENDAI_free_Wi-Fi,d4:68:4d:02:69:9d,5500,5GHz,-86,802.11n,TIMEOUT_AT_ASSOCIATING,TIMEOUT_AT_<STATE>,862,0-2s,ASSOCIATING_ONLY,21,INTERFACE_DISABLED>DISCONNECTED>ASSOCIATING>DISCONNECTED>INTERFACE_DISABLED>DISCONNECTED>INTERFACE_DISABLED>DISCONNECTED>ASSOCIATING>DISCONNECTED>INTERFACE_DISABLED>DISCONNECTED>INTERFACE_DISABLED>DISCONNECTED>ASSOCIATING>DISCONNECTED>INTERFACE_DISABLED>DISCONNECTED>INTERFACE_DISABLED>DISCONNECTED>ASSOCIATING
320150,549d9e7a-d80e-44ea-8b62-97db8b8e5362,after,2026-09-16 08:02:28,ASUS_I006D,33,TOHOKU_United_Free_Wi-Fi,d4:68:4d:c0:29:bc,5500,5GHz,-76,802.11n,TIMEOUT_AT_COMPLETED,TIMEOUT_AT_<STATE>,977,0-2s,COMPLETED,5,INTERFACE_DISABLED>DISCONNECTED>ASSOCIATING>ASSOCIATED>COMPLETED
320157,549d9e7a-d80e-44ea-8b62-97db8b8e5362,after,2026-09-16 08:02:28,ASUS_I006D,33,SENDAI_free_Wi-Fi,d4:68:4d:02:69:9d,5500,5GHz,-77,802.11n,TIMEOUT_AT_COMPLETED,TIMEOUT_AT_<STATE>,1200,0-2s,COMPLETED,5,INTERFACE_DISABLED>DISCONNECTED>ASSOCIATING>ASSOCIATED>COMPLETED
320158,549d9e7a-d80e-44ea-8b62-97db8b8e5362,after,2026-09-16 08:02:28,ASUS_I006D,33,TOHOKU_United_Free_Wi-Fi,d4:68:4d:c2:69:9c,5500,5GHz,-77,802.11n,TIMEOUT_AT_COMPLETED,TIMEOUT_AT_<STATE>,1216,0-2s,COMPLETED,5,INTERFACE_DISABLED>DISCONNECTED>ASSOCIATING>ASSOCIATED>COMPLETED
320164,549d9e7a-d80e-44ea-8b62-97db8b8e5362,after,2026-09-16 08:02:28,ASUS_I006D,33,SENDAI_free_Wi-Fi,d4:68:4d:00:29:bd,5500,5GHz,-77,802.11n,TIMEOUT_AT_ASSOCIATING,TIMEOUT_AT_<STATE>,3011,3-5s,ASSOCIATING_ONLY,3,INTERFACE_DISABLED>DISCONNECTED>ASSOCIATING
320200,549d9e7a-d80e-44ea-8b62-97db8b8e5362,after,2026-09-16 08:02:28,ASUS_I006D,33,TOHOKU_United_Free_Wi-Fi,f0:b0:52:f2:6f:5c,5320,5GHz,-87,802.11n,TIMEOUT_AT_ASSOCIATING,TIMEOUT_AT_<STATE>,3019,3-5s,ASSOCIATING_ONLY,4,DISCONNECTED>INTERFACE_DISABLED>DISCONNECTED>ASSOCIATING
320201,549d9e7a-d80e-44ea-8b62-97db8b8e5362,after,2026-09-16 08:02:28,ASUS_I006D,33,SENDAI_free_Wi-Fi,f0:b0:52:32:6f:5d,5320,5GHz,-87,802.11n,TIMEOUT_AT_COMPLETED,TIMEOUT_AT_<STATE>,2202,0-2s,COMPLETED,6,DISCONNECTED>INTERFACE_DISABLED>DISCONNECTED>ASSOCIATING>ASSOCIATED>COMPLETED
320226,9e6b128c-219c-4311-82e7-29ad9e656d10,after,2026-09-16 08:02:51,ASUS_I006D,33,SENDAI_free_Wi-Fi,d4:68:4d:02:69:9d,5500,5GHz,-75,802.11n,TIMEOUT_AT_COMPLETED,TIMEOUT_AT_<STATE>,665,0-2s,COMPLETED,5,INTERFACE_DISABLED>DISCONNECTED>ASSOCIATING>ASSOCIATED>COMPLETED
320227,9e6b128c-219c-4311-82e7-29ad9e656d10,after,2026-09-16 08:02:51,ASUS_I006D,33,TOHOKU_United_Free_Wi-Fi,d4:68:4d:c2:69:9c,5500,5GHz,-75,802.11n,TIMEOUT_AT_COMPLETED,TIMEOUT_AT_<STATE>,1186,0-2s,COMPLETED,5,INTERFACE_DISABLED>DISCONNECTED>ASSOCIATING>ASSOCIATED>COMPLETED
320235,9e6b128c-219c-4311-82e7-29ad9e656d10,after,2026-09-16 08:02:51,ASUS_I006D,33,TOHOKU_United_Free_Wi-Fi,d4:68:4d:c0:29:bc,5500,5GHz,-81,802.11n,FAILED_AT_SCANNING,FAILED_AT_<STATE>,3015,3-5s,ASSOCIATING_ONLY,7,INTERFACE_DISABLED>DISCONNECTED>ASSOCIATING>DISCONNECTED>INTERFACE_DISABLED>DISCONNECTED>SCANNING
320244,9e6b128c-219c-4311-82e7-29ad9e656d10,after,2026-09-16 08:02:51,ASUS_I006D,33,SENDAI_free_Wi-Fi,d4:68:4d:00:29:bd,5500,5GHz,-82,802.11n,TIMEOUT_AT_COMPLETED,TIMEOUT_AT_<STATE>,1243,0-2s,COMPLETED,3,ASSOCIATING>ASSOCIATED>COMPLETED
323920,d91fccaf-427f-40cc-8691-473c7851ce7d,after,2026-09-16 08:02:54,motorola edge 40 neo,34,TOHOKU_United_Free_Wi-Fi,d4:68:4d:c2:69:9c,5500,5GHz,-83,802.11n,TIMEOUT_AT_COMPLETED,TIMEOUT_AT_<STATE>,228,0-2s,COMPLETED,5,INTERFACE_DISABLED>DISCONNECTED>ASSOCIATING>ASSOCIATED>COMPLETED
323924,d91fccaf-427f-40cc-8691-473c7851ce7d,after,2026-09-16 08:02:54,motorola edge 40 neo,34,SENDAI_free_Wi-Fi,d4:68:4d:02:69:9d,5500,5GHz,-83,802.11n,TIMEOUT_AT_COMPLETED,TIMEOUT_AT_<STATE>,260,0-2s,COMPLETED,5,INTERFACE_DISABLED>DISCONNECTED>ASSOCIATING>ASSOCIATED>COMPLETED
323926,d91fccaf-427f-40cc-8691-473c7851ce7d,after,2026-09-16 08:02:54,motorola edge 40 neo,34,TOHOKU_United_Free_Wi-Fi,d4:68:4d:c0:29:bc,5500,5GHz,-84,802.11n,TIMEOUT_AT_COMPLETED,TIMEOUT_AT_<STATE>,369,0-2s,COMPLETED,5,INTERFACE_DISABLED>DISCONNECTED>ASSOCIATING>ASSOCIATED>COMPLETED
323930,d91fccaf-427f-40cc-8691-473c7851ce7d,after,2026-09-16 08:02:54,motorola edge 40 neo,34,SENDAI_free_Wi-Fi,d4:68:4d:00:29:bd,5500,5GHz,-84,802.11n,TIMEOUT_AT_COMPLETED,TIMEOUT_AT_<STATE>,293,0-2s,COMPLETED,5,INTERFACE_DISABLED>DISCONNECTED>ASSOCIATING>ASSOCIATED>COMPLETED
323946,d91fccaf-427f-40cc-8691-473c7851ce7d,after,2026-09-16 08:02:54,motorola edge 40 neo,34,TOHOKU_United_Free_Wi-Fi,f0:b0:52:f2:6f:5c,5320,5GHz,-91,802.11n,FAILED_AT_DISCONNECTED,FAILED_AT_<STATE>,975,0-2s,ASSOCIATING_ONLY,21,INTERFACE_DISABLED>DISCONNECTED>ASSOCIATING>DISCONNECTED>INTERFACE_DISABLED>DISCONNECTED>INTERFACE_DISABLED>DISCONNECTED>ASSOCIATING>DISCONNECTED>INTERFACE_DISABLED>DISCONNECTED>INTERFACE_DISABLED>DISCONNECTED>ASSOCIATING>DISCONNECTED>INTERFACE_DISABLED>DISCONNECTED>INTERFACE_DISABLED>ASSOCIATING>DISCONNECTED
323955,d91fccaf-427f-40cc-8691-473c7851ce7d,after,2026-09-16 08:02:54,motorola edge 40 neo,34,SENDAI_free_Wi-Fi,f0:b0:52:32:6f:5d,5320,5GHz,-91,802.11n,FAILED_AT_DISCONNECTED,FAILED_AT_<STATE>,721,0-2s,ASSOCIATING_ONLY,22,INTERFACE_DISABLED>DISCONNECTED>ASSOCIATING>DISCONNECTED>INTERFACE_DISABLED>DISCONNECTED>INTERFACE_DISABLED>DISCONNECTED>ASSOCIATING>DISCONNECTED>INTERFACE_DISABLED>DISCONNECTED>INTERFACE_DISABLED>DISCONNECTED>ASSOCIATING>DISCONNECTED>INTERFACE_DISABLED>DISCONNECTED>INTERFACE_DISABLED>DISCONNECTED>ASSOCIATING>DISCONNECTED
320279,311557bc-eedb-4f85-a033-c59c34a3da24,after,2026-09-16 08:03:13,ASUS_I006D,33,SENDAI_free_Wi-Fi,d4:68:4d:02:69:9d,5500,5GHz,-77,802.11n,TIMEOUT_AT_COMPLETED,TIMEOUT_AT_<STATE>,979,0-2s,COMPLETED,5,INTERFACE_DISABLED>DISCONNECTED>ASSOCIATING>ASSOCIATED>COMPLETED
320282,311557bc-eedb-4f85-a033-c59c34a3da24,after,2026-09-16 08:03:13,ASUS_I006D,33,TOHOKU_United_Free_Wi-Fi,d4:68:4d:c2:69:9c,5500,5GHz,-77,802.11n,TIMEOUT_AT_COMPLETED,TIMEOUT_AT_<STATE>,1354,0-2s,COMPLETED,5,INTERFACE_DISABLED>DISCONNECTED>ASSOCIATING>ASSOCIATED>COMPLETED
320297,311557bc-eedb-4f85-a033-c59c34a3da24,after,2026-09-16 08:03:13,ASUS_I006D,33,SENDAI_free_Wi-Fi,d4:68:4d:00:29:bd,5500,5GHz,-82,802.11n,TIMEOUT_AT_COMPLETED,TIMEOUT_AT_<STATE>,1336,0-2s,COMPLETED,5,INTERFACE_DISABLED>DISCONNECTED>ASSOCIATING>ASSOCIATED>COMPLETED
320298,311557bc-eedb-4f85-a033-c59c34a3da24,after,2026-09-16 08:03:13,ASUS_I006D,33,TOHOKU_United_Free_Wi-Fi,d4:68:4d:c0:29:bc,5500,5GHz,-83,802.11n,TIMEOUT_AT_COMPLETED,TIMEOUT_AT_<STATE>,1203,0-2s,COMPLETED,3,ASSOCIATING>ASSOCIATED>COMPLETED
320324,311557bc-eedb-4f85-a033-c59c34a3da24,after,2026-09-16 08:03:13,ASUS_I006D,33,TOHOKU_United_Free_Wi-Fi,f0:b0:52:f2:6f:5c,5320,5GHz,-88,802.11n,TIMEOUT_AT_ASSOCIATING,TIMEOUT_AT_<STATE>,3011,3-5s,ASSOCIATING_ONLY,3,INTERFACE_DISABLED>DISCONNECTED>ASSOCIATING
320337,311557bc-eedb-4f85-a033-c59c34a3da24,after,2026-09-16 08:03:13,ASUS_I006D,33,TOHOKU_United_Free_Wi-Fi,60:d0:2c:73:50:0d,5540,5GHz,-90,802.11ac,FAILED_AT_DISCONNECTED,FAILED_AT_<STATE>,3020,3-5s,NONE,5,DISCONNECTED>INTERFACE_DISABLED>DISCONNECTED>INTERFACE_DISABLED>DISCONNECTED
323974,731d2116-9fd3-45df-8894-570f77035202,after,2026-09-16 08:03:19,motorola edge 40 neo,34,TOHOKU_United_Free_Wi-Fi,d4:68:4d:c2:69:9c,5500,5GHz,-80,802.11n,TIMEOUT_AT_COMPLETED,TIMEOUT_AT_<STATE>,209,0-2s,COMPLETED,5,INTERFACE_DISABLED>DISCONNECTED>ASSOCIATING>ASSOCIATED>COMPLETED
323976,731d2116-9fd3-45df-8894-570f77035202,after,2026-09-16 08:03:19,motorola edge 40 neo,34,SENDAI_free_Wi-Fi,d4:68:4d:02:69:9d,5500,5GHz,-81,802.11n,TIMEOUT_AT_COMPLETED,TIMEOUT_AT_<STATE>,173,0-2s,COMPLETED,3,ASSOCIATING>ASSOCIATED>COMPLETED
323984,731d2116-9fd3-45df-8894-570f77035202,after,2026-09-16 08:03:19,motorola edge 40 neo,34,TOHOKU_United_Free_Wi-Fi,d4:68:4d:c0:29:bc,5500,5GHz,-86,802.11n,FAILED_AT_DISCONNECTED,FAILED_AT_<STATE>,997,0-2s,ASSOCIATING_ONLY,22,INTERFACE_DISABLED>DISCONNECTED>ASSOCIATING>DISCONNECTED>INTERFACE_DISABLED>DISCONNECTED>INTERFACE_DISABLED>DISCONNECTED>ASSOCIATING>DISCONNECTED>INTERFACE_DISABLED>DISCONNECTED>INTERFACE_DISABLED>DISCONNECTED>ASSOCIATING>DISCONNECTED>INTERFACE_DISABLED>DISCONNECTED>INTERFACE_DISABLED>DISCONNECTED>ASSOCIATING>DISCONNECTED
323987,731d2116-9fd3-45df-8894-570f77035202,after,2026-09-16 08:03:19,motorola edge 40 neo,34,SENDAI_free_Wi-Fi,d4:68:4d:00:29:bd,5500,5GHz,-87,802.11n,FAILED_AT_DISCONNECTED,FAILED_AT_<STATE>,862,0-2s,ASSOCIATING_ONLY,21,INTERFACE_DISABLED>DISCONNECTED>ASSOCIATING>DISCONNECTED>INTERFACE_DISABLED>DISCONNECTED>INTERFACE_DISABLED>DISCONNECTED>ASSOCIATING>DISCONNECTED>INTERFACE_DISABLED>DISCONNECTED>INTERFACE_DISABLED>DISCONNECTED>ASSOCIATING>DISCONNECTED>DISCONNECTED>INTERFACE_DISABLED>DISCONNECTED>ASSOCIATING>DISCONNECTED
320346,0281d16c-8fae-4832-b0ec-39a8ba2e49c7,after,2026-09-16 08:03:38,ASUS_I006D,33,SENDAI_free_Wi-Fi,d4:68:4d:02:69:9d,5500,5GHz,-72,802.11n,TIMEOUT_AT_COMPLETED,TIMEOUT_AT_<STATE>,657,0-2s,COMPLETED,5,INTERFACE_DISABLED>DISCONNECTED>ASSOCIATING>ASSOCIATED>COMPLETED
320348,0281d16c-8fae-4832-b0ec-39a8ba2e49c7,after,2026-09-16 08:03:38,ASUS_I006D,33,TOHOKU_United_Free_Wi-Fi,d4:68:4d:c2:69:9c,5500,5GHz,-72,802.11n,TIMEOUT_AT_COMPLETED,TIMEOUT_AT_<STATE>,1106,0-2s,COMPLETED,5,INTERFACE_DISABLED>DISCONNECTED>ASSOCIATING>ASSOCIATED>COMPLETED
320362,0281d16c-8fae-4832-b0ec-39a8ba2e49c7,after,2026-09-16 08:03:38,ASUS_I006D,33,SENDAI_free_Wi-Fi,d4:68:4d:00:29:bd,5500,5GHz,-82,802.11n,FAILED_AT_SCANNING,FAILED_AT_<STATE>,3016,3-5s,ASSOCIATING_ONLY,7,INTERFACE_DISABLED>DISCONNECTED>ASSOCIATING>DISCONNECTED>INTERFACE_DISABLED>DISCONNECTED>SCANNING
320363,0281d16c-8fae-4832-b0ec-39a8ba2e49c7,after,2026-09-16 08:03:38,ASUS_I006D,33,TOHOKU_United_Free_Wi-Fi,d4:68:4d:c0:29:bc,5500,5GHz,-83,802.11n,FAILED_AT_SCANNING,FAILED_AT_<STATE>,3019,3-5s,ASSOCIATING_ONLY,6,DISCONNECTED>ASSOCIATING>DISCONNECTED>INTERFACE_DISABLED>DISCONNECTED>SCANNING
320365,0281d16c-8fae-4832-b0ec-39a8ba2e49c7,after,2026-09-16 08:03:38,ASUS_I006D,33,SENDAI_free_Wi-Fi,f0:b0:52:32:6f:5d,5320,5GHz,-83,802.11n,TIMEOUT_AT_COMPLETED,TIMEOUT_AT_<STATE>,1165,0-2s,COMPLETED,3,ASSOCIATING>ASSOCIATED>COMPLETED
324009,2cf5ee5c-06ee-43cc-816c-c53fe13f6502,after,2026-09-16 08:03:39,motorola edge 40 neo,34,TOHOKU_United_Free_Wi-Fi,d4:68:4d:c2:69:9c,5500,5GHz,-81,802.11n,TIMEOUT_AT_COMPLETED,TIMEOUT_AT_<STATE>,249,0-2s,COMPLETED,5,INTERFACE_DISABLED>DISCONNECTED>ASSOCIATING>ASSOCIATED>COMPLETED
324011,2cf5ee5c-06ee-43cc-816c-c53fe13f6502,after,2026-09-16 08:03:39,motorola edge 40 neo,34,SENDAI_free_Wi-Fi,d4:68:4d:02:69:9d,5500,5GHz,-82,802.11n,TIMEOUT_AT_COMPLETED,TIMEOUT_AT_<STATE>,288,0-2s,COMPLETED,5,INTERFACE_DISABLED>DISCONNECTED>ASSOCIATING>ASSOCIATED>COMPLETED
324021,2cf5ee5c-06ee-43cc-816c-c53fe13f6502,after,2026-09-16 08:03:39,motorola edge 40 neo,34,SENDAI_free_Wi-Fi,d4:68:4d:00:29:bd,5500,5GHz,-85,802.11n,TIMEOUT_AT_COMPLETED,TIMEOUT_AT_<STATE>,335,0-2s,COMPLETED,5,INTERFACE_DISABLED>DISCONNECTED>ASSOCIATING>ASSOCIATED>COMPLETED
324025,2cf5ee5c-06ee-43cc-816c-c53fe13f6502,after,2026-09-16 08:03:39,motorola edge 40 neo,34,TOHOKU_United_Free_Wi-Fi,d4:68:4d:c0:29:bc,5500,5GHz,-85,802.11n,FAILED_AT_DISCONNECTED,FAILED_AT_<STATE>,809,0-2s,ASSOCIATING_ONLY,22,INTERFACE_DISABLED>DISCONNECTED>ASSOCIATING>DISCONNECTED>INTERFACE_DISABLED>DISCONNECTED>INTERFACE_DISABLED>DISCONNECTED>ASSOCIATING>DISCONNECTED>INTERFACE_DISABLED>DISCONNECTED>INTERFACE_DISABLED>DISCONNECTED>ASSOCIATING>DISCONNECTED>INTERFACE_DISABLED>DISCONNECTED>INTERFACE_DISABLED>DISCONNECTED>ASSOCIATING>DISCONNECTED
320404,852a3791-b21c-47fe-8ede-c5fcc91eb040,after,2026-09-16 08:04:02,ASUS_I006D,33,SENDAI_free_Wi-Fi,d4:68:4d:02:69:9d,5500,5GHz,-67,802.11n,FAILED_AT_SCANNING,FAILED_AT_<STATE>,3018,3-5s,ASSOCIATING_ONLY,7,INTERFACE_DISABLED>DISCONNECTED>ASSOCIATING>DISCONNECTED>INTERFACE_DISABLED>DISCONNECTED>SCANNING
320405,852a3791-b21c-47fe-8ede-c5fcc91eb040,after,2026-09-16 08:04:02,ASUS_I006D,33,TOHOKU_United_Free_Wi-Fi,d4:68:4d:c2:69:9c,5500,5GHz,-67,802.11n,FAILED_AT_SCANNING,FAILED_AT_<STATE>,3022,3-5s,ASSOCIATING_ONLY,7,ASSOCIATING>DISCONNECTED>INTERFACE_DISABLED>DISCONNECTED>INTERFACE_DISABLED>DISCONNECTED>SCANNING
320409,852a3791-b21c-47fe-8ede-c5fcc91eb040,after,2026-09-16 08:04:02,ASUS_I006D,33,SENDAI_free_Wi-Fi,d4:68:4d:c2:69:98,2462,2.4GHz,-72,802.11n,TIMEOUT_AT_ASSOCIATING,TIMEOUT_AT_<STATE>,3031,3-5s,ASSOCIATING_ONLY,1,ASSOCIATING
320411,852a3791-b21c-47fe-8ede-c5fcc91eb040,after,2026-09-16 08:04:02,ASUS_I006D,33,TOHOKU_United_Free_Wi-Fi,d4:68:4d:82:69:98,2462,2.4GHz,-72,802.11n,TIMEOUT_AT_COMPLETED,TIMEOUT_AT_<STATE>,1990,0-2s,COMPLETED,5,INTERFACE_DISABLED>DISCONNECTED>ASSOCIATING>ASSOCIATED>COMPLETED
320415,852a3791-b21c-47fe-8ede-c5fcc91eb040,after,2026-09-16 08:04:02,ASUS_I006D,33,TOHOKU_United_Free_Wi-Fi,d4:68:4d:c0:29:bc,5500,5GHz,-75,802.11n,TIMEOUT_AT_COMPLETED,TIMEOUT_AT_<STATE>,1119,0-2s,COMPLETED,5,INTERFACE_DISABLED>DISCONNECTED>ASSOCIATING>ASSOCIATED>COMPLETED
320418,852a3791-b21c-47fe-8ede-c5fcc91eb040,after,2026-09-16 08:04:02,ASUS_I006D,33,SENDAI_free_Wi-Fi,d4:68:4d:00:29:bd,5500,5GHz,-75,802.11n,TIMEOUT_AT_COMPLETED,TIMEOUT_AT_<STATE>,1042,0-2s,COMPLETED,5,INTERFACE_DISABLED>DISCONNECTED>ASSOCIATING>ASSOCIATED>COMPLETED
324056,cdf08553-6e8e-4753-9a6b-f849c2b665fb,after,2026-09-16 08:04:03,motorola edge 40 neo,34,SENDAI_free_Wi-Fi,d4:68:4d:02:69:9d,5500,5GHz,-76,802.11n,TIMEOUT_AT_COMPLETED,TIMEOUT_AT_<STATE>,235,0-2s,COMPLETED,5,INTERFACE_DISABLED>DISCONNECTED>ASSOCIATING>ASSOCIATED>COMPLETED
324057,cdf08553-6e8e-4753-9a6b-f849c2b665fb,after,2026-09-16 08:04:03,motorola edge 40 neo,34,TOHOKU_United_Free_Wi-Fi,d4:68:4d:c2:69:9c,5500,5GHz,-76,802.11n,TIMEOUT_AT_COMPLETED,TIMEOUT_AT_<STATE>,295,0-2s,COMPLETED,5,INTERFACE_DISABLED>DISCONNECTED>ASSOCIATING>ASSOCIATED>COMPLETED
324065,cdf08553-6e8e-4753-9a6b-f849c2b665fb,after,2026-09-16 08:04:03,motorola edge 40 neo,34,SENDAI_free_Wi-Fi,d4:68:4d:00:29:bd,5500,5GHz,-83,802.11n,FAILED_AT_DISCONNECTED,FAILED_AT_<STATE>,767,0-2s,ASSOCIATING_ONLY,22,INTERFACE_DISABLED>DISCONNECTED>ASSOCIATING>DISCONNECTED>INTERFACE_DISABLED>DISCONNECTED>INTERFACE_DISABLED>DISCONNECTED>ASSOCIATING>DISCONNECTED>INTERFACE_DISABLED>DISCONNECTED>INTERFACE_DISABLED>DISCONNECTED>ASSOCIATING>DISCONNECTED>INTERFACE_DISABLED>DISCONNECTED>INTERFACE_DISABLED>DISCONNECTED>ASSOCIATING>DISCONNECTED
324067,cdf08553-6e8e-4753-9a6b-f849c2b665fb,after,2026-09-16 08:04:03,motorola edge 40 neo,34,TOHOKU_United_Free_Wi-Fi,d4:68:4d:c0:29:bc,5500,5GHz,-83,802.11n,FAILED_AT_DISCONNECTED,FAILED_AT_<STATE>,764,0-2s,ASSOCIATING_ONLY,24,INTERFACE_DISABLED>DISCONNECTED>ASSOCIATING>DISCONNECTED>INTERFACE_DISABLED>DISCONNECTED>INTERFACE_DISABLED>DISCONNECTED>ASSOCIATING>DISCONNECTED>INTERFACE_DISABLED>DISCONNECTED>INTERFACE_DISABLED>DISCONNECTED>ASSOCIATING>DISCONNECTED>INTERFACE_DISABLED>DISCONNECTED>INTERFACE_DISABLED>DISCONNECTED>ASSOCIATING>DISCONNECTED>INTERFACE_DISABLED>DISCONNECTED
320465,e3184176-30c5-4918-bc92-16b0ce56c20b,after,2026-09-16 08:04:21,ASUS_I006D,33,SENDAI_free_Wi-Fi,d4:68:4d:02:69:9d,5500,5GHz,-69,802.11n,FAILED_AT_DISCONNECTED,FAILED_AT_<STATE>,3013,3-5s,ASSOCIATING_ONLY,4,INTERFACE_DISABLED>DISCONNECTED>ASSOCIATING>DISCONNECTED
320466,e3184176-30c5-4918-bc92-16b0ce56c20b,after,2026-09-16 08:04:21,ASUS_I006D,33,TOHOKU_United_Free_Wi-Fi,d4:68:4d:c2:69:9c,5500,5GHz,-69,802.11n,TIMEOUT_AT_COMPLETED,TIMEOUT_AT_<STATE>,1729,0-2s,COMPLETED,7,INTERFACE_DISABLED>DISCONNECTED>SCANNING>DISCONNECTED>ASSOCIATING>ASSOCIATED>COMPLETED
320471,e3184176-30c5-4918-bc92-16b0ce56c20b,after,2026-09-16 08:04:21,ASUS_I006D,33,TOHOKU_United_Free_Wi-Fi,d4:68:4d:c0:29:bc,5500,5GHz,-77,802.11n,FAILED_AT_SCANNING,FAILED_AT_<STATE>,3016,3-5s,ASSOCIATING_ONLY,9,INTERFACE_DISABLED>DISCONNECTED>ASSOCIATING>DISCONNECTED>INTERFACE_DISABLED>DISCONNECTED>INTERFACE_DISABLED>DISCONNECTED>SCANNING
324092,fb566c22-31cf-4775-8ab5-834c4324d0dc,after,2026-09-16 08:04:24,motorola edge 40 neo,34,TOHOKU_United_Free_Wi-Fi,d4:68:4d:c2:69:9c,5500,5GHz,-67,802.11n,TIMEOUT_AT_COMPLETED,TIMEOUT_AT_<STATE>,259,0-2s,COMPLETED,5,INTERFACE_DISABLED>DISCONNECTED>ASSOCIATING>ASSOCIATED>COMPLETED
324093,fb566c22-31cf-4775-8ab5-834c4324d0dc,after,2026-09-16 08:04:24,motorola edge 40 neo,34,SENDAI_free_Wi-Fi,d4:68:4d:02:69:9d,5500,5GHz,-67,802.11n,TIMEOUT_AT_COMPLETED,TIMEOUT_AT_<STATE>,283,0-2s,COMPLETED,5,INTERFACE_DISABLED>DISCONNECTED>ASSOCIATING>ASSOCIATED>COMPLETED
324105,fb566c22-31cf-4775-8ab5-834c4324d0dc,after,2026-09-16 08:04:24,motorola edge 40 neo,34,SENDAI_free_Wi-Fi,d4:68:4d:00:29:bd,5500,5GHz,-79,802.11n,TIMEOUT_AT_COMPLETED,TIMEOUT_AT_<STATE>,263,0-2s,COMPLETED,5,INTERFACE_DISABLED>DISCONNECTED>ASSOCIATING>ASSOCIATED>COMPLETED
324108,fb566c22-31cf-4775-8ab5-834c4324d0dc,after,2026-09-16 08:04:24,motorola edge 40 neo,34,TOHOKU_United_Free_Wi-Fi,d4:68:4d:c0:29:bc,5500,5GHz,-80,802.11n,TIMEOUT_AT_COMPLETED,TIMEOUT_AT_<STATE>,329,0-2s,COMPLETED,5,INTERFACE_DISABLED>DISCONNECTED>ASSOCIATING>ASSOCIATED>COMPLETED
324140,cbf5230e-7657-49e4-a2d0-08530ffaa2ff,after,2026-09-16 08:04:51,motorola edge 40 neo,34,SENDAI_free_Wi-Fi,d4:68:4d:c2:69:98,2462,2.4GHz,-61,802.11n,TIMEOUT_AT_COMPLETED,TIMEOUT_AT_<STATE>,370,0-2s,COMPLETED,5,INTERFACE_DISABLED>DISCONNECTED>ASSOCIATING>ASSOCIATED>COMPLETED
324147,cbf5230e-7657-49e4-a2d0-08530ffaa2ff,after,2026-09-16 08:04:51,motorola edge 40 neo,34,TOHOKU_United_Free_Wi-Fi,d4:68:4d:c2:69:9c,5500,5GHz,-72,802.11n,TIMEOUT_AT_COMPLETED,TIMEOUT_AT_<STATE>,301,0-2s,COMPLETED,5,INTERFACE_DISABLED>DISCONNECTED>ASSOCIATING>ASSOCIATED>COMPLETED
324151,cbf5230e-7657-49e4-a2d0-08530ffaa2ff,after,2026-09-16 08:04:51,motorola edge 40 neo,34,SENDAI_free_Wi-Fi,d4:68:4d:02:69:9d,5500,5GHz,-72,802.11n,TIMEOUT_AT_COMPLETED,TIMEOUT_AT_<STATE>,710,0-2s,COMPLETED,11,INTERFACE_DISABLED>DISCONNECTED>ASSOCIATING>DISCONNECTED>INTERFACE_DISABLED>DISCONNECTED>INTERFACE_DISABLED>DISCONNECTED>ASSOCIATING>ASSOCIATED>COMPLETED
324165,cbf5230e-7657-49e4-a2d0-08530ffaa2ff,after,2026-09-16 08:04:51,motorola edge 40 neo,34,SENDAI_free_Wi-Fi,d4:68:4d:00:29:bd,5500,5GHz,-84,802.11n,TIMEOUT_AT_COMPLETED,TIMEOUT_AT_<STATE>,315,0-2s,COMPLETED,5,INTERFACE_DISABLED>DISCONNECTED>ASSOCIATING>ASSOCIATED>COMPLETED
324178,cbf5230e-7657-49e4-a2d0-08530ffaa2ff,after,2026-09-16 08:04:51,motorola edge 40 neo,34,TOHOKU_United_Free_Wi-Fi,d4:68:4d:c0:29:bc,5500,5GHz,-86,802.11n,TIMEOUT_AT_COMPLETED,TIMEOUT_AT_<STATE>,1839,0-2s,COMPLETED,5,INTERFACE_DISABLED>DISCONNECTED>ASSOCIATING>ASSOCIATED>COMPLETED
324188,db767ab8-ce35-4349-af1a-8f0c5b65eeeb,after,2026-09-16 17:45:29,motorola edge 40 neo,34,0000mlab-2.4ver2,d0:56:f2:96:15:08,2447,2.4GHz,-25,802.11be,NOT_FOUND,NOT_FOUND,3016,3-5s,NONE,0,
324189,db767ab8-ce35-4349-af1a-8f0c5b65eeeb,after,2026-09-16 17:45:29,motorola edge 40 neo,34,,d0:56:f2:96:15:0e,2447,2.4GHz,-26,802.11be,NOT_FOUND,NOT_FOUND,3015,3-5s,NONE,0,
324190,db767ab8-ce35-4349-af1a-8f0c5b65eeeb,after,2026-09-16 17:45:29,motorola edge 40 neo,34,0000mlab,d0:56:f2:96:15:0f,2447,2.4GHz,-26,802.11be,TIMEOUT_AT_ASSOCIATING,TIMEOUT_AT_<STATE>,2143,0-2s,ASSOCIATING_ONLY,6,DISCONNECTED>INTERFACE_DISABLED>DISCONNECTED>INTERFACE_DISABLED>DISCONNECTED>ASSOCIATING
324191,db767ab8-ce35-4349-af1a-8f0c5b65eeeb,after,2026-09-16 17:45:29,motorola edge 40 neo,34,Mlab_ST2.4-WPA3,ec:5a:31:9d:5e:93,2422,2.4GHz,-26,802.11ax,TIMEOUT_AT_ASSOCIATING,TIMEOUT_AT_<STATE>,3010,3-5s,ASSOCIATING_ONLY,3,INTERFACE_DISABLED>DISCONNECTED>ASSOCIATING
324192,db767ab8-ce35-4349-af1a-8f0c5b65eeeb,after,2026-09-16 17:45:29,motorola edge 40 neo,34,Mlab_ST2.4,ec:5a:31:9d:5e:92,2422,2.4GHz,-26,802.11ax,NOT_FOUND,NOT_FOUND,3007,3-5s,NONE,0,
324193,db767ab8-ce35-4349-af1a-8f0c5b65eeeb,after,2026-09-16 17:45:29,motorola edge 40 neo,34,,ec:5a:31:9d:5e:91,2422,2.4GHz,-26,802.11ax,NOT_FOUND,NOT_FOUND,3012,3-5s,NONE,0,
324194,db767ab8-ce35-4349-af1a-8f0c5b65eeeb,after,2026-09-16 17:45:29,motorola edge 40 neo,34,Buffalo-G-2BF8-WPA3,c4:36:c0:91:2c:07,2472,2.4GHz,-41,802.11ax,FAILED_AT_DISCONNECTED,FAILED_AT_<STATE>,1414,0-2s,ASSOCIATING_ONLY,4,INTERFACE_DISABLED>DISCONNECTED>ASSOCIATING>DISCONNECTED
324195,db767ab8-ce35-4349-af1a-8f0c5b65eeeb,after,2026-09-16 17:45:29,motorola edge 40 neo,34,Mlab_ST5-WPA3,ec:5a:31:9d:5e:9a,5240,5GHz,-42,802.11ax,TIMEOUT_AT_ASSOCIATING,TIMEOUT_AT_<STATE>,3006,3-5s,ASSOCIATING_ONLY,3,INTERFACE_DISABLED>DISCONNECTED>ASSOCIATING
324196,db767ab8-ce35-4349-af1a-8f0c5b65eeeb,after,2026-09-16 17:45:29,motorola edge 40 neo,34,0000tohtech,b0:1f:8c:7f:99:30,5220,5GHz,-42,802.11ax,FAILED_AT_DISCONNECTED,FAILED_AT_<STATE>,3013,3-5s,NONE,3,DISCONNECTED>INTERFACE_DISABLED>DISCONNECTED
324197,db767ab8-ce35-4349-af1a-8f0c5b65eeeb,after,2026-09-16 17:45:29,motorola edge 40 neo,34,0000tohtech-iot,b0:1f:8c:7f:99:31,5220,5GHz,-42,802.11ac,TIMEOUT_AT_ASSOCIATED,TIMEOUT_AT_<STATE>,3009,3-5s,ASSOCIATED_ONLY,5,DISCONNECTED>INTERFACE_DISABLED>DISCONNECTED>ASSOCIATING>ASSOCIATED
324198,db767ab8-ce35-4349-af1a-8f0c5b65eeeb,after,2026-09-16 17:45:29,motorola edge 40 neo,34,eduroam,b0:1f:8c:7f:99:32,5220,5GHz,-42,802.11ax,NOT_FOUND,NOT_FOUND,3009,3-5s,NONE,0,
324199,db767ab8-ce35-4349-af1a-8f0c5b65eeeb,after,2026-09-16 17:45:29,motorola edge 40 neo,34,0000tohtech-lab,b0:1f:8c:7f:99:33,5220,5GHz,-42,802.11ax,TIMEOUT_AT_COMPLETED,TIMEOUT_AT_<STATE>,1467,0-2s,COMPLETED,7,INTERFACE_DISABLED>DISCONNECTED>ASSOCIATING>ASSOCIATED>FOUR_WAY_HANDSHAKE>GROUP_HANDSHAKE>COMPLETED
324200,db767ab8-ce35-4349-af1a-8f0c5b65eeeb,after,2026-09-16 17:45:29,motorola edge 40 neo,34,Mlab_ST5,ec:5a:31:9d:5e:99,5240,5GHz,-42,802.11ax,TIMEOUT_AT_COMPLETED,TIMEOUT_AT_<STATE>,1502,0-2s,COMPLETED,7,INTERFACE_DISABLED>DISCONNECTED>ASSOCIATING>ASSOCIATED>FOUR_WAY_HANDSHAKE>GROUP_HANDSHAKE>COMPLETED
324201,db767ab8-ce35-4349-af1a-8f0c5b65eeeb,after,2026-09-16 17:45:29,motorola edge 40 neo,34,,ec:5a:31:9d:5e:98,5240,5GHz,-42,802.11ax,NOT_FOUND,NOT_FOUND,3004,3-5s,NONE,0,
324202,db767ab8-ce35-4349-af1a-8f0c5b65eeeb,after,2026-09-16 17:45:29,motorola edge 40 neo,34,hatake_Rk26-2.4,90:96:f3:5d:15:d1,2417,2.4GHz,-43,802.11n,NOT_FOUND,NOT_FOUND,3014,3-5s,NONE,0,
324203,db767ab8-ce35-4349-af1a-8f0c5b65eeeb,after,2026-09-16 17:45:29,motorola edge 40 neo,34,0000mlab,d0:56:f2:96:15:17,5180,5GHz,-43,802.11be,FAILED_AT_DISCONNECTED,FAILED_AT_<STATE>,273,0-2s,ASSOCIATING_ONLY,4,INTERFACE_DISABLED>DISCONNECTED>ASSOCIATING>DISCONNECTED
324204,db767ab8-ce35-4349-af1a-8f0c5b65eeeb,after,2026-09-16 17:45:29,motorola edge 40 neo,34,0000mlab-5ver2,d0:56:f2:96:15:10,5180,5GHz,-43,802.11be,TIMEOUT_AT_ASSOCIATED,TIMEOUT_AT_<STATE>,3009,3-5s,ASSOCIATED_ONLY,6,DISCONNECTED>INTERFACE_DISABLED>DISCONNECTED>DISCONNECTED>ASSOCIATING>ASSOCIATED
324205,db767ab8-ce35-4349-af1a-8f0c5b65eeeb,after,2026-09-16 17:45:29,motorola edge 40 neo,34,MLAB-TECH01,92:96:f3:c3:6f:12,2447,2.4GHz,-50,802.11ax,TIMEOUT_AT_COMPLETED,TIMEOUT_AT_<STATE>,1546,0-2s,COMPLETED,7,INTERFACE_DISABLED>DISCONNECTED>ASSOCIATING>ASSOCIATED>FOUR_WAY_HANDSHAKE>GROUP_HANDSHAKE>COMPLETED
324206,db767ab8-ce35-4349-af1a-8f0c5b65eeeb,after,2026-09-16 17:45:29,motorola edge 40 neo,34,0000tohtech,b0:1f:8c:7f:99:20,2412,2.4GHz,-50,802.11ax,NOT_FOUND,NOT_FOUND,3015,3-5s,NONE,0,
324207,db767ab8-ce35-4349-af1a-8f0c5b65eeeb,after,2026-09-16 17:45:29,motorola edge 40 neo,34,0000tohtech-iot,b0:1f:8c:7f:99:21,2412,2.4GHz,-50,802.11n,NOT_FOUND,NOT_FOUND,3017,3-5s,NONE,0,
324208,db767ab8-ce35-4349-af1a-8f0c5b65eeeb,after,2026-09-16 17:45:29,motorola edge 40 neo,34,eduroam,b0:1f:8c:7f:99:22,2412,2.4GHz,-50,802.11ax,FAILED_AT_DISCONNECTED,FAILED_AT_<STATE>,3013,3-5s,NONE,1,DISCONNECTED
324209,db767ab8-ce35-4349-af1a-8f0c5b65eeeb,after,2026-09-16 17:45:29,motorola edge 40 neo,34,0000tohtech-lab,b0:1f:8c:7f:99:23,2412,2.4GHz,-50,802.11ax,TIMEOUT_AT_COMPLETED,TIMEOUT_AT_<STATE>,1320,0-2s,COMPLETED,7,INTERFACE_DISABLED>DISCONNECTED>ASSOCIATING>ASSOCIATED>FOUR_WAY_HANDSHAKE>GROUP_HANDSHAKE>COMPLETED
324210,db767ab8-ce35-4349-af1a-8f0c5b65eeeb,after,2026-09-16 17:45:29,motorola edge 40 neo,34,MLAB-TECH01-24-3,92:96:f3:c3:6f:13,2447,2.4GHz,-51,802.11ax,FAILED_AT_DISCONNECTED,FAILED_AT_<STATE>,2731,0-2s,ASSOCIATING_ONLY,4,INTERFACE_DISABLED>DISCONNECTED>ASSOCIATING>DISCONNECTED
324211,db767ab8-ce35-4349-af1a-8f0c5b65eeeb,after,2026-09-16 17:45:29,motorola edge 40 neo,34,Buffalo-G-AEBE,84:af:ec:b3:ae:b0,2437,2.4GHz,-52,802.11n,NOT_FOUND,NOT_FOUND,3008,3-5s,NONE,0,
324212,db767ab8-ce35-4349-af1a-8f0c5b65eeeb,after,2026-09-16 17:45:29,motorola edge 40 neo,34,FujitaLab_ROS,e8:48:b8:a0:23:31,2432,2.4GHz,-55,802.11n,NOT_FOUND,NOT_FOUND,3016,3-5s,NONE,0,
324213,db767ab8-ce35-4349-af1a-8f0c5b65eeeb,after,2026-09-16 17:45:29,motorola edge 40 neo,34,Galaxy_5GMW_1331,5e:a6:39:62:4c:1a,2412,2.4GHz,-56,802.11n,TIMEOUT_AT_FOUR_WAY_HANDSHAKE,TIMEOUT_AT_<STATE>,3020,3-5s,ASSOCIATED_ONLY,8,DISCONNECTED>INTERFACE_DISABLED>DISCONNECTED>INTERFACE_DISABLED>DISCONNECTED>ASSOCIATING>ASSOCIATED>FOUR_WAY_HANDSHAKE
324214,db767ab8-ce35-4349-af1a-8f0c5b65eeeb,after,2026-09-16 17:45:29,motorola edge 40 neo,34,Buffalo-A-2BF8-WPA3,c4:36:c0:91:2c:0f,5280,5GHz,-56,802.11ax,TIMEOUT_AT_COMPLETED,TIMEOUT_AT_<STATE>,1361,0-2s,COMPLETED,7,INTERFACE_DISABLED>DISCONNECTED>ASSOCIATING>ASSOCIATED>FOUR_WAY_HANDSHAKE>GROUP_HANDSHAKE>COMPLETED
324215,db767ab8-ce35-4349-af1a-8f0c5b65eeeb,after,2026-09-16 17:45:29,motorola edge 40 neo,34,Buffalo-A-2BF8,c4:36:c0:91:2c:08,5280,5GHz,-59,802.11ax,TIMEOUT_AT_FOUR_WAY_HANDSHAKE,TIMEOUT_AT_<STATE>,3014,3-5s,ASSOCIATING_ONLY,4,INTERFACE_DISABLED>DISCONNECTED>ASSOCIATING>FOUR_WAY_HANDSHAKE
324216,db767ab8-ce35-4349-af1a-8f0c5b65eeeb,after,2026-09-16 17:45:29,motorola edge 40 neo,34,MLAB-TECH01-5-2,90:96:f3:c3:6f:19,5240,5GHz,-60,802.11ax,TIMEOUT_AT_COMPLETED,TIMEOUT_AT_<STATE>,1461,0-2s,COMPLETED,7,INTERFACE_DISABLED>DISCONNECTED>ASSOCIATING>ASSOCIATED>FOUR_WAY_HANDSHAKE>GROUP_HANDSHAKE>COMPLETED
324217,db767ab8-ce35-4349-af1a-8f0c5b65eeeb,after,2026-09-16 17:45:29,motorola edge 40 neo,34,FujitaLab,60:45:cb:b0:69:00,2412,2.4GHz,-60,802.11n,TIMEOUT_AT_FOUR_WAY_HANDSHAKE,TIMEOUT_AT_<STATE>,3017,3-5s,ASSOCIATED_ONLY,8,DISCONNECTED>INTERFACE_DISABLED>DISCONNECTED>INTERFACE_DISABLED>DISCONNECTED>ASSOCIATING>ASSOCIATED>FOUR_WAY_HANDSHAKE
324218,db767ab8-ce35-4349-af1a-8f0c5b65eeeb,after,2026-09-16 17:45:29,motorola edge 40 neo,34,MLAB-TECH01-5-3,90:96:f3:c3:6f:1a,5240,5GHz,-60,802.11ax,NOT_FOUND,NOT_FOUND,3013,3-5s,NONE,0,
324219,db767ab8-ce35-4349-af1a-8f0c5b65eeeb,after,2026-09-16 17:45:29,motorola edge 40 neo,34,0000tohtech-iot,b0:1f:8c:7f:b9:20,2412,2.4GHz,-69,802.11n,TIMEOUT_AT_COMPLETED,TIMEOUT_AT_<STATE>,1490,0-2s,COMPLETED,7,INTERFACE_DISABLED>DISCONNECTED>ASSOCIATING>ASSOCIATED>FOUR_WAY_HANDSHAKE>GROUP_HANDSHAKE>COMPLETED
324220,db767ab8-ce35-4349-af1a-8f0c5b65eeeb,after,2026-09-16 17:45:29,motorola edge 40 neo,34,FujitaLab,60:45:cb:b0:69:04,5200,5GHz,-69,802.11ac,TIMEOUT_AT_FOUR_WAY_HANDSHAKE,TIMEOUT_AT_<STATE>,3011,3-5s,ASSOCIATED_ONLY,8,DISCONNECTED>INTERFACE_DISABLED>DISCONNECTED>INTERFACE_DISABLED>DISCONNECTED>ASSOCIATING>ASSOCIATED>FOUR_WAY_HANDSHAKE
324221,db767ab8-ce35-4349-af1a-8f0c5b65eeeb,after,2026-09-16 17:45:29,motorola edge 40 neo,34,eduroam,b0:1f:8c:7f:b9:22,2412,2.4GHz,-70,802.11ax,NOT_FOUND,NOT_FOUND,3008,3-5s,NONE,0,
324222,db767ab8-ce35-4349-af1a-8f0c5b65eeeb,after,2026-09-16 17:45:29,motorola edge 40 neo,34,0000tohtech-lab,b0:1f:8c:7f:b9:23,2412,2.4GHz,-70,802.11ax,FAILED_AT_DISCONNECTED,FAILED_AT_<STATE>,3008,3-5s,NONE,3,DISCONNECTED>INTERFACE_DISABLED>DISCONNECTED
324223,db767ab8-ce35-4349-af1a-8f0c5b65eeeb,after,2026-09-16 17:45:29,motorola edge 40 neo,34,0000tohtech,b0:1f:8c:7f:b9:21,2412,2.4GHz,-71,802.11ax,TIMEOUT_AT_COMPLETED,TIMEOUT_AT_<STATE>,1522,0-2s,COMPLETED,7,INTERFACE_DISABLED>DISCONNECTED>ASSOCIATING>ASSOCIATED>FOUR_WAY_HANDSHAKE>GROUP_HANDSHAKE>COMPLETED
324224,db767ab8-ce35-4349-af1a-8f0c5b65eeeb,after,2026-09-16 17:45:29,motorola edge 40 neo,34,0000tohtech,b0:1f:8c:7f:8d:a2,2437,2.4GHz,-72,802.11ax,NOT_FOUND,NOT_FOUND,3009,3-5s,NONE,0,
324225,db767ab8-ce35-4349-af1a-8f0c5b65eeeb,after,2026-09-16 17:45:29,motorola edge 40 neo,34,FujitaLab_ROS,e8:48:b8:a0:23:30,5220,5GHz,-73,802.11ac,FAILED_AT_DISCONNECTED,FAILED_AT_<STATE>,2879,0-2s,ASSOCIATING_ONLY,4,INTERFACE_DISABLED>DISCONNECTED>ASSOCIATING>DISCONNECTED
324226,db767ab8-ce35-4349-af1a-8f0c5b65eeeb,after,2026-09-16 17:45:29,motorola edge 40 neo,34,Buffalo-A-AEBE,84:af:ec:b3:ae:b7,5180,5GHz,-76,802.11ac,TIMEOUT_AT_FOUR_WAY_HANDSHAKE,TIMEOUT_AT_<STATE>,3015,3-5s,ASSOCIATED_ONLY,5,INTERFACE_DISABLED>DISCONNECTED>ASSOCIATING>ASSOCIATED>FOUR_WAY_HANDSHAKE
324227,db767ab8-ce35-4349-af1a-8f0c5b65eeeb,after,2026-09-16 17:45:29,motorola edge 40 neo,34,suzukilab,98:f1:99:b7:7d:12,2462,2.4GHz,-78,802.11n,TIMEOUT_AT_COMPLETED,TIMEOUT_AT_<STATE>,1341,0-2s,COMPLETED,7,INTERFACE_DISABLED>DISCONNECTED>ASSOCIATING>ASSOCIATED>FOUR_WAY_HANDSHAKE>GROUP_HANDSHAKE>COMPLETED
324228,db767ab8-ce35-4349-af1a-8f0c5b65eeeb,after,2026-09-16 17:45:29,motorola edge 40 neo,34,SH-52Bb-8BBBDA,4c:82:a9:8b:bb:da,2457,2.4GHz,-78,802.11ax,NOT_FOUND,NOT_FOUND,3009,3-5s,NONE,0,
324229,db767ab8-ce35-4349-af1a-8f0c5b65eeeb,after,2026-09-16 17:45:29,motorola edge 40 neo,34,TP-Link_96CC,d8:07:b6:8f:96:cc,2457,2.4GHz,-79,802.11n,TIMEOUT_AT_FOUR_WAY_HANDSHAKE,TIMEOUT_AT_<STATE>,3007,3-5s,ASSOCIATED_ONLY,8,DISCONNECTED>INTERFACE_DISABLED>DISCONNECTED>INTERFACE_DISABLED>DISCONNECTED>ASSOCIATING>ASSOCIATED>FOUR_WAY_HANDSHAKE
324230,db767ab8-ce35-4349-af1a-8f0c5b65eeeb,after,2026-09-16 17:45:29,motorola edge 40 neo,34,,2a:4b:fe:62:c5:f0,2437,2.4GHz,-79,802.11ax,TIMEOUT_AT_COMPLETED,TIMEOUT_AT_<STATE>,1452,0-2s,COMPLETED,7,INTERFACE_DISABLED>DISCONNECTED>ASSOCIATING>ASSOCIATED>FOUR_WAY_HANDSHAKE>GROUP_HANDSHAKE>COMPLETED
324231,db767ab8-ce35-4349-af1a-8f0c5b65eeeb,after,2026-09-16 17:45:29,motorola edge 40 neo,34,ilab_g,24:4b:fe:62:c5:f0,2437,2.4GHz,-80,802.11ax,NOT_FOUND,NOT_FOUND,3007,3-5s,NONE,0,
324232,db767ab8-ce35-4349-af1a-8f0c5b65eeeb,after,2026-09-16 17:45:29,motorola edge 40 neo,34,eduroam,b0:1f:8c:7f:8d:b0,5200,5GHz,-83,802.11ax,FAILED_AT_DISCONNECTED,FAILED_AT_<STATE>,3012,3-5s,NONE,3,DISCONNECTED>INTERFACE_DISABLED>DISCONNECTED
324233,db767ab8-ce35-4349-af1a-8f0c5b65eeeb,after,2026-09-16 17:45:29,motorola edge 40 neo,34,0000tohtech-lab,b0:1f:8c:7f:8d:b3,5200,5GHz,-83,802.11ax,NOT_FOUND,NOT_FOUND,3009,3-5s,NONE,0,
324234,db767ab8-ce35-4349-af1a-8f0c5b65eeeb,after,2026-09-16 17:45:29,motorola edge 40 neo,34,0000tohtech-iot,b0:1f:8c:7f:8d:b1,5200,5GHz,-83,802.11ac,TIMEOUT_AT_ASSOCIATED,TIMEOUT_AT_<STATE>,3011,3-5s,ASSOCIATED_ONLY,7,DISCONNECTED>INTERFACE_DISABLED>DISCONNECTED>INTERFACE_DISABLED>DISCONNECTED>ASSOCIATING>ASSOCIATED
324235,db767ab8-ce35-4349-af1a-8f0c5b65eeeb,after,2026-09-16 17:45:29,motorola edge 40 neo,34,0000tohtech,b0:1f:8c:7f:8d:b2,5200,5GHz,-83,802.11ax,NOT_FOUND,NOT_FOUND,3012,3-5s,NONE,0,
324236,db767ab8-ce35-4349-af1a-8f0c5b65eeeb,after,2026-09-16 17:45:29,motorola edge 40 neo,34,0000tohtech-lab,20:9c:b4:96:f5:a3,2437,2.4GHz,-85,802.11ax,TIMEOUT_AT_COMPLETED,TIMEOUT_AT_<STATE>,1476,0-2s,COMPLETED,7,INTERFACE_DISABLED>DISCONNECTED>ASSOCIATING>ASSOCIATED>FOUR_WAY_HANDSHAKE>GROUP_HANDSHAKE>COMPLETED
324237,db767ab8-ce35-4349-af1a-8f0c5b65eeeb,after,2026-09-16 17:45:29,motorola edge 40 neo,34,eduroam,b0:1f:8c:7f:ad:c0,2462,2.4GHz,-89,802.11ax,NOT_FOUND,NOT_FOUND,3013,3-5s,NONE,0,
324238,db767ab8-ce35-4349-af1a-8f0c5b65eeeb,after,2026-09-16 17:45:29,motorola edge 40 neo,34,0000tohtech-lab,b0:1f:8c:7f:ad:c3,2462,2.4GHz,-89,802.11ax,NOT_FOUND,NOT_FOUND,3013,3-5s,NONE,0,
324239,db767ab8-ce35-4349-af1a-8f0c5b65eeeb,after,2026-09-16 17:45:29,motorola edge 40 neo,34,sbsa2510,44:12:44:a9:64:04,2462,2.4GHz,-90,802.11n,TIMEOUT_AT_COMPLETED,TIMEOUT_AT_<STATE>,1418,0-2s,COMPLETED,7,INTERFACE_DISABLED>DISCONNECTED>ASSOCIATING>ASSOCIATED>FOUR_WAY_HANDSHAKE>GROUP_HANDSHAKE>COMPLETED
324240,8aa61234-69af-4cd6-9a8b-98b060e11d10,after,2026-09-16 18:05:00,motorola edge 40 neo,34,0000mlab-2.4ver2,d0:56:f2:96:15:08,2447,2.4GHz,-24,802.11be,TIMEOUT_AT_ASSOCIATED,TIMEOUT_AT_<STATE>,3013,3-5s,ASSOCIATED_ONLY,7,DISCONNECTED>INTERFACE_DISABLED>DISCONNECTED>INTERFACE_DISABLED>DISCONNECTED>ASSOCIATING>ASSOCIATED
324241,8aa61234-69af-4cd6-9a8b-98b060e11d10,after,2026-09-16 18:05:00,motorola edge 40 neo,34,,d0:56:f2:96:15:0e,2447,2.4GHz,-26,802.11be,TIMEOUT_AT_COMPLETED,TIMEOUT_AT_<STATE>,1310,0-2s,COMPLETED,2,GROUP_HANDSHAKE>COMPLETED
324242,8aa61234-69af-4cd6-9a8b-98b060e11d10,after,2026-09-16 18:05:00,motorola edge 40 neo,34,Mlab_ST2.4,ec:5a:31:9d:5e:92,2422,2.4GHz,-27,802.11ax,TIMEOUT_AT_FOUR_WAY_HANDSHAKE,TIMEOUT_AT_<STATE>,3007,3-5s,ASSOCIATED_ONLY,8,DISCONNECTED>INTERFACE_DISABLED>DISCONNECTED>INTERFACE_DISABLED>DISCONNECTED>ASSOCIATING>ASSOCIATED>FOUR_WAY_HANDSHAKE
324243,8aa61234-69af-4cd6-9a8b-98b060e11d10,after,2026-09-16 18:05:00,motorola edge 40 neo,34,,ec:5a:31:9d:5e:91,2422,2.4GHz,-28,802.11ax,TIMEOUT_AT_ASSOCIATED,TIMEOUT_AT_<STATE>,3011,3-5s,ASSOCIATED_ONLY,4,INTERFACE_DISABLED>DISCONNECTED>ASSOCIATING>ASSOCIATED
324245,8aa61234-69af-4cd6-9a8b-98b060e11d10,after,2026-09-16 18:05:00,motorola edge 40 neo,34,hatake_Rk26-2.4,90:96:f3:5d:15:d1,2417,2.4GHz,-37,802.11n,TIMEOUT_AT_FOUR_WAY_HANDSHAKE,TIMEOUT_AT_<STATE>,3007,3-5s,ASSOCIATED_ONLY,8,DISCONNECTED>INTERFACE_DISABLED>DISCONNECTED>INTERFACE_DISABLED>DISCONNECTED>ASSOCIATING>ASSOCIATED>FOUR_WAY_HANDSHAKE
324247,8aa61234-69af-4cd6-9a8b-98b060e11d10,after,2026-09-16 18:05:00,motorola edge 40 neo,34,Buffalo-G-2BF8,c4:36:c0:91:2c:00,2472,2.4GHz,-38,802.11ax,TIMEOUT_AT_ASSOCIATED,TIMEOUT_AT_<STATE>,3012,3-5s,ASSOCIATED_ONLY,3,DISCONNECTED>ASSOCIATING>ASSOCIATED
324248,8aa61234-69af-4cd6-9a8b-98b060e11d10,after,2026-09-16 18:05:00,motorola edge 40 neo,34,0000tohtech,b0:1f:8c:7f:99:30,5220,5GHz,-41,802.11ax,FAILED_AT_DISCONNECTED,FAILED_AT_<STATE>,3012,3-5s,NONE,2,DISCONNECTED>DISCONNECTED
324249,8aa61234-69af-4cd6-9a8b-98b060e11d10,after,2026-09-16 18:05:00,motorola edge 40 neo,34,0000tohtech-iot,b0:1f:8c:7f:99:31,5220,5GHz,-41,802.11ac,TIMEOUT_AT_ASSOCIATED,TIMEOUT_AT_<STATE>,3012,3-5s,ASSOCIATED_ONLY,7,DISCONNECTED>INTERFACE_DISABLED>DISCONNECTED>INTERFACE_DISABLED>DISCONNECTED>ASSOCIATING>ASSOCIATED
324250,8aa61234-69af-4cd6-9a8b-98b060e11d10,after,2026-09-16 18:05:00,motorola edge 40 neo,34,eduroam,b0:1f:8c:7f:99:32,5220,5GHz,-41,802.11ax,NOT_FOUND,NOT_FOUND,3016,3-5s,NONE,0,
324251,8aa61234-69af-4cd6-9a8b-98b060e11d10,after,2026-09-16 18:05:00,motorola edge 40 neo,34,0000tohtech-lab,b0:1f:8c:7f:99:33,5220,5GHz,-41,802.11ax,NOT_FOUND,NOT_FOUND,3016,3-5s,NONE,0,
324252,8aa61234-69af-4cd6-9a8b-98b060e11d10,after,2026-09-16 18:05:00,motorola edge 40 neo,34,,d0:56:f2:96:15:16,5180,5GHz,-42,802.11be,FAILED_AT_DISCONNECTED,FAILED_AT_<STATE>,3012,3-5s,NONE,1,DISCONNECTED
324254,8aa61234-69af-4cd6-9a8b-98b060e11d10,after,2026-09-16 18:05:00,motorola edge 40 neo,34,0000mlab-5ver2,d0:56:f2:96:15:10,5180,5GHz,-42,802.11be,TIMEOUT_AT_ASSOCIATED,TIMEOUT_AT_<STATE>,3018,3-5s,ASSOCIATED_ONLY,4,INTERFACE_DISABLED>DISCONNECTED>ASSOCIATING>ASSOCIATED
324255,8aa61234-69af-4cd6-9a8b-98b060e11d10,after,2026-09-16 18:05:00,motorola edge 40 neo,34,MLAB-TECH01,92:96:f3:c3:6f:12,2447,2.4GHz,-45,802.11ax,TIMEOUT_AT_FOUR_WAY_HANDSHAKE,TIMEOUT_AT_<STATE>,3010,3-5s,ASSOCIATED_ONLY,8,DISCONNECTED>INTERFACE_DISABLED>DISCONNECTED>INTERFACE_DISABLED>DISCONNECTED>ASSOCIATING>ASSOCIATED>FOUR_WAY_HANDSHAKE
324257,8aa61234-69af-4cd6-9a8b-98b060e11d10,after,2026-09-16 18:05:00,motorola edge 40 neo,34,Mlab_ST5,ec:5a:31:9d:5e:99,5240,5GHz,-46,802.11ax,TIMEOUT_AT_ASSOCIATED,TIMEOUT_AT_<STATE>,3017,3-5s,ASSOCIATED_ONLY,4,INTERFACE_DISABLED>DISCONNECTED>ASSOCIATING>ASSOCIATED
324258,8aa61234-69af-4cd6-9a8b-98b060e11d10,after,2026-09-16 18:05:00,motorola edge 40 neo,34,,ec:5a:31:9d:5e:98,5240,5GHz,-46,802.11ax,FAILED_AT_DISCONNECTED,FAILED_AT_<STATE>,3009,3-5s,NONE,1,DISCONNECTED
324260,8aa61234-69af-4cd6-9a8b-98b060e11d10,after,2026-09-16 18:05:00,motorola edge 40 neo,34,0000tohtech,b0:1f:8c:7f:99:20,2412,2.4GHz,-50,802.11ax,NOT_FOUND,NOT_FOUND,3012,3-5s,NONE,0,
324261,8aa61234-69af-4cd6-9a8b-98b060e11d10,after,2026-09-16 18:05:00,motorola edge 40 neo,34,0000tohtech-iot,b0:1f:8c:7f:99:21,2412,2.4GHz,-50,802.11n,TIMEOUT_AT_ASSOCIATED,TIMEOUT_AT_<STATE>,3015,3-5s,ASSOCIATED_ONLY,4,INTERFACE_DISABLED>DISCONNECTED>ASSOCIATING>ASSOCIATED
324262,8aa61234-69af-4cd6-9a8b-98b060e11d10,after,2026-09-16 18:05:00,motorola edge 40 neo,34,eduroam,b0:1f:8c:7f:99:22,2412,2.4GHz,-50,802.11ax,NOT_FOUND,NOT_FOUND,3014,3-5s,NONE,0,
324263,8aa61234-69af-4cd6-9a8b-98b060e11d10,after,2026-09-16 18:05:00,motorola edge 40 neo,34,0000tohtech-lab,b0:1f:8c:7f:99:23,2412,2.4GHz,-50,802.11ax,NOT_FOUND,NOT_FOUND,3014,3-5s,NONE,0,
324264,8aa61234-69af-4cd6-9a8b-98b060e11d10,after,2026-09-16 18:05:00,motorola edge 40 neo,34,FujitaLab_ROS,e8:48:b8:a0:23:31,2432,2.4GHz,-54,802.11n,TIMEOUT_AT_ASSOCIATING,TIMEOUT_AT_<STATE>,3016,3-5s,ASSOCIATING_ONLY,3,INTERFACE_DISABLED>DISCONNECTED>ASSOCIATING
324265,8aa61234-69af-4cd6-9a8b-98b060e11d10,after,2026-09-16 18:05:00,motorola edge 40 neo,34,Galaxy_5GMW_1331,5e:a6:39:62:4c:1a,2412,2.4GHz,-55,802.11n,TIMEOUT_AT_FOUR_WAY_HANDSHAKE,TIMEOUT_AT_<STATE>,3019,3-5s,ASSOCIATED_ONLY,5,INTERFACE_DISABLED>DISCONNECTED>ASSOCIATING>ASSOCIATED>FOUR_WAY_HANDSHAKE
324267,8aa61234-69af-4cd6-9a8b-98b060e11d10,after,2026-09-16 18:05:00,motorola edge 40 neo,34,FujitaLab,60:45:cb:b0:69:00,2412,2.4GHz,-58,802.11n,TIMEOUT_AT_FOUR_WAY_HANDSHAKE,TIMEOUT_AT_<STATE>,3015,3-5s,ASSOCIATED_ONLY,5,INTERFACE_DISABLED>DISCONNECTED>ASSOCIATING>ASSOCIATED>FOUR_WAY_HANDSHAKE
324268,8aa61234-69af-4cd6-9a8b-98b060e11d10,after,2026-09-16 18:05:00,motorola edge 40 neo,34,MLAB-TECH01-5-2,90:96:f3:c3:6f:19,5240,5GHz,-61,802.11ax,TIMEOUT_AT_FOUR_WAY_HANDSHAKE,TIMEOUT_AT_<STATE>,3009,3-5s,ASSOCIATED_ONLY,3,ASSOCIATING>ASSOCIATED>FOUR_WAY_HANDSHAKE
324270,8aa61234-69af-4cd6-9a8b-98b060e11d10,after,2026-09-16 18:05:00,motorola edge 40 neo,34,Buffalo-A-2BF8,c4:36:c0:91:2c:08,5280,5GHz,-62,802.11ax,TIMEOUT_AT_COMPLETED,TIMEOUT_AT_<STATE>,1620,0-2s,COMPLETED,7,INTERFACE_DISABLED>DISCONNECTED>ASSOCIATING>ASSOCIATED>FOUR_WAY_HANDSHAKE>GROUP_HANDSHAKE>COMPLETED
324271,8aa61234-69af-4cd6-9a8b-98b060e11d10,after,2026-09-16 18:05:00,motorola edge 40 neo,34,eduroam,b0:1f:8c:7f:8d:a0,2437,2.4GHz,-68,802.11ax,TIMEOUT_AT_COMPLETED,TIMEOUT_AT_<STATE>,1358,0-2s,COMPLETED,7,INTERFACE_DISABLED>DISCONNECTED>ASSOCIATING>ASSOCIATED>FOUR_WAY_HANDSHAKE>GROUP_HANDSHAKE>COMPLETED
324272,8aa61234-69af-4cd6-9a8b-98b060e11d10,after,2026-09-16 18:05:00,motorola edge 40 neo,34,FujitaLab,60:45:cb:b0:69:04,5200,5GHz,-69,802.11ac,TIMEOUT_AT_FOUR_WAY_HANDSHAKE,TIMEOUT_AT_<STATE>,3020,3-5s,ASSOCIATED_ONLY,8,DISCONNECTED>INTERFACE_DISABLED>DISCONNECTED>INTERFACE_DISABLED>DISCONNECTED>ASSOCIATING>ASSOCIATED>FOUR_WAY_HANDSHAKE
324273,8aa61234-69af-4cd6-9a8b-98b060e11d10,after,2026-09-16 18:05:00,motorola edge 40 neo,34,FujitaLab_ROS,e8:48:b8:a0:23:30,5220,5GHz,-70,802.11ac,TIMEOUT_AT_COMPLETED,TIMEOUT_AT_<STATE>,1577,0-2s,COMPLETED,7,INTERFACE_DISABLED>DISCONNECTED>ASSOCIATING>ASSOCIATED>FOUR_WAY_HANDSHAKE>GROUP_HANDSHAKE>COMPLETED
324274,8aa61234-69af-4cd6-9a8b-98b060e11d10,after,2026-09-16 18:05:00,motorola edge 40 neo,34,eduroam,20:9c:b4:96:f5:a2,2437,2.4GHz,-76,802.11ax,FAILED_AT_DISCONNECTED,FAILED_AT_<STATE>,3011,3-5s,NONE,1,DISCONNECTED
324275,8aa61234-69af-4cd6-9a8b-98b060e11d10,after,2026-09-16 18:05:00,motorola edge 40 neo,34,0000tohtech-iot,20:9c:b4:96:f5:a1,2437,2.4GHz,-76,802.11n,TIMEOUT_AT_ASSOCIATED,TIMEOUT_AT_<STATE>,3011,3-5s,ASSOCIATED_ONLY,7,DISCONNECTED>INTERFACE_DISABLED>DISCONNECTED>INTERFACE_DISABLED>DISCONNECTED>ASSOCIATING>ASSOCIATED
324276,8aa61234-69af-4cd6-9a8b-98b060e11d10,after,2026-09-16 18:05:00,motorola edge 40 neo,34,kawanolab304_24g,10:66:82:97:a9:7e,2422,2.4GHz,-77,802.11n,TIMEOUT_AT_ASSOCIATED,TIMEOUT_AT_<STATE>,3009,3-5s,ASSOCIATED_ONLY,4,INTERFACE_DISABLED>DISCONNECTED>ASSOCIATING>ASSOCIATED
324277,8aa61234-69af-4cd6-9a8b-98b060e11d10,after,2026-09-16 18:05:00,motorola edge 40 neo,34,0000tohtech-lab,20:9c:b4:96:f5:a3,2437,2.4GHz,-78,802.11ax,NOT_FOUND,NOT_FOUND,3014,3-5s,NONE,0,
324278,8aa61234-69af-4cd6-9a8b-98b060e11d10,after,2026-09-16 18:05:00,motorola edge 40 neo,34,0000tohtech,20:9c:b4:96:f5:a0,2437,2.4GHz,-78,802.11ax,TIMEOUT_AT_COMPLETED,TIMEOUT_AT_<STATE>,1437,0-2s,COMPLETED,7,INTERFACE_DISABLED>DISCONNECTED>ASSOCIATING>ASSOCIATED>FOUR_WAY_HANDSHAKE>GROUP_HANDSHAKE>COMPLETED
324279,8aa61234-69af-4cd6-9a8b-98b060e11d10,after,2026-09-16 18:05:00,motorola edge 40 neo,34,0000tohtech-lab,b0:1f:8c:7f:8d:b3,5200,5GHz,-79,802.11ax,FAILED_AT_DISCONNECTED,FAILED_AT_<STATE>,3012,3-5s,NONE,3,DISCONNECTED>INTERFACE_DISABLED>DISCONNECTED
324280,8aa61234-69af-4cd6-9a8b-98b060e11d10,after,2026-09-16 18:05:00,motorola edge 40 neo,34,TP-Link_96CC,d8:07:b6:8f:96:cc,2457,2.4GHz,-80,802.11n,TIMEOUT_AT_FOUR_WAY_HANDSHAKE,TIMEOUT_AT_<STATE>,3015,3-5s,ASSOCIATED_ONLY,8,DISCONNECTED>INTERFACE_DISABLED>DISCONNECTED>INTERFACE_DISABLED>DISCONNECTED>ASSOCIATING>ASSOCIATED>FOUR_WAY_HANDSHAKE
324281,8aa61234-69af-4cd6-9a8b-98b060e11d10,after,2026-09-16 18:05:00,motorola edge 40 neo,34,Buffalo-G-0F08,50:c4:dd:aa:0f:08,2462,2.4GHz,-80,802.11n,TIMEOUT_AT_COMPLETED,TIMEOUT_AT_<STATE>,1328,0-2s,COMPLETED,2,GROUP_HANDSHAKE>COMPLETED
324282,8aa61234-69af-4cd6-9a8b-98b060e11d10,after,2026-09-16 18:05:00,motorola edge 40 neo,34,Kita-Lab,18:ec:e7:ad:0c:e1,2427,2.4GHz,-80,802.11n,NOT_FOUND,NOT_FOUND,3013,3-5s,NONE,0,
324283,8aa61234-69af-4cd6-9a8b-98b060e11d10,after,2026-09-16 18:05:00,motorola edge 40 neo,34,0000tohtech-iot,b0:1f:8c:7f:8d:a1,2437,2.4GHz,-80,802.11n,TIMEOUT_AT_ASSOCIATED,TIMEOUT_AT_<STATE>,3012,3-5s,ASSOCIATED_ONLY,7,DISCONNECTED>INTERFACE_DISABLED>DISCONNECTED>INTERFACE_DISABLED>DISCONNECTED>ASSOCIATING>ASSOCIATED
324284,8aa61234-69af-4cd6-9a8b-98b060e11d10,after,2026-09-16 18:05:00,motorola edge 40 neo,34,eduroam,b0:1f:8c:7f:8d:b0,5200,5GHz,-80,802.11ax,NOT_FOUND,NOT_FOUND,3015,3-5s,NONE,0,
324285,8aa61234-69af-4cd6-9a8b-98b060e11d10,after,2026-09-16 18:05:00,motorola edge 40 neo,34,Buffalo-A-AEBE,84:af:ec:b3:ae:b7,5180,5GHz,-80,802.11ac,TIMEOUT_AT_FOUR_WAY_HANDSHAKE,TIMEOUT_AT_<STATE>,3017,3-5s,ASSOCIATED_ONLY,5,INTERFACE_DISABLED>DISCONNECTED>ASSOCIATING>ASSOCIATED>FOUR_WAY_HANDSHAKE
324286,8aa61234-69af-4cd6-9a8b-98b060e11d10,after,2026-09-16 18:05:00,motorola edge 40 neo,34,0000tohtech-iot,b0:1f:8c:7f:8d:b1,5200,5GHz,-80,802.11ac,TIMEOUT_AT_ASSOCIATED,TIMEOUT_AT_<STATE>,3019,3-5s,ASSOCIATED_ONLY,4,INTERFACE_DISABLED>DISCONNECTED>ASSOCIATING>ASSOCIATED
324287,8aa61234-69af-4cd6-9a8b-98b060e11d10,after,2026-09-16 18:05:00,motorola edge 40 neo,34,0000tohtech,b0:1f:8c:7f:8d:b2,5200,5GHz,-80,802.11ax,NOT_FOUND,NOT_FOUND,3013,3-5s,NONE,0,
324288,8aa61234-69af-4cd6-9a8b-98b060e11d10,after,2026-09-16 18:05:00,motorola edge 40 neo,34,SH-52Bb-8BBBDA,4c:82:a9:8b:bb:da,2457,2.4GHz,-80,802.11ax,TIMEOUT_AT_COMPLETED,TIMEOUT_AT_<STATE>,1334,0-2s,COMPLETED,2,GROUP_HANDSHAKE>COMPLETED
324289,8aa61234-69af-4cd6-9a8b-98b060e11d10,after,2026-09-16 18:05:00,motorola edge 40 neo,34,SH-52Ba-8BBBD9,4c:82:a9:8b:bb:d9,2457,2.4GHz,-81,802.11ax,NOT_FOUND,NOT_FOUND,3004,3-5s,NONE,0,
324290,8aa61234-69af-4cd6-9a8b-98b060e11d10,after,2026-09-16 18:05:00,motorola edge 40 neo,34,aterm-37ecd5-g,08:10:86:20:50:46,2437,2.4GHz,-81,802.11ax,NOT_FOUND,NOT_FOUND,3011,3-5s,NONE,0,
324291,8aa61234-69af-4cd6-9a8b-98b060e11d10,after,2026-09-16 18:05:00,motorola edge 40 neo,34,0000tohtech,b0:1f:8c:7f:8d:a2,2437,2.4GHz,-81,802.11ax,NOT_FOUND,NOT_FOUND,3014,3-5s,NONE,0,
324292,8aa61234-69af-4cd6-9a8b-98b060e11d10,after,2026-09-16 18:05:00,motorola edge 40 neo,34,suzukilab,98:f1:99:b7:7d:12,2462,2.4GHz,-82,802.11n,TIMEOUT_AT_FOUR_WAY_HANDSHAKE,TIMEOUT_AT_<STATE>,3007,3-5s,ASSOCIATED_ONLY,6,DISCONNECTED>INTERFACE_DISABLED>DISCONNECTED>ASSOCIATING>ASSOCIATED>FOUR_WAY_HANDSHAKE
324293,8aa61234-69af-4cd6-9a8b-98b060e11d10,after,2026-09-16 18:05:00,motorola edge 40 neo,34,kikuchi-lab,10:6f:3f:10:dc:c1,2412,2.4GHz,-85,802.11n,TIMEOUT_AT_COMPLETED,TIMEOUT_AT_<STATE>,1768,0-2s,COMPLETED,7,INTERFACE_DISABLED>DISCONNECTED>ASSOCIATING>ASSOCIATED>FOUR_WAY_HANDSHAKE>GROUP_HANDSHAKE>COMPLETED
324294,8aa61234-69af-4cd6-9a8b-98b060e11d10,after,2026-09-16 18:05:00,motorola edge 40 neo,34,TP-Link_BD2C,62:7f:f0:10:bd:2f,2422,2.4GHz,-85,802.11be,NOT_FOUND,NOT_FOUND,3006,3-5s,NONE,0,
324295,8aa61234-69af-4cd6-9a8b-98b060e11d10,after,2026-09-16 18:05:00,motorola edge 40 neo,34,aterm-37ecd5-a,08:10:86:20:50:47,5240,5GHz,-88,802.11ax,NOT_FOUND,NOT_FOUND,3013,3-5s,NONE,0,
324296,8aa61234-69af-4cd6-9a8b-98b060e11d10,after,2026-09-16 18:05:00,motorola edge 40 neo,34,,62:7f:f0:10:bd:28,2422,2.4GHz,-88,802.11be,FAILED_AT_DISCONNECTED,FAILED_AT_<STATE>,3008,3-5s,NONE,3,DISCONNECTED>INTERFACE_DISABLED>DISCONNECTED
324297,8aa61234-69af-4cd6-9a8b-98b060e11d10,after,2026-09-16 18:05:00,motorola edge 40 neo,34,106F3FF2C92D,10:6f:3f:f2:c9:2d,2457,2.4GHz,-88,802.11n,TIMEOUT_AT_COMPLETED,TIMEOUT_AT_<STATE>,1350,0-2s,COMPLETED,7,INTERFACE_DISABLED>DISCONNECTED>ASSOCIATING>ASSOCIATED>FOUR_WAY_HANDSHAKE>GROUP_HANDSHAKE>COMPLETED
324298,8aa61234-69af-4cd6-9a8b-98b060e11d10,after,2026-09-16 18:05:00,motorola edge 40 neo,34,MaruoLab-2.4GHz,00:2b:f5:87:2a:f0,2462,2.4GHz,-88,802.11n,NOT_FOUND,NOT_FOUND,3007,3-5s,NONE,0,
324299,8aa61234-69af-4cd6-9a8b-98b060e11d10,after,2026-09-16 18:05:00,motorola edge 40 neo,34,0000tohtech,b0:1f:8c:7f:ad:c1,2462,2.4GHz,-89,802.11ax,TIMEOUT_AT_COMPLETED,TIMEOUT_AT_<STATE>,1503,0-2s,COMPLETED,7,INTERFACE_DISABLED>DISCONNECTED>ASSOCIATING>ASSOCIATED>FOUR_WAY_HANDSHAKE>GROUP_HANDSHAKE>COMPLETED
324300,8aa61234-69af-4cd6-9a8b-98b060e11d10,after,2026-09-16 18:05:00,motorola edge 40 neo,34,0000tohtech-lab,b0:1f:8c:7f:b9:23,2412,2.4GHz,-90,802.11ax,FAILED_AT_DISCONNECTED,FAILED_AT_<STATE>,3015,3-5s,NONE,2,DISCONNECTED>DISCONNECTED
324301,8aa61234-69af-4cd6-9a8b-98b060e11d10,after,2026-09-16 18:05:00,motorola edge 40 neo,34,eduroam,b0:1f:8c:7f:ad:c0,2462,2.4GHz,-91,802.11ax,TIMEOUT_AT_COMPLETED,TIMEOUT_AT_<STATE>,1596,0-2s,COMPLETED,7,INTERFACE_DISABLED>DISCONNECTED>ASSOCIATING>ASSOCIATED>FOUR_WAY_HANDSHAKE>GROUP_HANDSHAKE>COMPLETED
324544,e4522333-4d63-48e7-a585-2726f62a1519,after,2026-09-16 18:47:46,ASUS_I006D,33,USPOT_6079695_2.4G,98:2d:ba:37:b7:f7,2442,2.4GHz,-44,802.11n,NOT_FOUND,NOT_FOUND,3024,3-5s,NONE,0,
324546,e4522333-4d63-48e7-a585-2726f62a1519,after,2026-09-16 18:47:46,ASUS_I006D,33,0002softbank,12:09:b4:71:22:08,5520,5GHz,-65,802.11ac,NOT_FOUND,NOT_FOUND,3014,3-5s,NONE,0,
324548,e4522333-4d63-48e7-a585-2726f62a1519,after,2026-09-16 18:47:46,ASUS_I006D,33,LinkWiFi_AGP,00:09:b4:71:22:08,5520,5GHz,-66,802.11ac,NOT_FOUND,NOT_FOUND,3030,3-5s,NONE,0,
324549,e4522333-4d63-48e7-a585-2726f62a1519,after,2026-09-16 18:47:46,ASUS_I006D,33,0000softbank,02:09:b4:71:22:08,5520,5GHz,-66,802.11ac,NOT_FOUND,NOT_FOUND,3028,3-5s,NONE,0,
324551,e4522333-4d63-48e7-a585-2726f62a1519,after,2026-09-16 18:47:46,ASUS_I006D,33,Wi2eap,d4:68:4d:82:69:9c,5500,5GHz,-70,802.11n,NOT_FOUND,NOT_FOUND,3034,3-5s,NONE,0,
324553,e4522333-4d63-48e7-a585-2726f62a1519,after,2026-09-16 18:47:46,ASUS_I006D,33,Wi2_club,d4:68:4d:42:69:9c,5500,5GHz,-70,802.11n,NOT_FOUND,NOT_FOUND,3028,3-5s,NONE,0,
324555,e4522333-4d63-48e7-a585-2726f62a1519,after,2026-09-16 18:47:46,ASUS_I006D,33,,ec:79:49:10:57:b9,5300,5GHz,-76,802.11ac,NOT_FOUND,NOT_FOUND,3010,3-5s,NONE,0,
324557,e4522333-4d63-48e7-a585-2726f62a1519,after,2026-09-16 18:47:46,ASUS_I006D,33,_manekineko_free_Wi-Fi,06:92:5e:e3:d4:3b,2472,2.4GHz,-77,802.11ax,NOT_FOUND,NOT_FOUND,3018,3-5s,NONE,0,
324558,e4522333-4d63-48e7-a585-2726f62a1519,after,2026-09-16 18:47:46,ASUS_I006D,33,metro_sendai1120,80:22:a7:e5:14:4a,2437,2.4GHz,-77,802.11n,NOT_FOUND,NOT_FOUND,3020,3-5s,NONE,0,
324559,e4522333-4d63-48e7-a585-2726f62a1519,after,2026-09-16 18:47:46,ASUS_I006D,33,metro_sendai2021,80:22:a7:e5:aa:b7,5220,5GHz,-80,802.11ac,NOT_FOUND,NOT_FOUND,3021,3-5s,NONE,0,
324562,e4522333-4d63-48e7-a585-2726f62a1519,after,2026-09-16 18:47:46,ASUS_I006D,33,,96:46:8d:34:9e:8a,5600,5GHz,-81,802.11ax,NOT_FOUND,NOT_FOUND,3027,3-5s,NONE,0,
324563,e4522333-4d63-48e7-a585-2726f62a1519,after,2026-09-16 18:47:46,ASUS_I006D,33,JRHOTEL,82:22:a7:e5:14:3f,5200,5GHz,-81,802.11ac,NOT_FOUND,NOT_FOUND,3016,3-5s,NONE,0,
324566,e4522333-4d63-48e7-a585-2726f62a1519,after,2026-09-16 18:47:46,ASUS_I006D,33,Wi2eap,d4:68:4d:80:29:bc,5500,5GHz,-82,802.11n,NOT_FOUND,NOT_FOUND,3022,3-5s,NONE,0,
324567,e4522333-4d63-48e7-a585-2726f62a1519,after,2026-09-16 18:47:46,ASUS_I006D,33,Wi2_club,d4:68:4d:40:29:bc,5500,5GHz,-82,802.11n,NOT_FOUND,NOT_FOUND,3026,3-5s,NONE,0,
324568,e4522333-4d63-48e7-a585-2726f62a1519,after,2026-09-16 18:47:46,ASUS_I006D,33,,8c:86:dd:63:5a:5f,5220,5GHz,-83,802.11ax,NOT_FOUND,NOT_FOUND,3013,3-5s,NONE,0,
324570,e4522333-4d63-48e7-a585-2726f62a1519,after,2026-09-16 18:47:46,ASUS_I006D,33,iPhone,ca:08:3e:9f:f8:9c,2437,2.4GHz,-83,802.11ax,NOT_FOUND,NOT_FOUND,3038,3-5s,NONE,0,
324571,e4522333-4d63-48e7-a585-2726f62a1519,after,2026-09-16 18:47:46,ASUS_I006D,33,metro_sendai817,80:22:a7:e5:17:73,5240,5GHz,-83,802.11ac,NOT_FOUND,NOT_FOUND,3020,3-5s,NONE,0,
324572,e4522333-4d63-48e7-a585-2726f62a1519,after,2026-09-16 18:47:46,ASUS_I006D,33,USPOT02_MESH_750260524_001,0a:92:5e:e3:db:b0,5260,5GHz,-84,802.11ax,NOT_FOUND,NOT_FOUND,3026,3-5s,NONE,0,
324574,e4522333-4d63-48e7-a585-2726f62a1519,after,2026-09-16 18:47:46,ASUS_I006D,33,,f6:79:49:10:57:b9,5300,5GHz,-84,802.11ac,NOT_FOUND,NOT_FOUND,3017,3-5s,NONE,0,
324575,e4522333-4d63-48e7-a585-2726f62a1519,after,2026-09-16 18:47:46,ASUS_I006D,33,17CCA802-5G,18:2c:a9:17:cc:ac,5520,5GHz,-84,802.11ax,NOT_FOUND,NOT_FOUND,3031,3-5s,NONE,0,
324576,e4522333-4d63-48e7-a585-2726f62a1519,after,2026-09-16 18:47:46,ASUS_I006D,33,graniphsendai,8e:86:dd:83:5a:5e,5220,5GHz,-84,802.11ax,NOT_FOUND,NOT_FOUND,3025,3-5s,NONE,0,
324577,e4522333-4d63-48e7-a585-2726f62a1519,after,2026-09-16 18:47:46,ASUS_I006D,33,TownWiFi,98:2d:ba:37:b7:ef,5220,5GHz,-84,802.11ac,NOT_FOUND,NOT_FOUND,3033,3-5s,NONE,0,
324578,e4522333-4d63-48e7-a585-2726f62a1519,after,2026-09-16 18:47:46,ASUS_I006D,33,US750260524001,0a:92:5e:e3:db:b1,5260,5GHz,-85,802.11ax,NOT_FOUND,NOT_FOUND,3030,3-5s,NONE,0,
324579,e4522333-4d63-48e7-a585-2726f62a1519,after,2026-09-16 18:47:46,ASUS_I006D,33,5.0TCJ-fellow,0a:92:5e:e3:db:b2,5260,5GHz,-85,802.11ax,NOT_FOUND,NOT_FOUND,3024,3-5s,NONE,0,
324580,e4522333-4d63-48e7-a585-2726f62a1519,after,2026-09-16 18:47:46,ASUS_I006D,33,,1a:2c:a9:27:cc:ac,5520,5GHz,-85,802.11ax,NOT_FOUND,NOT_FOUND,3019,3-5s,NONE,0,
324581,e4522333-4d63-48e7-a585-2726f62a1519,after,2026-09-16 18:47:46,ASUS_I006D,33,Buffalo-5G-AE10,ec:5a:31:25:ae:20,5200,5GHz,-85,802.11ac,NOT_FOUND,NOT_FOUND,3026,3-5s,NONE,0,
324582,e4522333-4d63-48e7-a585-2726f62a1519,after,2026-09-16 18:47:46,ASUS_I006D,33,,f2:79:49:10:57:b9,5300,5GHz,-85,802.11ac,NOT_FOUND,NOT_FOUND,3017,3-5s,NONE,0,
324583,e4522333-4d63-48e7-a585-2726f62a1519,after,2026-09-16 18:47:46,ASUS_I006D,33,HMSUOF,f4:d5:80:4f:a6:10,5500,5GHz,-86,802.11ax,NOT_FOUND,NOT_FOUND,3019,3-5s,NONE,0,
324584,e4522333-4d63-48e7-a585-2726f62a1519,after,2026-09-16 18:47:46,ASUS_I006D,33,metro_sendai1823,80:22:a7:e4:eb:13,5220,5GHz,-86,802.11ac,NOT_FOUND,NOT_FOUND,3038,3-5s,NONE,0,
324585,e4522333-4d63-48e7-a585-2726f62a1519,after,2026-09-16 18:47:46,ASUS_I006D,33,,82:22:a7:e4:eb:7b,5240,5GHz,-86,802.11ac,NOT_FOUND,NOT_FOUND,3019,3-5s,NONE,0,
324586,e4522333-4d63-48e7-a585-2726f62a1519,after,2026-09-16 18:47:46,ASUS_I006D,33,,96:46:8d:28:1b:55,5680,5GHz,-86,802.11ax,NOT_FOUND,NOT_FOUND,3027,3-5s,NONE,0,
324587,e4522333-4d63-48e7-a585-2726f62a1519,after,2026-09-16 18:47:46,ASUS_I006D,33,Wi2premium_club,c4:10:8a:5f:79:8c,5580,5GHz,-86,802.11n,TIMEOUT_AT_FOUR_WAY_HANDSHAKE,TIMEOUT_AT_<STATE>,3013,3-5s,ASSOCIATED_ONLY,5,INTERFACE_DISABLED>DISCONNECTED>ASSOCIATING>ASSOCIATED>FOUR_WAY_HANDSHAKE
324588,e4522333-4d63-48e7-a585-2726f62a1519,after,2026-09-16 18:47:46,ASUS_I006D,33,,aa:46:8d:28:1b:55,5680,5GHz,-86,802.11ax,NOT_FOUND,NOT_FOUND,3018,3-5s,NONE,0,
324589,e4522333-4d63-48e7-a585-2726f62a1519,after,2026-09-16 18:47:46,ASUS_I006D,33,,c4:3c:ea:20:72:e4,5640,5GHz,-87,802.11ac,NOT_FOUND,NOT_FOUND,3018,3-5s,NONE,0,
324590,e4522333-4d63-48e7-a585-2726f62a1519,after,2026-09-16 18:47:46,ASUS_I006D,33,,70:b3:17:58:e3:4a,5500,5GHz,-87,802.11ac,NOT_FOUND,NOT_FOUND,3016,3-5s,NONE,0,
324591,e4522333-4d63-48e7-a585-2726f62a1519,after,2026-09-16 18:47:46,ASUS_I006D,33,OES001-0a2bf872c2e85e4,2e:bc:ec:21:8a:42,5180,5GHz,-87,802.11n,NOT_FOUND,NOT_FOUND,3025,3-5s,NONE,0,
324592,e4522333-4d63-48e7-a585-2726f62a1519,after,2026-09-16 18:47:46,ASUS_I006D,33,,70:b3:17:58:e3:45,5500,5GHz,-87,802.11ac,NOT_FOUND,NOT_FOUND,3029,3-5s,NONE,0,
324593,e4522333-4d63-48e7-a585-2726f62a1519,after,2026-09-16 18:47:46,ASUS_I006D,33,JRHOTEL,82:22:a7:e5:22:33,5200,5GHz,-87,802.11ac,NOT_FOUND,NOT_FOUND,3022,3-5s,NONE,0,
324594,e4522333-4d63-48e7-a585-2726f62a1519,after,2026-09-16 18:47:46,ASUS_I006D,33,Buffalo-5G-AE10-WPA3,ec:5a:31:25:ae:21,5200,5GHz,-87,802.11ac,NOT_FOUND,NOT_FOUND,3023,3-5s,NONE,0,
324595,e4522333-4d63-48e7-a585-2726f62a1519,after,2026-09-16 18:47:46,ASUS_I006D,33,metro_sendai1121,80:22:a7:e4:eb:27,5220,5GHz,-87,802.11ac,NOT_FOUND,NOT_FOUND,3030,3-5s,NONE,0,
324596,e4522333-4d63-48e7-a585-2726f62a1519,after,2026-09-16 18:47:46,ASUS_I006D,33,,1c:bc:ec:21:8a:42,5180,5GHz,-87,802.11n,NOT_FOUND,NOT_FOUND,3013,3-5s,NONE,0,
324598,e4522333-4d63-48e7-a585-2726f62a1519,after,2026-09-16 18:47:46,ASUS_I006D,33,mx-free,70:b3:17:58:e3:4b,5500,5GHz,-88,802.11ac,NOT_FOUND,NOT_FOUND,3022,3-5s,NONE,0,
324599,e4522333-4d63-48e7-a585-2726f62a1519,after,2026-09-16 18:47:46,ASUS_I006D,33,,82:22:a7:e4:25:ef,5180,5GHz,-88,802.11ac,NOT_FOUND,NOT_FOUND,3016,3-5s,NONE,0,
324600,e4522333-4d63-48e7-a585-2726f62a1519,after,2026-09-16 18:47:46,ASUS_I006D,33,mx-newkensho,70:b3:17:58:e3:46,5500,5GHz,-88,802.11ac,NOT_FOUND,NOT_FOUND,3034,3-5s,NONE,0,
324601,e4522333-4d63-48e7-a585-2726f62a1519,after,2026-09-16 18:47:46,ASUS_I006D,33,Wi2_club,18:4b:0d:d6:90:cc,5620,5GHz,-88,802.11ac,TIMEOUT_AT_FOUR_WAY_HANDSHAKE,TIMEOUT_AT_<STATE>,3019,3-5s,ASSOCIATED_ONLY,3,ASSOCIATING>ASSOCIATED>FOUR_WAY_HANDSHAKE
324602,e4522333-4d63-48e7-a585-2726f62a1519,after,2026-09-16 18:47:46,ASUS_I006D,33,Wi2eap,18:4b:0d:56:90:cc,5620,5GHz,-88,802.11ac,NOT_FOUND,NOT_FOUND,3026,3-5s,NONE,0,
324603,e4522333-4d63-48e7-a585-2726f62a1519,after,2026-09-16 18:47:46,ASUS_I006D,33,,96:46:8d:34:35:e0,5700,5GHz,-89,802.11ax,NOT_FOUND,NOT_FOUND,3024,3-5s,NONE,0,
324604,e4522333-4d63-48e7-a585-2726f62a1519,after,2026-09-16 18:47:46,ASUS_I006D,33,,82:22:a7:e5:00:3f,5200,5GHz,-89,802.11ac,NOT_FOUND,NOT_FOUND,3015,3-5s,NONE,0,
324607,e4522333-4d63-48e7-a585-2726f62a1519,after,2026-09-16 18:47:46,ASUS_I006D,33,Wi2eap,c4:10:8a:9f:79:8c,5580,5GHz,-90,802.11n,NOT_FOUND,NOT_FOUND,3032,3-5s,NONE,0,
324608,e4522333-4d63-48e7-a585-2726f62a1519,after,2026-09-16 18:47:46,ASUS_I006D,33,SPWH_L13_05B69A_5G,54:1f:8d:07:b6:9a,5580,5GHz,-91,802.11ax,NOT_FOUND,NOT_FOUND,3026,3-5s,NONE,0,
324302,ec1fef35-5487-44d8-8cfc-3056bd9a5b22,after,2026-09-16 18:49:30,motorola edge 40 neo,34,0002softbank,12:09:b4:71:22:08,5520,5GHz,-65,802.11ac,NOT_FOUND,NOT_FOUND,3012,3-5s,NONE,0,
324303,ec1fef35-5487-44d8-8cfc-3056bd9a5b22,after,2026-09-16 18:49:30,motorola edge 40 neo,34,0000softbank,02:09:b4:71:22:08,5520,5GHz,-66,802.11ac,TIMEOUT_AT_FOUR_WAY_HANDSHAKE,TIMEOUT_AT_<STATE>,3015,3-5s,ASSOCIATED_ONLY,6,INTERFACE_DISABLED>DISCONNECTED>SCANNING>ASSOCIATING>ASSOCIATED>FOUR_WAY_HANDSHAKE
324306,ec1fef35-5487-44d8-8cfc-3056bd9a5b22,after,2026-09-16 18:49:30,motorola edge 40 neo,34,LinkWiFi_AGP,00:09:b4:71:22:08,5520,5GHz,-67,802.11ac,TIMEOUT_AT_FOUR_WAY_HANDSHAKE,TIMEOUT_AT_<STATE>,3010,3-5s,ASSOCIATED_ONLY,5,INTERFACE_DISABLED>DISCONNECTED>ASSOCIATING>ASSOCIATED>FOUR_WAY_HANDSHAKE
324307,ec1fef35-5487-44d8-8cfc-3056bd9a5b22,after,2026-09-16 18:49:30,motorola edge 40 neo,34,KYOCERA A401KC 6108,62:aa:e8:ab:f4:85,2427,2.4GHz,-67,802.11n,NOT_FOUND,NOT_FOUND,3010,3-5s,NONE,0,
324308,ec1fef35-5487-44d8-8cfc-3056bd9a5b22,after,2026-09-16 18:49:30,motorola edge 40 neo,34,iPhone,ca:08:3e:9f:f8:9c,2437,2.4GHz,-69,802.11ax,NOT_FOUND,NOT_FOUND,3012,3-5s,NONE,0,
324309,ec1fef35-5487-44d8-8cfc-3056bd9a5b22,after,2026-09-16 18:49:30,motorola edge 40 neo,34,USPOT02_MESH_750260524_001,06:92:5e:e3:db:b0,2472,2.4GHz,-69,802.11ax,NOT_FOUND,NOT_FOUND,3006,3-5s,NONE,0,
324310,ec1fef35-5487-44d8-8cfc-3056bd9a5b22,after,2026-09-16 18:49:30,motorola edge 40 neo,34,metro_sendai919,80:22:a7:e4:25:ea,2437,2.4GHz,-71,802.11n,NOT_FOUND,NOT_FOUND,3011,3-5s,NONE,0,
324314,ec1fef35-5487-44d8-8cfc-3056bd9a5b22,after,2026-09-16 18:49:30,motorola edge 40 neo,34,Wi2eap,d4:68:4d:82:69:9c,5500,5GHz,-73,802.11n,NOT_FOUND,NOT_FOUND,3009,3-5s,NONE,0,
324316,ec1fef35-5487-44d8-8cfc-3056bd9a5b22,after,2026-09-16 18:49:30,motorola edge 40 neo,34,Wi2_club,d4:68:4d:42:69:9c,5500,5GHz,-73,802.11n,TIMEOUT_AT_FOUR_WAY_HANDSHAKE,TIMEOUT_AT_<STATE>,3007,3-5s,ASSOCIATED_ONLY,5,INTERFACE_DISABLED>DISCONNECTED>ASSOCIATING>ASSOCIATED>FOUR_WAY_HANDSHAKE
324317,ec1fef35-5487-44d8-8cfc-3056bd9a5b22,after,2026-09-16 18:49:30,motorola edge 40 neo,34,metro_sendai1916,80:22:a7:e5:29:82,2412,2.4GHz,-74,802.11n,NOT_FOUND,NOT_FOUND,3011,3-5s,NONE,0,
324318,ec1fef35-5487-44d8-8cfc-3056bd9a5b22,after,2026-09-16 18:49:30,motorola edge 40 neo,34,IPCAM-202872,c8:fe:0f:6c:70:83,2442,2.4GHz,-74,802.11a/b/g,NOT_FOUND,NOT_FOUND,3009,3-5s,NONE,0,
324319,ec1fef35-5487-44d8-8cfc-3056bd9a5b22,after,2026-09-16 18:49:30,motorola edge 40 neo,34,USPOT_6079695_2.4G,98:2d:ba:37:b7:f7,2442,2.4GHz,-75,802.11n,NOT_FOUND,NOT_FOUND,3012,3-5s,NONE,0,
324321,ec1fef35-5487-44d8-8cfc-3056bd9a5b22,after,2026-09-16 18:49:30,motorola edge 40 neo,34,Wi2_club,18:4b:0d:d6:90:c8,2447,2.4GHz,-76,802.11n,NOT_FOUND,NOT_FOUND,3011,3-5s,NONE,0,
324324,ec1fef35-5487-44d8-8cfc-3056bd9a5b22,after,2026-09-16 18:49:30,motorola edge 40 neo,34,Wi2eap,c4:10:8a:9f:79:8c,5580,5GHz,-81,802.11n,NOT_FOUND,NOT_FOUND,3013,3-5s,NONE,0,
324325,ec1fef35-5487-44d8-8cfc-3056bd9a5b22,after,2026-09-16 18:49:30,motorola edge 40 neo,34,Wi2premium_club,c4:10:8a:5f:79:8c,5580,5GHz,-83,802.11n,NOT_FOUND,NOT_FOUND,3007,3-5s,NONE,0,
324326,ec1fef35-5487-44d8-8cfc-3056bd9a5b22,after,2026-09-16 18:49:30,motorola edge 40 neo,34,metro_sendai1919,80:22:a7:e5:91:33,5240,5GHz,-85,802.11ac,NOT_FOUND,NOT_FOUND,3014,3-5s,NONE,0,
324327,ec1fef35-5487-44d8-8cfc-3056bd9a5b22,after,2026-09-16 18:49:30,motorola edge 40 neo,34,,82:22:a7:e5:aa:b7,5220,5GHz,-85,802.11ac,NOT_FOUND,NOT_FOUND,3014,3-5s,NONE,0,
324328,ec1fef35-5487-44d8-8cfc-3056bd9a5b22,after,2026-09-16 18:49:30,motorola edge 40 neo,34,metro_sendai2021,80:22:a7:e5:aa:b7,5220,5GHz,-85,802.11ac,NOT_FOUND,NOT_FOUND,3008,3-5s,NONE,0,
324329,ec1fef35-5487-44d8-8cfc-3056bd9a5b22,after,2026-09-16 18:49:30,motorola edge 40 neo,34,NSD-Kin-Cam-5,c4:36:c0:b9:ed:29,5180,5GHz,-86,802.11ax,NOT_FOUND,NOT_FOUND,3014,3-5s,NONE,0,
324330,ec1fef35-5487-44d8-8cfc-3056bd9a5b22,after,2026-09-16 18:49:30,motorola edge 40 neo,34,USPOT_6079695_5.0G,98:2d:ba:37:b7:f6,5220,5GHz,-87,802.11ac,NOT_FOUND,NOT_FOUND,3013,3-5s,NONE,0,
324331,ec1fef35-5487-44d8-8cfc-3056bd9a5b22,after,2026-09-16 18:49:30,motorola edge 40 neo,34,,8c:86:dd:63:5a:5f,5220,5GHz,-88,802.11ax,NOT_FOUND,NOT_FOUND,3011,3-5s,NONE,0,
324334,ec1fef35-5487-44d8-8cfc-3056bd9a5b22,after,2026-09-16 18:49:30,motorola edge 40 neo,34,0000softbank,30:f7:72:f9:55:c9,5260,5GHz,-88,802.11ac,NOT_FOUND,NOT_FOUND,3010,3-5s,NONE,0,
324336,ec1fef35-5487-44d8-8cfc-3056bd9a5b22,after,2026-09-16 18:49:30,motorola edge 40 neo,34,US750260524001,0a:92:5e:e3:db:b1,5260,5GHz,-88,802.11ax,NOT_FOUND,NOT_FOUND,3005,3-5s,NONE,0,
324337,ec1fef35-5487-44d8-8cfc-3056bd9a5b22,after,2026-09-16 18:49:30,motorola edge 40 neo,34,USPOT02_MESH_750260524_001,0a:92:5e:e3:db:b0,5260,5GHz,-88,802.11ax,NOT_FOUND,NOT_FOUND,3006,3-5s,NONE,0,
324339,ec1fef35-5487-44d8-8cfc-3056bd9a5b22,after,2026-09-16 18:49:30,motorola edge 40 neo,34,5.0TCJ-fellow,0a:92:5e:e3:db:b2,5260,5GHz,-88,802.11ax,NOT_FOUND,NOT_FOUND,3008,3-5s,NONE,0,
324342,ec1fef35-5487-44d8-8cfc-3056bd9a5b22,after,2026-09-16 18:49:30,motorola edge 40 neo,34,Wi2_club,d4:68:4d:40:29:bc,5500,5GHz,-88,802.11n,TIMEOUT_AT_FOUR_WAY_HANDSHAKE,TIMEOUT_AT_<STATE>,3007,3-5s,ASSOCIATED_ONLY,5,INTERFACE_DISABLED>DISCONNECTED>ASSOCIATING>ASSOCIATED>FOUR_WAY_HANDSHAKE
324344,ec1fef35-5487-44d8-8cfc-3056bd9a5b22,after,2026-09-16 18:49:30,motorola edge 40 neo,34,0002softbank,30:f7:72:f9:55:ca,5260,5GHz,-88,802.11ac,NOT_FOUND,NOT_FOUND,3007,3-5s,NONE,0,
324345,ec1fef35-5487-44d8-8cfc-3056bd9a5b22,after,2026-09-16 18:49:30,motorola edge 40 neo,34,LinkWiFi_AGP,30:f7:72:f9:55:cb,5260,5GHz,-88,802.11ac,NOT_FOUND,NOT_FOUND,3008,3-5s,NONE,0,
324347,ec1fef35-5487-44d8-8cfc-3056bd9a5b22,after,2026-09-16 18:49:30,motorola edge 40 neo,34,graniphsendai,8e:86:dd:83:5a:5e,5220,5GHz,-89,802.11ax,NOT_FOUND,NOT_FOUND,3007,3-5s,NONE,0,
324348,ec1fef35-5487-44d8-8cfc-3056bd9a5b22,after,2026-09-16 18:49:30,motorola edge 40 neo,34,Buffalo-5G-F170,84:e8:cb:bd:f1:79,5180,5GHz,-89,802.11ax,NOT_FOUND,NOT_FOUND,3016,3-5s,NONE,0,
324349,ec1fef35-5487-44d8-8cfc-3056bd9a5b22,after,2026-09-16 18:49:30,motorola edge 40 neo,34,,96:46:8d:34:9e:8a,5600,5GHz,-89,802.11ax,NOT_FOUND,NOT_FOUND,3008,3-5s,NONE,0,
324351,ec1fef35-5487-44d8-8cfc-3056bd9a5b22,after,2026-09-16 18:49:30,motorola edge 40 neo,34,Wi2eap,d4:68:4d:80:29:bc,5500,5GHz,-89,802.11n,NOT_FOUND,NOT_FOUND,3016,3-5s,NONE,0,
324352,ec1fef35-5487-44d8-8cfc-3056bd9a5b22,after,2026-09-16 18:49:30,motorola edge 40 neo,34,metro_sendai919,80:22:a7:e4:25:eb,5180,5GHz,-89,802.11ac,NOT_FOUND,NOT_FOUND,3012,3-5s,NONE,0,
324353,ec1fef35-5487-44d8-8cfc-3056bd9a5b22,after,2026-09-16 18:49:30,motorola edge 40 neo,34,,96:46:8d:34:35:e0,5700,5GHz,-89,802.11ax,NOT_FOUND,NOT_FOUND,3008,3-5s,NONE,0,
324354,ec1fef35-5487-44d8-8cfc-3056bd9a5b22,after,2026-09-16 18:49:30,motorola edge 40 neo,34,Buffalo-5G-F170-WPA3,84:e8:cb:bd:f1:7a,5180,5GHz,-89,802.11ax,NOT_FOUND,NOT_FOUND,3007,3-5s,NONE,0,
324355,ec1fef35-5487-44d8-8cfc-3056bd9a5b22,after,2026-09-16 18:49:30,motorola edge 40 neo,34,JRHOTEL,82:22:a7:e5:22:33,5200,5GHz,-89,802.11ac,NOT_FOUND,NOT_FOUND,3012,3-5s,NONE,0,
324356,ec1fef35-5487-44d8-8cfc-3056bd9a5b22,after,2026-09-16 18:49:30,motorola edge 40 neo,34,,82:22:a7:e4:d4:fb,5180,5GHz,-90,802.11ac,NOT_FOUND,NOT_FOUND,3006,3-5s,NONE,0,
324357,ec1fef35-5487-44d8-8cfc-3056bd9a5b22,after,2026-09-16 18:49:30,motorola edge 40 neo,34,Wi2_club,18:4b:0d:d6:90:cc,5620,5GHz,-90,802.11ac,NOT_FOUND,NOT_FOUND,3005,3-5s,NONE,0,
324358,ec1fef35-5487-44d8-8cfc-3056bd9a5b22,after,2026-09-16 18:49:30,motorola edge 40 neo,34,SPWH_L13_05B69A_5G,54:1f:8d:07:b6:9a,5580,5GHz,-90,802.11ax,NOT_FOUND,NOT_FOUND,3008,3-5s,NONE,0,
324359,ec1fef35-5487-44d8-8cfc-3056bd9a5b22,after,2026-09-16 18:49:30,motorola edge 40 neo,34,metro_sendai1221,80:22:a7:e5:00:33,5220,5GHz,-90,802.11ac,NOT_FOUND,NOT_FOUND,3013,3-5s,NONE,0,
324360,ec1fef35-5487-44d8-8cfc-3056bd9a5b22,after,2026-09-16 18:49:30,motorola edge 40 neo,34,Buffalo-5G-AE10-WPA3,ec:5a:31:25:ae:21,5200,5GHz,-90,802.11ac,NOT_FOUND,NOT_FOUND,3013,3-5s,NONE,0,
324361,ec1fef35-5487-44d8-8cfc-3056bd9a5b22,after,2026-09-16 18:49:30,motorola edge 40 neo,34,,82:22:a7:e5:17:df,5200,5GHz,-90,802.11ac,NOT_FOUND,NOT_FOUND,3009,3-5s,NONE,0,
324362,ec1fef35-5487-44d8-8cfc-3056bd9a5b22,after,2026-09-16 18:49:30,motorola edge 40 neo,34,sanzen-wifi,00:e5:f1:9b:18:4c,5180,5GHz,-90,802.11ac,NOT_FOUND,NOT_FOUND,3012,3-5s,NONE,0,
324363,ec1fef35-5487-44d8-8cfc-3056bd9a5b22,after,2026-09-16 18:49:30,motorola edge 40 neo,34,metro_sendai2024,80:22:a7:e5:aa:a3,5200,5GHz,-90,802.11ac,NOT_FOUND,NOT_FOUND,3007,3-5s,NONE,0,
324364,ec1fef35-5487-44d8-8cfc-3056bd9a5b22,after,2026-09-16 18:49:30,motorola edge 40 neo,34,metro_sendai1823,80:22:a7:e4:eb:13,5220,5GHz,-90,802.11ac,NOT_FOUND,NOT_FOUND,3014,3-5s,NONE,0,
324365,ec1fef35-5487-44d8-8cfc-3056bd9a5b22,after,2026-09-16 18:49:30,motorola edge 40 neo,34,metro_sendai1219,80:22:a7:e4:ef:17,5200,5GHz,-90,802.11ac,NOT_FOUND,NOT_FOUND,3008,3-5s,NONE,0,
324366,ec1fef35-5487-44d8-8cfc-3056bd9a5b22,after,2026-09-16 18:49:30,motorola edge 40 neo,34,TownWiFi,98:2d:ba:37:b7:ef,5220,5GHz,-90,802.11ac,NOT_FOUND,NOT_FOUND,3008,3-5s,NONE,0,
324367,ec1fef35-5487-44d8-8cfc-3056bd9a5b22,after,2026-09-16 18:49:30,motorola edge 40 neo,34,,84:e8:cb:bd:f1:7f,5180,5GHz,-90,802.11ax,NOT_FOUND,NOT_FOUND,3013,3-5s,NONE,0,
324368,ec1fef35-5487-44d8-8cfc-3056bd9a5b22,after,2026-09-16 18:49:30,motorola edge 40 neo,34,,82:22:a7:e4:3e:6f,5240,5GHz,-90,802.11ac,NOT_FOUND,NOT_FOUND,3009,3-5s,NONE,0,
324369,ec1fef35-5487-44d8-8cfc-3056bd9a5b22,after,2026-09-16 18:49:30,motorola edge 40 neo,34,,82:22:a7:e4:25:eb,5180,5GHz,-90,802.11ac,NOT_FOUND,NOT_FOUND,3011,3-5s,NONE,0,
324370,ec1fef35-5487-44d8-8cfc-3056bd9a5b22,after,2026-09-16 18:49:30,motorola edge 40 neo,34,,82:22:a7:e5:34:b3,5200,5GHz,-90,802.11ac,NOT_FOUND,NOT_FOUND,3008,3-5s,NONE,0,
324371,ec1fef35-5487-44d8-8cfc-3056bd9a5b22,after,2026-09-16 18:49:30,motorola edge 40 neo,34,,82:22:a7:e5:30:0f,5240,5GHz,-90,802.11ac,NOT_FOUND,NOT_FOUND,3013,3-5s,NONE,0,
324372,ec1fef35-5487-44d8-8cfc-3056bd9a5b22,after,2026-09-16 18:49:30,motorola edge 40 neo,34,metro_sendai716,80:22:a7:e4:3e:6f,5240,5GHz,-90,802.11ac,NOT_FOUND,NOT_FOUND,3008,3-5s,NONE,0,
324373,ec1fef35-5487-44d8-8cfc-3056bd9a5b22,after,2026-09-16 18:49:30,motorola edge 40 neo,34,Wi2eap,18:4b:0d:56:90:cc,5620,5GHz,-90,802.11ac,NOT_FOUND,NOT_FOUND,3007,3-5s,NONE,0,
324374,ec1fef35-5487-44d8-8cfc-3056bd9a5b22,after,2026-09-16 18:49:30,motorola edge 40 neo,34,metro_sendai1220,80:22:a7:e5:22:33,5200,5GHz,-90,802.11ac,NOT_FOUND,NOT_FOUND,3016,3-5s,NONE,0,
324375,ec1fef35-5487-44d8-8cfc-3056bd9a5b22,after,2026-09-16 18:49:30,motorola edge 40 neo,34,Buffalo-5G-AE10,ec:5a:31:25:ae:20,5200,5GHz,-91,802.11ac,NOT_FOUND,NOT_FOUND,3006,3-5s,NONE,0,
324376,ec1fef35-5487-44d8-8cfc-3056bd9a5b22,after,2026-09-16 18:49:30,motorola edge 40 neo,34,metro_sendai2019,80:22:a7:e4:d4:fb,5180,5GHz,-91,802.11ac,NOT_FOUND,NOT_FOUND,3010,3-5s,NONE,0,
324377,ec1fef35-5487-44d8-8cfc-3056bd9a5b22,after,2026-09-16 18:49:30,motorola edge 40 neo,34,metro_sendai1121,80:22:a7:e4:eb:27,5220,5GHz,-91,802.11ac,NOT_FOUND,NOT_FOUND,3008,3-5s,NONE,0,
324378,ec1fef35-5487-44d8-8cfc-3056bd9a5b22,after,2026-09-16 18:49:30,motorola edge 40 neo,34,GRA-AccessPoint-01261,8e:86:dd:83:5a:2a,5220,5GHz,-91,802.11ax,NOT_FOUND,NOT_FOUND,3013,3-5s,NONE,0,
324379,ec1fef35-5487-44d8-8cfc-3056bd9a5b22,after,2026-09-16 18:49:30,motorola edge 40 neo,34,metro_sendai1817,80:22:a7:e5:1d:73,5240,5GHz,-91,802.11ac,NOT_FOUND,NOT_FOUND,3007,3-5s,NONE,0,
324381,ec1fef35-5487-44d8-8cfc-3056bd9a5b22,after,2026-09-16 18:49:30,motorola edge 40 neo,34,LinkWiFi_AGP,30:f7:72:f5:29:fb,5180,5GHz,-91,802.11ac,NOT_FOUND,NOT_FOUND,3013,3-5s,NONE,0,
324382,ec1fef35-5487-44d8-8cfc-3056bd9a5b22,after,2026-09-16 18:49:30,motorola edge 40 neo,34,0002softbank,30:f7:72:f5:29:fa,5180,5GHz,-91,802.11ac,NOT_FOUND,NOT_FOUND,3011,3-5s,NONE,0,
324384,ec1fef35-5487-44d8-8cfc-3056bd9a5b22,after,2026-09-16 18:49:30,motorola edge 40 neo,34,metro_sendai1719,80:22:a7:e5:30:cf,5200,5GHz,-92,802.11ac,NOT_FOUND,NOT_FOUND,3016,3-5s,NONE,0,
324385,ec1fef35-5487-44d8-8cfc-3056bd9a5b22,after,2026-09-16 18:49:30,motorola edge 40 neo,34,,82:22:a7:e5:30:cf,5200,5GHz,-92,802.11ac,NOT_FOUND,NOT_FOUND,3007,3-5s,NONE,0,
324387,ec1fef35-5487-44d8-8cfc-3056bd9a5b22,after,2026-09-16 18:49:30,motorola edge 40 neo,34,0000softbank,30:f7:72:f5:29:f9,5180,5GHz,-92,802.11ac,NOT_FOUND,NOT_FOUND,3015,3-5s,NONE,0,
324388,ec1fef35-5487-44d8-8cfc-3056bd9a5b22,after,2026-09-16 18:49:30,motorola edge 40 neo,34,,82:22:a7:e4:25:ef,5180,5GHz,-92,802.11ac,NOT_FOUND,NOT_FOUND,3017,3-5s,NONE,0,
324389,ec1fef35-5487-44d8-8cfc-3056bd9a5b22,after,2026-09-16 18:49:30,motorola edge 40 neo,34,,82:22:a7:e5:31:17,5220,5GHz,-92,802.11ac,NOT_FOUND,NOT_FOUND,3006,3-5s,NONE,0,
324390,ec1fef35-5487-44d8-8cfc-3056bd9a5b22,after,2026-09-16 18:49:30,motorola edge 40 neo,34,,1a:2c:a9:27:cc:ae,6135,6GHz,-92,802.11be,NOT_FOUND,NOT_FOUND,3008,3-5s,NONE,0,
324391,ec1fef35-5487-44d8-8cfc-3056bd9a5b22,after,2026-09-16 18:49:30,motorola edge 40 neo,34,metro_sendai1819,80:22:a7:e5:2a:37,5200,5GHz,-92,802.11ac,NOT_FOUND,NOT_FOUND,3006,3-5s,NONE,0,
324392,ec1fef35-5487-44d8-8cfc-3056bd9a5b22,after,2026-09-16 18:49:30,motorola edge 40 neo,34,metro_sendai1120,80:22:a7:e5:14:4b,5240,5GHz,-92,802.11ac,NOT_FOUND,NOT_FOUND,3014,3-5s,NONE,0,
324393,ec1fef35-5487-44d8-8cfc-3056bd9a5b22,after,2026-09-16 18:49:30,motorola edge 40 neo,34,040141923_5G,f0:5c:19:ca:96:b0,5220,5GHz,-92,802.11n,TIMEOUT_AT_FOUR_WAY_HANDSHAKE,TIMEOUT_AT_<STATE>,3008,3-5s,ASSOCIATED_ONLY,5,INTERFACE_DISABLED>DISCONNECTED>ASSOCIATING>ASSOCIATED>FOUR_WAY_HANDSHAKE
324394,a36d87c2-b525-4550-833f-7015d908c5ac,after,2026-09-16 18:52:34,motorola edge 40 neo,34,Rakuten Mobile,d6:f5:9a:38:8f:76,2437,2.4GHz,-63,802.11n,TIMEOUT_AT_FOUR_WAY_HANDSHAKE,TIMEOUT_AT_<STATE>,3006,3-5s,ASSOCIATED_ONLY,5,INTERFACE_DISABLED>DISCONNECTED>ASSOCIATING>ASSOCIATED>FOUR_WAY_HANDSHAKE
324395,a36d87c2-b525-4550-833f-7015d908c5ac,after,2026-09-16 18:52:34,motorola edge 40 neo,34,CPS14-KN120110-S,b4:62:2e:bf:0e:09,2462,2.4GHz,-65,802.11ax,NOT_FOUND,NOT_FOUND,3010,3-5s,NONE,0,
324397,a36d87c2-b525-4550-833f-7015d908c5ac,after,2026-09-16 18:52:34,motorola edge 40 neo,34,AIB-AP,00:10:38:3c:4d:b5,2462,2.4GHz,-67,802.11n,FAILED_AT_DISCONNECTED,FAILED_AT_<STATE>,1558,0-2s,ASSOCIATED_ONLY,6,INTERFACE_DISABLED>DISCONNECTED>ASSOCIATING>ASSOCIATED>FOUR_WAY_HANDSHAKE>DISCONNECTED
324398,a36d87c2-b525-4550-833f-7015d908c5ac,after,2026-09-16 18:52:34,motorola edge 40 neo,34,Wi2eap,d4:68:4d:82:69:9c,5500,5GHz,-67,802.11n,NOT_FOUND,NOT_FOUND,3007,3-5s,NONE,0,
324401,a36d87c2-b525-4550-833f-7015d908c5ac,after,2026-09-16 18:52:34,motorola edge 40 neo,34,Wi2_club,d4:68:4d:42:69:9c,5500,5GHz,-67,802.11n,FAILED_AT_DISCONNECTED,FAILED_AT_<STATE>,652,0-2s,ASSOCIATING_ONLY,22,INTERFACE_DISABLED>DISCONNECTED>ASSOCIATING>DISCONNECTED>INTERFACE_DISABLED>DISCONNECTED>INTERFACE_DISABLED>DISCONNECTED>ASSOCIATING>DISCONNECTED>INTERFACE_DISABLED>DISCONNECTED>INTERFACE_DISABLED>DISCONNECTED>ASSOCIATING>DISCONNECTED>INTERFACE_DISABLED>DISCONNECTED>INTERFACE_DISABLED>DISCONNECTED>ASSOCIATING>DISCONNECTED
324402,a36d87c2-b525-4550-833f-7015d908c5ac,after,2026-09-16 18:52:34,motorola edge 40 neo,34,,10:66:82:5f:14:5d,2462,2.4GHz,-69,802.11n,NOT_FOUND,NOT_FOUND,3007,3-5s,NONE,0,
324403,a36d87c2-b525-4550-833f-7015d908c5ac,after,2026-09-16 18:52:34,motorola edge 40 neo,34,JS0528251901KX1,40:ed:00:08:da:b3,2447,2.4GHz,-70,802.11n,NOT_FOUND,NOT_FOUND,3017,3-5s,NONE,0,
324404,a36d87c2-b525-4550-833f-7015d908c5ac,after,2026-09-16 18:52:34,motorola edge 40 neo,34,HMSUOF,f4:d5:80:4f:a6:08,2462,2.4GHz,-70,802.11ax,NOT_FOUND,NOT_FOUND,3008,3-5s,NONE,0,
324406,a36d87c2-b525-4550-833f-7015d908c5ac,after,2026-09-16 18:52:34,motorola edge 40 neo,34,GRA-AccessPoint-01261,8e:86:dd:23:5a:26,2422,2.4GHz,-72,802.11ax,NOT_FOUND,NOT_FOUND,3015,3-5s,NONE,0,
324408,a36d87c2-b525-4550-833f-7015d908c5ac,after,2026-09-16 18:52:34,motorola edge 40 neo,34,stoks,a4:9b:cd:3c:96:82,2412,2.4GHz,-73,802.11ax,TIMEOUT_AT_ASSOCIATING,TIMEOUT_AT_<STATE>,3007,3-5s,ASSOCIATING_ONLY,3,INTERFACE_DISABLED>DISCONNECTED>ASSOCIATING
324409,a36d87c2-b525-4550-833f-7015d908c5ac,after,2026-09-16 18:52:34,motorola edge 40 neo,34,SPW_X11_aefe3a,54:9b:49:c3:a8:82,2437,2.4GHz,-73,802.11n,NOT_FOUND,NOT_FOUND,3013,3-5s,NONE,0,
324411,a36d87c2-b525-4550-833f-7015d908c5ac,after,2026-09-16 18:52:34,motorola edge 40 neo,34,Wi2_club,d4:68:4d:42:69:98,2462,2.4GHz,-73,802.11n,TIMEOUT_AT_FOUR_WAY_HANDSHAKE,TIMEOUT_AT_<STATE>,3014,3-5s,ASSOCIATED_ONLY,5,INTERFACE_DISABLED>DISCONNECTED>ASSOCIATING>ASSOCIATED>FOUR_WAY_HANDSHAKE
324413,a36d87c2-b525-4550-833f-7015d908c5ac,after,2026-09-16 18:52:34,motorola edge 40 neo,34,4122503021593,7c:ba:cc:05:f4:58,2437,2.4GHz,-74,802.11ax,NOT_FOUND,NOT_FOUND,3007,3-5s,NONE,0,
324416,a36d87c2-b525-4550-833f-7015d908c5ac,after,2026-09-16 18:52:34,motorola edge 40 neo,34,Wi2eap,d4:68:4d:80:29:bc,5500,5GHz,-79,802.11n,NOT_FOUND,NOT_FOUND,3011,3-5s,NONE,0,
324419,a36d87c2-b525-4550-833f-7015d908c5ac,after,2026-09-16 18:52:34,motorola edge 40 neo,34,Wi2_club,d4:68:4d:40:29:bc,5500,5GHz,-79,802.11n,TIMEOUT_AT_INTERFACE_DISABLED,TIMEOUT_AT_<STATE>,921,0-2s,ASSOCIATING_ONLY,23,INTERFACE_DISABLED>DISCONNECTED>ASSOCIATING>DISCONNECTED>INTERFACE_DISABLED>DISCONNECTED>INTERFACE_DISABLED>DISCONNECTED>ASSOCIATING>DISCONNECTED>INTERFACE_DISABLED>DISCONNECTED>INTERFACE_DISABLED>DISCONNECTED>ASSOCIATING>DISCONNECTED>INTERFACE_DISABLED>DISCONNECTED>INTERFACE_DISABLED>DISCONNECTED>ASSOCIATING>DISCONNECTED>INTERFACE_DISABLED
324420,a36d87c2-b525-4550-833f-7015d908c5ac,after,2026-09-16 18:52:34,motorola edge 40 neo,34,Buffalo-5G-AE10,ec:5a:31:25:ae:20,5200,5GHz,-82,802.11ac,TIMEOUT_AT_FOUR_WAY_HANDSHAKE,TIMEOUT_AT_<STATE>,3007,3-5s,ASSOCIATED_ONLY,5,INTERFACE_DISABLED>DISCONNECTED>ASSOCIATING>ASSOCIATED>FOUR_WAY_HANDSHAKE
324421,a36d87c2-b525-4550-833f-7015d908c5ac,after,2026-09-16 18:52:34,motorola edge 40 neo,34,HMSUOF,f4:d5:80:4f:a6:10,5500,5GHz,-82,802.11ax,NOT_FOUND,NOT_FOUND,3013,3-5s,NONE,0,
324423,a36d87c2-b525-4550-833f-7015d908c5ac,after,2026-09-16 18:52:34,motorola edge 40 neo,34,Buffalo-5G-AE10-WPA3,ec:5a:31:25:ae:21,5200,5GHz,-83,802.11ac,TIMEOUT_AT_ASSOCIATING,TIMEOUT_AT_<STATE>,1789,0-2s,ASSOCIATING_ONLY,1,ASSOCIATING
324424,a36d87c2-b525-4550-833f-7015d908c5ac,after,2026-09-16 18:52:34,motorola edge 40 neo,34,graniphsendai,8e:86:dd:83:5a:5e,5220,5GHz,-84,802.11ax,TIMEOUT_AT_FOUR_WAY_HANDSHAKE,TIMEOUT_AT_<STATE>,3008,3-5s,ASSOCIATED_ONLY,5,INTERFACE_DISABLED>DISCONNECTED>ASSOCIATING>ASSOCIATED>FOUR_WAY_HANDSHAKE
324425,a36d87c2-b525-4550-833f-7015d908c5ac,after,2026-09-16 18:52:34,motorola edge 40 neo,34,,8c:86:dd:63:5a:27,5220,5GHz,-85,802.11ax,NOT_FOUND,NOT_FOUND,3008,3-5s,NONE,0,
324426,a36d87c2-b525-4550-833f-7015d908c5ac,after,2026-09-16 18:52:34,motorola edge 40 neo,34,GRA-AccessPoint-01261,8e:86:dd:83:5a:26,5220,5GHz,-85,802.11ax,TIMEOUT_AT_FOUR_WAY_HANDSHAKE,TIMEOUT_AT_<STATE>,3008,3-5s,ASSOCIATED_ONLY,5,INTERFACE_DISABLED>DISCONNECTED>ASSOCIATING>ASSOCIATED>FOUR_WAY_HANDSHAKE
324427,a36d87c2-b525-4550-833f-7015d908c5ac,after,2026-09-16 18:52:34,motorola edge 40 neo,34,GRA-AccessPoint-01261,8e:86:dd:83:5a:2a,5180,5GHz,-85,802.11ax,TIMEOUT_AT_FOUR_WAY_HANDSHAKE,TIMEOUT_AT_<STATE>,3019,3-5s,ASSOCIATED_ONLY,5,INTERFACE_DISABLED>DISCONNECTED>ASSOCIATING>ASSOCIATED>FOUR_WAY_HANDSHAKE
324429,a36d87c2-b525-4550-833f-7015d908c5ac,after,2026-09-16 18:52:34,motorola edge 40 neo,34,SPW_X11_ae91f3,08:10:86:d0:07:5b,5180,5GHz,-85,802.11ax,NOT_FOUND,NOT_FOUND,3010,3-5s,NONE,0,
324430,a36d87c2-b525-4550-833f-7015d908c5ac,after,2026-09-16 18:52:34,motorola edge 40 neo,34,EUQNXKK5T45DS7,ac:44:f2:f0:6e:28,5660,5GHz,-86,802.11ax,NOT_FOUND,NOT_FOUND,3013,3-5s,NONE,0,
324431,a36d87c2-b525-4550-833f-7015d908c5ac,after,2026-09-16 18:52:34,motorola edge 40 neo,34,,20:9c:b4:96:f3:10,5580,5GHz,-86,802.11ax,NOT_FOUND,NOT_FOUND,3009,3-5s,NONE,0,
324432,a36d87c2-b525-4550-833f-7015d908c5ac,after,2026-09-16 18:52:34,motorola edge 40 neo,34,,8c:86:dd:63:5a:2b,5180,5GHz,-86,802.11ax,NOT_FOUND,NOT_FOUND,3013,3-5s,NONE,0,
324433,a36d87c2-b525-4550-833f-7015d908c5ac,after,2026-09-16 18:52:34,motorola edge 40 neo,34,_manekineko_free_Wi-Fi,0a:92:5e:e3:d0:fb,5320,5GHz,-87,802.11ax,NOT_FOUND,NOT_FOUND,3009,3-5s,NONE,0,
324434,a36d87c2-b525-4550-833f-7015d908c5ac,after,2026-09-16 18:52:34,motorola edge 40 neo,34,NSD-Kin-Cam-5,c4:36:c0:b9:ed:29,5180,5GHz,-88,802.11ax,NOT_FOUND,NOT_FOUND,3012,3-5s,NONE,0,
324435,a36d87c2-b525-4550-833f-7015d908c5ac,after,2026-09-16 18:52:34,motorola edge 40 neo,34,#UW750166046,0a:92:5e:e3:d0:fa,5320,5GHz,-88,802.11ax,NOT_FOUND,NOT_FOUND,3008,3-5s,NONE,0,
324437,a36d87c2-b525-4550-833f-7015d908c5ac,after,2026-09-16 18:52:34,motorola edge 40 neo,34,SPW_X12_9Wa,1c:7c:98:32:03:6f,5180,5GHz,-90,802.11ax,NOT_FOUND,NOT_FOUND,3015,3-5s,NONE,0,
324438,a36d87c2-b525-4550-833f-7015d908c5ac,after,2026-09-16 18:52:34,motorola edge 40 neo,34,ZXY-SENDAI,ac:44:f2:b1:1f:50,5600,5GHz,-90,802.11ac,NOT_FOUND,NOT_FOUND,3008,3-5s,NONE,0,
324439,a36d87c2-b525-4550-833f-7015d908c5ac,after,2026-09-16 18:52:34,motorola edge 40 neo,34,Mirapon_2915855,de:d7:28:af:cd:51,5180,5GHz,-90,802.11n,NOT_FOUND,NOT_FOUND,3015,3-5s,NONE,0,
324440,a36d87c2-b525-4550-833f-7015d908c5ac,after,2026-09-16 18:52:34,motorola edge 40 neo,34,SPWH_L13_05B69A_5G,54:1f:8d:07:b6:9a,5580,5GHz,-91,802.11ax,TIMEOUT_AT_ASSOCIATING,TIMEOUT_AT_<STATE>,1273,0-2s,ASSOCIATING_ONLY,3,INTERFACE_DISABLED>DISCONNECTED>ASSOCIATING
324441,a36d87c2-b525-4550-833f-7015d908c5ac,after,2026-09-16 18:52:34,motorola edge 40 neo,34,aterm-bb5a25-a,56:9b:49:1d:d8:17,5180,5GHz,-91,802.11ac,NOT_FOUND,NOT_FOUND,3005,3-5s,NONE,0,
324443,a36d87c2-b525-4550-833f-7015d908c5ac,after,2026-09-16 18:52:34,motorola edge 40 neo,34,LinkWiFi_AGP,90:32:4b:f4:a4:03,5560,5GHz,-91,802.11ax,NOT_FOUND,NOT_FOUND,3014,3-5s,NONE,0,
324444,a36d87c2-b525-4550-833f-7015d908c5ac,after,2026-09-16 18:52:34,motorola edge 40 neo,34,0000softbank,90:32:4b:f4:a4:01,5560,5GHz,-91,802.11ax,NOT_FOUND,NOT_FOUND,3008,3-5s,NONE,0,
324446,a36d87c2-b525-4550-833f-7015d908c5ac,after,2026-09-16 18:52:34,motorola edge 40 neo,34,#UW750166046,0a:92:5e:e3:d4:3a,5260,5GHz,-91,802.11ax,NOT_FOUND,NOT_FOUND,3013,3-5s,NONE,0,
324447,a36d87c2-b525-4550-833f-7015d908c5ac,after,2026-09-16 18:52:34,motorola edge 40 neo,34,_manekineko_free_Wi-Fi,0a:92:5e:e3:d4:3b,5260,5GHz,-91,802.11ax,TIMEOUT_AT_FOUR_WAY_HANDSHAKE,TIMEOUT_AT_<STATE>,3009,3-5s,ASSOCIATED_ONLY,5,INTERFACE_DISABLED>DISCONNECTED>ASSOCIATING>ASSOCIATED>FOUR_WAY_HANDSHAKE
324448,a36d87c2-b525-4550-833f-7015d908c5ac,after,2026-09-16 18:52:34,motorola edge 40 neo,34,elecom-s-9366b0,4a:97:a4:93:66:b3,5580,5GHz,-92,802.11ax,NOT_FOUND,NOT_FOUND,3009,3-5s,NONE,0,
324449,a36d87c2-b525-4550-833f-7015d908c5ac,after,2026-09-16 18:52:34,motorola edge 40 neo,34,Wi2eap,c4:10:8a:9f:79:8c,5580,5GHz,-92,802.11n,NOT_FOUND,NOT_FOUND,3013,3-5s,NONE,0,
324450,a36d87c2-b525-4550-833f-7015d908c5ac,after,2026-09-16 18:52:34,motorola edge 40 neo,34,Buffalo-A-BB80-WPA3,6a:e1:dc:22:bb:8b,5500,5GHz,-92,802.11ax,TIMEOUT_AT_ASSOCIATING,TIMEOUT_AT_<STATE>,3008,3-5s,ASSOCIATING_ONLY,3,INTERFACE_DISABLED>DISCONNECTED>ASSOCIATING
324451,a36d87c2-b525-4550-833f-7015d908c5ac,after,2026-09-16 18:52:34,motorola edge 40 neo,34,,1c:d1:e0:fb:e5:29,5600,5GHz,-92,802.11ax,NOT_FOUND,NOT_FOUND,3010,3-5s,NONE,0,
324452,a36d87c2-b525-4550-833f-7015d908c5ac,after,2026-09-16 18:52:34,motorola edge 40 neo,34,Wi2premium_club,c4:10:8a:5f:79:8c,5580,5GHz,-93,802.11n,NOT_FOUND,NOT_FOUND,3009,3-5s,NONE,0,
324453,a36d87c2-b525-4550-833f-7015d908c5ac,after,2026-09-16 18:52:34,motorola edge 40 neo,34,,1c:d1:e0:fb:e5:2a,5600,5GHz,-93,802.11ax,NOT_FOUND,NOT_FOUND,3014,3-5s,NONE,0,
324454,a36d87c2-b525-4550-833f-7015d908c5ac,after,2026-09-16 18:52:34,motorola edge 40 neo,34,,1c:d1:e0:fb:e5:2b,5600,5GHz,-93,802.11ax,NOT_FOUND,NOT_FOUND,3009,3-5s,NONE,0,
324455,a36d87c2-b525-4550-833f-7015d908c5ac,after,2026-09-16 18:52:34,motorola edge 40 neo,34,stoks,1c:d1:e0:fb:e5:2d,5600,5GHz,-93,802.11ax,NOT_FOUND,NOT_FOUND,3013,3-5s,NONE,0,
324610,95f75af8-435e-4b20-9fb5-e7df431a3150,after,2026-09-16 18:53:01,ASUS_I006D,33,Wi2eap,d4:68:4d:82:69:9c,5500,5GHz,-65,802.11n,NOT_FOUND,NOT_FOUND,3021,3-5s,NONE,0,
324612,95f75af8-435e-4b20-9fb5-e7df431a3150,after,2026-09-16 18:53:01,ASUS_I006D,33,Wi2_club,d4:68:4d:42:69:9c,5500,5GHz,-65,802.11n,TIMEOUT_AT_FOUR_WAY_HANDSHAKE,TIMEOUT_AT_<STATE>,3032,3-5s,ASSOCIATED_ONLY,3,ASSOCIATING>ASSOCIATED>FOUR_WAY_HANDSHAKE
324614,95f75af8-435e-4b20-9fb5-e7df431a3150,after,2026-09-16 18:53:01,ASUS_I006D,33,Galaxy_5GMW_2579,5e:a6:39:5b:3b:66,2412,2.4GHz,-70,802.11n,FAILED_AT_DISCONNECTED,FAILED_AT_<STATE>,3025,3-5s,NONE,2,INTERFACE_DISABLED>DISCONNECTED
324616,95f75af8-435e-4b20-9fb5-e7df431a3150,after,2026-09-16 18:53:01,ASUS_I006D,33,0002softbank,12:09:b4:71:22:08,5520,5GHz,-71,802.11ac,NOT_FOUND,NOT_FOUND,3016,3-5s,NONE,0,
324617,95f75af8-435e-4b20-9fb5-e7df431a3150,after,2026-09-16 18:53:01,ASUS_I006D,33,Wi2_club,d4:68:4d:40:29:bc,5500,5GHz,-71,802.11n,TIMEOUT_AT_FOUR_WAY_HANDSHAKE,TIMEOUT_AT_<STATE>,3021,3-5s,ASSOCIATED_ONLY,5,INTERFACE_DISABLED>DISCONNECTED>ASSOCIATING>ASSOCIATED>FOUR_WAY_HANDSHAKE
324618,95f75af8-435e-4b20-9fb5-e7df431a3150,after,2026-09-16 18:53:01,ASUS_I006D,33,LinkWiFi_AGP,00:09:b4:71:22:08,5520,5GHz,-72,802.11ac,FAILED_AT_DISCONNECTED,FAILED_AT_<STATE>,3013,3-5s,NONE,2,INTERFACE_DISABLED>DISCONNECTED
324620,95f75af8-435e-4b20-9fb5-e7df431a3150,after,2026-09-16 18:53:01,ASUS_I006D,33,0000softbank,02:09:b4:71:22:08,5520,5GHz,-72,802.11ac,NOT_FOUND,NOT_FOUND,3024,3-5s,NONE,0,
324621,95f75af8-435e-4b20-9fb5-e7df431a3150,after,2026-09-16 18:53:01,ASUS_I006D,33,SPW_X12_d4e340,1c:7c:98:d0:08:e0,2462,2.4GHz,-73,802.11n,NOT_FOUND,NOT_FOUND,3015,3-5s,NONE,0,
324622,95f75af8-435e-4b20-9fb5-e7df431a3150,after,2026-09-16 18:53:01,ASUS_I006D,33,HMSUOF,f4:d5:80:4f:a6:08,2462,2.4GHz,-75,802.11ax,NOT_FOUND,NOT_FOUND,3024,3-5s,NONE,0,
324623,95f75af8-435e-4b20-9fb5-e7df431a3150,after,2026-09-16 18:53:01,ASUS_I006D,33,SH-52Bb-DDD5E8,fc:b0:de:dd:d5:e8,2412,2.4GHz,-76,802.11ax,NOT_FOUND,NOT_FOUND,3014,3-5s,NONE,0,
324624,95f75af8-435e-4b20-9fb5-e7df431a3150,after,2026-09-16 18:53:01,ASUS_I006D,33,Rakuten Mobile,d6:f5:9a:38:8f:76,2437,2.4GHz,-77,802.11n,NOT_FOUND,NOT_FOUND,3026,3-5s,NONE,0,
324626,95f75af8-435e-4b20-9fb5-e7df431a3150,after,2026-09-16 18:53:01,ASUS_I006D,33,HMSUOF,f4:d5:80:4f:a6:10,5500,5GHz,-78,802.11ax,TIMEOUT_AT_ASSOCIATING,TIMEOUT_AT_<STATE>,3016,3-5s,ASSOCIATING_ONLY,3,INTERFACE_DISABLED>DISCONNECTED>ASSOCIATING
324627,95f75af8-435e-4b20-9fb5-e7df431a3150,after,2026-09-16 18:53:01,ASUS_I006D,33,Buffalo-5G-AE10,ec:5a:31:25:ae:20,5200,5GHz,-78,802.11ac,NOT_FOUND,NOT_FOUND,3015,3-5s,NONE,0,
324628,95f75af8-435e-4b20-9fb5-e7df431a3150,after,2026-09-16 18:53:01,ASUS_I006D,33,Buffalo-5G-AE10-WPA3,ec:5a:31:25:ae:21,5200,5GHz,-78,802.11ac,TIMEOUT_AT_ASSOCIATING,TIMEOUT_AT_<STATE>,3014,3-5s,ASSOCIATING_ONLY,3,INTERFACE_DISABLED>DISCONNECTED>ASSOCIATING
324631,95f75af8-435e-4b20-9fb5-e7df431a3150,after,2026-09-16 18:53:01,ASUS_I006D,33,GRA-AccessPoint-01261,8e:86:dd:83:5a:2a,5180,5GHz,-80,802.11ax,NOT_FOUND,NOT_FOUND,3024,3-5s,NONE,0,
324632,95f75af8-435e-4b20-9fb5-e7df431a3150,after,2026-09-16 18:53:01,ASUS_I006D,33,Buffalo-A-1A88,00:e5:f1:9b:1a:8c,5200,5GHz,-80,802.11ac,TIMEOUT_AT_FOUR_WAY_HANDSHAKE,TIMEOUT_AT_<STATE>,3010,3-5s,ASSOCIATED_ONLY,5,INTERFACE_DISABLED>DISCONNECTED>ASSOCIATING>ASSOCIATED>FOUR_WAY_HANDSHAKE
324633,95f75af8-435e-4b20-9fb5-e7df431a3150,after,2026-09-16 18:53:01,ASUS_I006D,33,graniphsendai,8e:86:dd:83:5a:5e,5220,5GHz,-80,802.11ax,NOT_FOUND,NOT_FOUND,3027,3-5s,NONE,0,
324634,95f75af8-435e-4b20-9fb5-e7df431a3150,after,2026-09-16 18:53:01,ASUS_I006D,33,,68:e1:dc:22:bb:88,5500,5GHz,-81,802.11ax,NOT_FOUND,NOT_FOUND,3014,3-5s,NONE,0,
324635,95f75af8-435e-4b20-9fb5-e7df431a3150,after,2026-09-16 18:53:01,ASUS_I006D,33,GRA-AccessPoint-01261,8e:86:dd:83:5a:26,5220,5GHz,-81,802.11ax,NOT_FOUND,NOT_FOUND,3026,3-5s,NONE,0,
324636,95f75af8-435e-4b20-9fb5-e7df431a3150,after,2026-09-16 18:53:01,ASUS_I006D,33,_manekineko_free_Wi-Fi,0a:92:5e:e3:d4:3b,5260,5GHz,-81,802.11ax,TIMEOUT_AT_FOUR_WAY_HANDSHAKE,TIMEOUT_AT_<STATE>,3018,3-5s,ASSOCIATED_ONLY,5,INTERFACE_DISABLED>DISCONNECTED>ASSOCIATING>ASSOCIATED>FOUR_WAY_HANDSHAKE
324637,95f75af8-435e-4b20-9fb5-e7df431a3150,after,2026-09-16 18:53:01,ASUS_I006D,33,Buffalo-A-BB80-WPA3,6a:e1:dc:22:bb:8b,5500,5GHz,-82,802.11ax,NOT_FOUND,NOT_FOUND,3020,3-5s,NONE,0,
324638,95f75af8-435e-4b20-9fb5-e7df431a3150,after,2026-09-16 18:53:01,ASUS_I006D,33,Buffalo-A-BB80,6a:e1:dc:22:bb:8a,5500,5GHz,-82,802.11ax,TIMEOUT_AT_ASSOCIATING,TIMEOUT_AT_<STATE>,3015,3-5s,ASSOCIATING_ONLY,3,INTERFACE_DISABLED>DISCONNECTED>ASSOCIATING
324639,95f75af8-435e-4b20-9fb5-e7df431a3150,after,2026-09-16 18:53:01,ASUS_I006D,33,,8c:86:dd:63:5a:2b,5180,5GHz,-82,802.11ax,FAILED_AT_DISCONNECTED,FAILED_AT_<STATE>,3012,3-5s,NONE,3,DISCONNECTED>INTERFACE_DISABLED>DISCONNECTED
324640,95f75af8-435e-4b20-9fb5-e7df431a3150,after,2026-09-16 18:53:01,ASUS_I006D,33,ZXY-SENDAI,ac:44:f2:b1:1f:50,5600,5GHz,-83,802.11ac,NOT_FOUND,NOT_FOUND,3008,3-5s,NONE,0,
324641,95f75af8-435e-4b20-9fb5-e7df431a3150,after,2026-09-16 18:53:01,ASUS_I006D,33,#UW750166046,0a:92:5e:e3:d4:3a,5260,5GHz,-83,802.11ax,TIMEOUT_AT_FOUR_WAY_HANDSHAKE,TIMEOUT_AT_<STATE>,3013,3-5s,ASSOCIATED_ONLY,5,INTERFACE_DISABLED>DISCONNECTED>ASSOCIATING>ASSOCIATED>FOUR_WAY_HANDSHAKE
324643,95f75af8-435e-4b20-9fb5-e7df431a3150,after,2026-09-16 18:53:01,ASUS_I006D,33,#UW750166046,0a:92:5e:e3:d0:fa,5320,5GHz,-84,802.11ax,TIMEOUT_AT_FOUR_WAY_HANDSHAKE,TIMEOUT_AT_<STATE>,3020,3-5s,ASSOCIATED_ONLY,5,INTERFACE_DISABLED>DISCONNECTED>ASSOCIATING>ASSOCIATED>FOUR_WAY_HANDSHAKE
324644,95f75af8-435e-4b20-9fb5-e7df431a3150,after,2026-09-16 18:53:01,ASUS_I006D,33,_manekineko_free_Wi-Fi,0a:92:5e:e3:d0:fb,5320,5GHz,-84,802.11ax,TIMEOUT_AT_FOUR_WAY_HANDSHAKE,TIMEOUT_AT_<STATE>,3014,3-5s,ASSOCIATED_ONLY,5,INTERFACE_DISABLED>DISCONNECTED>ASSOCIATING>ASSOCIATED>FOUR_WAY_HANDSHAKE
324645,95f75af8-435e-4b20-9fb5-e7df431a3150,after,2026-09-16 18:53:01,ASUS_I006D,33,@viv@-WL-a1,88:57:ee:3a:f9:e0,5180,5GHz,-84,802.11n,NOT_FOUND,NOT_FOUND,3017,3-5s,NONE,0,
324646,95f75af8-435e-4b20-9fb5-e7df431a3150,after,2026-09-16 18:53:01,ASUS_I006D,33,ZXY-SENDAI,ac:44:f2:b1:1e:30,5660,5GHz,-84,802.11ac,NOT_FOUND,NOT_FOUND,3024,3-5s,NONE,0,
324647,95f75af8-435e-4b20-9fb5-e7df431a3150,after,2026-09-16 18:53:01,ASUS_I006D,33,Tesla,2e:3f:1b:e2:58:6e,5180,5GHz,-85,802.11ax,TIMEOUT_AT_INTERFACE_DISABLED,TIMEOUT_AT_<STATE>,3016,3-5s,ASSOCIATING_ONLY,5,INTERFACE_DISABLED>DISCONNECTED>ASSOCIATING>DISCONNECTED>INTERFACE_DISABLED
324648,95f75af8-435e-4b20-9fb5-e7df431a3150,after,2026-09-16 18:53:01,ASUS_I006D,33,Tesla01,26:3f:1b:e2:58:64,5240,5GHz,-85,802.11ax,FAILED_AT_DISCONNECTED,FAILED_AT_<STATE>,3027,3-5s,NONE,4,INTERFACE_DISABLED>DISCONNECTED>SCANNING>DISCONNECTED
324649,95f75af8-435e-4b20-9fb5-e7df431a3150,after,2026-09-16 18:53:01,ASUS_I006D,33,touchnet,18:c2:bf:ff:2a:18,5200,5GHz,-85,802.11ac,NOT_FOUND,NOT_FOUND,3021,3-5s,NONE,0,
324650,95f75af8-435e-4b20-9fb5-e7df431a3150,after,2026-09-16 18:53:01,ASUS_I006D,33,Tesla,2e:3f:1b:e2:58:64,5240,5GHz,-85,802.11ax,TIMEOUT_AT_FOUR_WAY_HANDSHAKE,TIMEOUT_AT_<STATE>,3026,3-5s,ASSOCIATED_ONLY,3,ASSOCIATING>ASSOCIATED>FOUR_WAY_HANDSHAKE
324652,95f75af8-435e-4b20-9fb5-e7df431a3150,after,2026-09-16 18:53:01,ASUS_I006D,33,@viv@-WL-a2,88:57:ee:3a:b4:70,5220,5GHz,-85,802.11n,NOT_FOUND,NOT_FOUND,3011,3-5s,NONE,0,
324653,95f75af8-435e-4b20-9fb5-e7df431a3150,after,2026-09-16 18:53:01,ASUS_I006D,33,SPWH_L13_05B69A_5G,54:1f:8d:07:b6:9a,5580,5GHz,-85,802.11ax,NOT_FOUND,NOT_FOUND,3023,3-5s,NONE,0,
324654,95f75af8-435e-4b20-9fb5-e7df431a3150,after,2026-09-16 18:53:01,ASUS_I006D,33,Wi2eap,c4:10:8a:9f:79:8c,5580,5GHz,-85,802.11n,NOT_FOUND,NOT_FOUND,3029,3-5s,NONE,0,
324655,95f75af8-435e-4b20-9fb5-e7df431a3150,after,2026-09-16 18:53:01,ASUS_I006D,33,,a4:9b:cd:3c:96:8a,5540,5GHz,-85,802.11ax,NOT_FOUND,NOT_FOUND,3016,3-5s,NONE,0,
324656,95f75af8-435e-4b20-9fb5-e7df431a3150,after,2026-09-16 18:53:01,ASUS_I006D,33,elecom-9366b0,38:97:a4:93:66:b2,5580,5GHz,-85,802.11ax,NOT_FOUND,NOT_FOUND,3028,3-5s,NONE,0,
324657,95f75af8-435e-4b20-9fb5-e7df431a3150,after,2026-09-16 18:53:01,ASUS_I006D,33,,a4:9b:cd:3c:96:89,5540,5GHz,-85,802.11ax,NOT_FOUND,NOT_FOUND,3017,3-5s,NONE,0,
324658,95f75af8-435e-4b20-9fb5-e7df431a3150,after,2026-09-16 18:53:01,ASUS_I006D,33,,4a:97:a4:93:66:b5,5580,5GHz,-86,802.11ax,NOT_FOUND,NOT_FOUND,3019,3-5s,NONE,0,
324659,95f75af8-435e-4b20-9fb5-e7df431a3150,after,2026-09-16 18:53:01,ASUS_I006D,33,Tesla01,26:3f:1b:e2:58:6e,5180,5GHz,-86,802.11ax,FAILED_AT_SCANNING,FAILED_AT_<STATE>,3013,3-5s,ASSOCIATING_ONLY,7,INTERFACE_DISABLED>DISCONNECTED>ASSOCIATING>DISCONNECTED>INTERFACE_DISABLED>DISCONNECTED>SCANNING
324661,95f75af8-435e-4b20-9fb5-e7df431a3150,after,2026-09-16 18:53:01,ASUS_I006D,33,Wi2premium_club,c4:10:8a:5f:79:8c,5580,5GHz,-86,802.11n,TIMEOUT_AT_FOUR_WAY_HANDSHAKE,TIMEOUT_AT_<STATE>,3023,3-5s,ASSOCIATED_ONLY,4,DISCONNECTED>ASSOCIATING>ASSOCIATED>FOUR_WAY_HANDSHAKE
324663,95f75af8-435e-4b20-9fb5-e7df431a3150,after,2026-09-16 18:53:01,ASUS_I006D,33,,6c:e4:da:8b:c0:b0,5200,5GHz,-86,802.11n,NOT_FOUND,NOT_FOUND,3012,3-5s,NONE,0,
324664,95f75af8-435e-4b20-9fb5-e7df431a3150,after,2026-09-16 18:53:01,ASUS_I006D,33,,a4:9b:cd:3c:96:8f,5540,5GHz,-86,802.11ax,NOT_FOUND,NOT_FOUND,3021,3-5s,NONE,0,
324665,95f75af8-435e-4b20-9fb5-e7df431a3150,after,2026-09-16 18:53:01,ASUS_I006D,33,stoks,a4:9b:cd:3c:96:8d,5540,5GHz,-86,802.11ax,TIMEOUT_AT_FOUR_WAY_HANDSHAKE,TIMEOUT_AT_<STATE>,3021,3-5s,ASSOCIATED_ONLY,5,INTERFACE_DISABLED>DISCONNECTED>ASSOCIATING>ASSOCIATED>FOUR_WAY_HANDSHAKE
324666,95f75af8-435e-4b20-9fb5-e7df431a3150,after,2026-09-16 18:53:01,ASUS_I006D,33,dataspt,a4:9b:cd:3c:96:8c,5540,5GHz,-86,802.11ax,NOT_FOUND,NOT_FOUND,3014,3-5s,NONE,0,
324667,95f75af8-435e-4b20-9fb5-e7df431a3150,after,2026-09-16 18:53:01,ASUS_I006D,33,,a4:9b:cd:3c:96:8b,5540,5GHz,-86,802.11ax,NOT_FOUND,NOT_FOUND,3014,3-5s,NONE,0,
324669,95f75af8-435e-4b20-9fb5-e7df431a3150,after,2026-09-16 18:53:01,ASUS_I006D,33,elecom-s-9366b0,4a:97:a4:93:66:b3,5580,5GHz,-87,802.11ax,NOT_FOUND,NOT_FOUND,3026,3-5s,NONE,0,
324670,95f75af8-435e-4b20-9fb5-e7df431a3150,after,2026-09-16 18:53:01,ASUS_I006D,33,0000softbank,30:f7:72:f9:55:c9,5260,5GHz,-87,802.11ac,NOT_FOUND,NOT_FOUND,3014,3-5s,NONE,0,
324671,95f75af8-435e-4b20-9fb5-e7df431a3150,after,2026-09-16 18:53:01,ASUS_I006D,33,0002softbank,30:f7:72:f9:55:ca,5260,5GHz,-87,802.11ac,NOT_FOUND,NOT_FOUND,3026,3-5s,NONE,0,
324672,95f75af8-435e-4b20-9fb5-e7df431a3150,after,2026-09-16 18:53:01,ASUS_I006D,33,LinkWiFi_AGP,30:f7:72:f9:55:cb,5260,5GHz,-87,802.11ac,FAILED_AT_DISCONNECTED,FAILED_AT_<STATE>,2374,0-2s,ASSOCIATED_ONLY,6,INTERFACE_DISABLED>DISCONNECTED>ASSOCIATING>ASSOCIATED>FOUR_WAY_HANDSHAKE>DISCONNECTED
324673,95f75af8-435e-4b20-9fb5-e7df431a3150,after,2026-09-16 18:53:01,ASUS_I006D,33,040141923_5G,f0:5c:19:ca:96:b0,5220,5GHz,-87,802.11n,FAILED_AT_DISCONNECTED,FAILED_AT_<STATE>,3012,3-5s,NONE,4,INTERFACE_DISABLED>DISCONNECTED>SCANNING>DISCONNECTED
324675,95f75af8-435e-4b20-9fb5-e7df431a3150,after,2026-09-16 18:53:01,ASUS_I006D,33,EUQNXKK5T45DS7,ac:44:f2:f0:6e:28,5660,5GHz,-88,802.11ax,NOT_FOUND,NOT_FOUND,3029,3-5s,NONE,0,
324676,95f75af8-435e-4b20-9fb5-e7df431a3150,after,2026-09-16 18:53:01,ASUS_I006D,33,,20:9c:b4:96:f3:10,5580,5GHz,-88,802.11ax,NOT_FOUND,NOT_FOUND,3013,3-5s,NONE,0,
324677,95f75af8-435e-4b20-9fb5-e7df431a3150,after,2026-09-16 18:53:01,ASUS_I006D,33,9C74037C4FDB-5G,9c:74:03:7c:4f:d9,5320,5GHz,-89,802.11ax,NOT_FOUND,NOT_FOUND,3030,3-5s,NONE,0,
324678,95f75af8-435e-4b20-9fb5-e7df431a3150,after,2026-09-16 18:53:01,ASUS_I006D,33,#UW750166046,0a:92:5e:e3:d1:22,5660,5GHz,-89,802.11ax,TIMEOUT_AT_ASSOCIATING,TIMEOUT_AT_<STATE>,3016,3-5s,ASSOCIATING_ONLY,3,INTERFACE_DISABLED>DISCONNECTED>ASSOCIATING
324679,95f75af8-435e-4b20-9fb5-e7df431a3150,after,2026-09-16 18:53:01,ASUS_I006D,33,,1c:d1:e0:fb:e5:2a,5600,5GHz,-89,802.11ax,NOT_FOUND,NOT_FOUND,3021,3-5s,NONE,0,
324680,95f75af8-435e-4b20-9fb5-e7df431a3150,after,2026-09-16 18:53:01,ASUS_I006D,33,dataspt,1c:d1:e0:fb:e5:2c,5600,5GHz,-90,802.11ax,NOT_FOUND,NOT_FOUND,3023,3-5s,NONE,0,
324681,95f75af8-435e-4b20-9fb5-e7df431a3150,after,2026-09-16 18:53:01,ASUS_I006D,33,_manekineko_free_Wi-Fi,0a:92:5e:e3:d1:23,5660,5GHz,-91,802.11ax,TIMEOUT_AT_INTERFACE_DISABLED,TIMEOUT_AT_<STATE>,3014,3-5s,ASSOCIATING_ONLY,5,INTERFACE_DISABLED>DISCONNECTED>ASSOCIATING>DISCONNECTED>INTERFACE_DISABLED
324682,95f75af8-435e-4b20-9fb5-e7df431a3150,after,2026-09-16 18:53:01,ASUS_I006D,33,LinkWiFi_AGP,90:32:4b:f4:a4:03,5560,5GHz,-92,802.11ax,TIMEOUT_AT_ASSOCIATING,TIMEOUT_AT_<STATE>,3016,3-5s,ASSOCIATING_ONLY,5,INTERFACE_DISABLED>DISCONNECTED>SCANNING>DISCONNECTED>ASSOCIATING
324683,95f75af8-435e-4b20-9fb5-e7df431a3150,after,2026-09-16 18:53:01,ASUS_I006D,33,0002softbank,90:32:4b:f4:a4:02,5560,5GHz,-92,802.11ax,NOT_FOUND,NOT_FOUND,3024,3-5s,NONE,0,
324684,95f75af8-435e-4b20-9fb5-e7df431a3150,after,2026-09-16 18:53:01,ASUS_I006D,33,stoks,1c:d1:e0:fb:e5:2d,5600,5GHz,-92,802.11ax,FAILED_AT_SCANNING,FAILED_AT_<STATE>,3014,3-5s,ASSOCIATING_ONLY,9,INTERFACE_DISABLED>DISCONNECTED>ASSOCIATING>DISCONNECTED>INTERFACE_DISABLED>DISCONNECTED>INTERFACE_DISABLED>DISCONNECTED>SCANNING
324685,ff48b3c7-bd9e-4f01-869d-d05d70a439f1,after,2026-09-16 18:57:29,ASUS_I006D,33,Wi2_club,d4:68:4d:42:69:9c,5500,5GHz,-63,802.11n,TIMEOUT_AT_FOUR_WAY_HANDSHAKE,TIMEOUT_AT_<STATE>,3016,3-5s,ASSOCIATED_ONLY,5,INTERFACE_DISABLED>DISCONNECTED>ASSOCIATING>ASSOCIATED>FOUR_WAY_HANDSHAKE
324686,ff48b3c7-bd9e-4f01-869d-d05d70a439f1,after,2026-09-16 18:57:29,ASUS_I006D,33,AIB-AP,00:10:38:3c:4d:b5,2462,2.4GHz,-65,802.11n,FAILED_AT_DISCONNECTED,FAILED_AT_<STATE>,3014,3-5s,NONE,2,INTERFACE_DISABLED>DISCONNECTED
324688,ff48b3c7-bd9e-4f01-869d-d05d70a439f1,after,2026-09-16 18:57:29,ASUS_I006D,33,Wi2eap,d4:68:4d:80:29:bc,5500,5GHz,-66,802.11n,NOT_FOUND,NOT_FOUND,3021,3-5s,NONE,0,
324690,ff48b3c7-bd9e-4f01-869d-d05d70a439f1,after,2026-09-16 18:57:29,ASUS_I006D,33,Wi2_club,d4:68:4d:40:29:bc,5500,5GHz,-66,802.11n,TIMEOUT_AT_FOUR_WAY_HANDSHAKE,TIMEOUT_AT_<STATE>,3025,3-5s,ASSOCIATED_ONLY,5,INTERFACE_DISABLED>DISCONNECTED>ASSOCIATING>ASSOCIATED>FOUR_WAY_HANDSHAKE
324691,ff48b3c7-bd9e-4f01-869d-d05d70a439f1,after,2026-09-16 18:57:29,ASUS_I006D,33,GlocalNet_0UT7UC,30:89:d3:4b:3f:0b,2462,2.4GHz,-67,802.11n,NOT_FOUND,NOT_FOUND,3013,3-5s,NONE,0,
324694,ff48b3c7-bd9e-4f01-869d-d05d70a439f1,after,2026-09-16 18:57:29,ASUS_I006D,33,dataspt,1c:d1:e0:fb:e5:23,2412,2.4GHz,-68,802.11ax,NOT_FOUND,NOT_FOUND,3024,3-5s,NONE,0,
324695,ff48b3c7-bd9e-4f01-869d-d05d70a439f1,after,2026-09-16 18:57:29,ASUS_I006D,33,Tesla,2c:3f:0b:e2:58:6e,2462,2.4GHz,-72,802.11ax,FAILED_AT_DISCONNECTED,FAILED_AT_<STATE>,3020,3-5s,ASSOCIATING_ONLY,4,INTERFACE_DISABLED>DISCONNECTED>ASSOCIATING>DISCONNECTED
324696,ff48b3c7-bd9e-4f01-869d-d05d70a439f1,after,2026-09-16 18:57:29,ASUS_I006D,33,,b2:19:21:e5:2d:81,2462,2.4GHz,-73,802.11n,FAILED_AT_DISCONNECTED,FAILED_AT_<STATE>,3014,3-5s,NONE,4,INTERFACE_DISABLED>DISCONNECTED>SCANNING>DISCONNECTED
324697,ff48b3c7-bd9e-4f01-869d-d05d70a439f1,after,2026-09-16 18:57:29,ASUS_I006D,33,SPWH_L13_05B69A,54:1f:8d:05:b6:9a,2437,2.4GHz,-75,802.11ax,NOT_FOUND,NOT_FOUND,3030,3-5s,NONE,0,
324698,ff48b3c7-bd9e-4f01-869d-d05d70a439f1,after,2026-09-16 18:57:29,ASUS_I006D,33,Tesla01,26:3f:0b:e2:58:6e,2462,2.4GHz,-75,802.11ax,FAILED_AT_SCANNING,FAILED_AT_<STATE>,3029,3-5s,NONE,3,INTERFACE_DISABLED>DISCONNECTED>SCANNING
324699,ff48b3c7-bd9e-4f01-869d-d05d70a439f1,after,2026-09-16 18:57:29,ASUS_I006D,33,graniphsendai,8e:86:dd:83:5a:5e,5220,5GHz,-75,802.11ax,TIMEOUT_AT_FOUR_WAY_HANDSHAKE,TIMEOUT_AT_<STATE>,3019,3-5s,ASSOCIATED_ONLY,5,INTERFACE_DISABLED>DISCONNECTED>ASSOCIATING>ASSOCIATED>FOUR_WAY_HANDSHAKE
324701,ff48b3c7-bd9e-4f01-869d-d05d70a439f1,after,2026-09-16 18:57:29,ASUS_I006D,33,SPW_X11_457d09,54:9b:49:a3:04:fb,2437,2.4GHz,-76,802.11n,NOT_FOUND,NOT_FOUND,3017,3-5s,NONE,0,
324702,ff48b3c7-bd9e-4f01-869d-d05d70a439f1,after,2026-09-16 18:57:29,ASUS_I006D,33,GRA-AccessPoint-01261,8e:86:dd:83:5a:26,5220,5GHz,-77,802.11ax,TIMEOUT_AT_FOUR_WAY_HANDSHAKE,TIMEOUT_AT_<STATE>,3018,3-5s,ASSOCIATED_ONLY,5,INTERFACE_DISABLED>DISCONNECTED>ASSOCIATING>ASSOCIATED>FOUR_WAY_HANDSHAKE
324703,ff48b3c7-bd9e-4f01-869d-d05d70a439f1,after,2026-09-16 18:57:29,ASUS_I006D,33,0002softbank,12:09:b4:71:22:08,5520,5GHz,-77,802.11ac,NOT_FOUND,NOT_FOUND,3028,3-5s,NONE,0,
324704,ff48b3c7-bd9e-4f01-869d-d05d70a439f1,after,2026-09-16 18:57:29,ASUS_I006D,33,6007C49DAB2F-2G,60:07:c4:9d:ab:2c,2427,2.4GHz,-77,802.11ax,NOT_FOUND,NOT_FOUND,3014,3-5s,NONE,0,
324706,ff48b3c7-bd9e-4f01-869d-d05d70a439f1,after,2026-09-16 18:57:29,ASUS_I006D,33,#UW750166046,0a:92:5e:e3:d4:3a,5260,5GHz,-77,802.11ax,FAILED_AT_SCANNING,FAILED_AT_<STATE>,3027,3-5s,ASSOCIATING_ONLY,7,INTERFACE_DISABLED>DISCONNECTED>ASSOCIATING>DISCONNECTED>INTERFACE_DISABLED>DISCONNECTED>SCANNING
324707,ff48b3c7-bd9e-4f01-869d-d05d70a439f1,after,2026-09-16 18:57:29,ASUS_I006D,33,_manekineko_free_Wi-Fi,0a:92:5e:e3:d4:3b,5260,5GHz,-77,802.11ax,TIMEOUT_AT_ASSOCIATING,TIMEOUT_AT_<STATE>,3013,3-5s,ASSOCIATING_ONLY,1,ASSOCIATING
324708,ff48b3c7-bd9e-4f01-869d-d05d70a439f1,after,2026-09-16 18:57:29,ASUS_I006D,33,Galaxy_5GMW_2685,54:9b:49:e7:ee:b0,5180,5GHz,-78,802.11ax,NOT_FOUND,NOT_FOUND,3015,3-5s,NONE,0,
324709,ff48b3c7-bd9e-4f01-869d-d05d70a439f1,after,2026-09-16 18:57:29,ASUS_I006D,33,_manekineko_free_Wi-Fi,0a:92:5e:e3:d0:fb,5320,5GHz,-78,802.11ax,TIMEOUT_AT_FOUR_WAY_HANDSHAKE,TIMEOUT_AT_<STATE>,3025,3-5s,ASSOCIATED_ONLY,3,ASSOCIATING>ASSOCIATED>FOUR_WAY_HANDSHAKE
324710,ff48b3c7-bd9e-4f01-869d-d05d70a439f1,after,2026-09-16 18:57:29,ASUS_I006D,33,#UW750166046,0a:92:5e:e3:d0:fa,5320,5GHz,-79,802.11ax,TIMEOUT_AT_FOUR_WAY_HANDSHAKE,TIMEOUT_AT_<STATE>,3012,3-5s,ASSOCIATED_ONLY,5,INTERFACE_DISABLED>DISCONNECTED>ASSOCIATING>ASSOCIATED>FOUR_WAY_HANDSHAKE
324711,ff48b3c7-bd9e-4f01-869d-d05d70a439f1,after,2026-09-16 18:57:29,ASUS_I006D,33,9C74037C4FDB-5G,9c:74:03:7c:4f:d9,5320,5GHz,-80,802.11ax,FAILED_AT_DISCONNECTED,FAILED_AT_<STATE>,3011,3-5s,NONE,2,INTERFACE_DISABLED>DISCONNECTED
324712,ff48b3c7-bd9e-4f01-869d-d05d70a439f1,after,2026-09-16 18:57:29,ASUS_I006D,33,Tesla,2e:3f:1b:e2:58:64,5240,5GHz,-80,802.11ax,TIMEOUT_AT_FOUR_WAY_HANDSHAKE,TIMEOUT_AT_<STATE>,3023,3-5s,ASSOCIATED_ONLY,5,INTERFACE_DISABLED>DISCONNECTED>ASSOCIATING>ASSOCIATED>FOUR_WAY_HANDSHAKE
324713,ff48b3c7-bd9e-4f01-869d-d05d70a439f1,after,2026-09-16 18:57:29,ASUS_I006D,33,Tesla01,26:3f:1b:e2:58:64,5240,5GHz,-81,802.11ax,TIMEOUT_AT_FOUR_WAY_HANDSHAKE,TIMEOUT_AT_<STATE>,3032,3-5s,ASSOCIATED_ONLY,5,INTERFACE_DISABLED>DISCONNECTED>ASSOCIATING>ASSOCIATED>FOUR_WAY_HANDSHAKE
324714,ff48b3c7-bd9e-4f01-869d-d05d70a439f1,after,2026-09-16 18:57:29,ASUS_I006D,33,0002softbank,3c:77:e6:c3:45:e2,5660,5GHz,-81,802.11ac,NOT_FOUND,NOT_FOUND,3027,3-5s,NONE,0,
324715,ff48b3c7-bd9e-4f01-869d-d05d70a439f1,after,2026-09-16 18:57:29,ASUS_I006D,33,,68:e1:dc:22:bb:88,5500,5GHz,-82,802.11ax,NOT_FOUND,NOT_FOUND,3024,3-5s,NONE,0,
324716,ff48b3c7-bd9e-4f01-869d-d05d70a439f1,after,2026-09-16 18:57:29,ASUS_I006D,33,0000softbank,3c:77:e6:c3:45:e1,5660,5GHz,-82,802.11ac,TIMEOUT_AT_FOUR_WAY_HANDSHAKE,TIMEOUT_AT_<STATE>,3012,3-5s,ASSOCIATED_ONLY,5,INTERFACE_DISABLED>DISCONNECTED>ASSOCIATING>ASSOCIATED>FOUR_WAY_HANDSHAKE
324717,ff48b3c7-bd9e-4f01-869d-d05d70a439f1,after,2026-09-16 18:57:29,ASUS_I006D,33,,3c:77:e6:c3:45:e3,5660,5GHz,-82,802.11ac,NOT_FOUND,NOT_FOUND,3015,3-5s,NONE,0,
324718,ff48b3c7-bd9e-4f01-869d-d05d70a439f1,after,2026-09-16 18:57:29,ASUS_I006D,33,,3c:77:e6:c3:45:e4,5660,5GHz,-82,802.11ac,NOT_FOUND,NOT_FOUND,3013,3-5s,NONE,0,
324720,ff48b3c7-bd9e-4f01-869d-d05d70a439f1,after,2026-09-16 18:57:29,ASUS_I006D,33,Buffalo-A-BB80-WPA3,6a:e1:dc:22:bb:8b,5500,5GHz,-82,802.11ax,NOT_FOUND,NOT_FOUND,3018,3-5s,NONE,0,
324721,ff48b3c7-bd9e-4f01-869d-d05d70a439f1,after,2026-09-16 18:57:29,ASUS_I006D,33,Buffalo-A-BB80,6a:e1:dc:22:bb:8a,5500,5GHz,-82,802.11ax,TIMEOUT_AT_FOUR_WAY_HANDSHAKE,TIMEOUT_AT_<STATE>,3023,3-5s,ASSOCIATED_ONLY,5,INTERFACE_DISABLED>DISCONNECTED>ASSOCIATING>ASSOCIATED>FOUR_WAY_HANDSHAKE
324723,ff48b3c7-bd9e-4f01-869d-d05d70a439f1,after,2026-09-16 18:57:29,ASUS_I006D,33,HMSUOF,f4:d5:80:4f:a6:10,5500,5GHz,-83,802.11ax,TIMEOUT_AT_ASSOCIATING,TIMEOUT_AT_<STATE>,3026,3-5s,ASSOCIATING_ONLY,3,INTERFACE_DISABLED>DISCONNECTED>ASSOCIATING
324724,ff48b3c7-bd9e-4f01-869d-d05d70a439f1,after,2026-09-16 18:57:29,ASUS_I006D,33,LinkWiFi_AGP,3c:77:e6:c6:4f:43,5180,5GHz,-83,802.11ac,FAILED_AT_SCANNING,FAILED_AT_<STATE>,3025,3-5s,NONE,3,INTERFACE_DISABLED>DISCONNECTED>SCANNING
324725,ff48b3c7-bd9e-4f01-869d-d05d70a439f1,after,2026-09-16 18:57:29,ASUS_I006D,33,LinkWiFi_AGP,3c:77:e6:c3:45:e5,5660,5GHz,-83,802.11ac,TIMEOUT_AT_FOUR_WAY_HANDSHAKE,TIMEOUT_AT_<STATE>,3024,3-5s,ASSOCIATED_ONLY,3,ASSOCIATING>ASSOCIATED>FOUR_WAY_HANDSHAKE
324726,ff48b3c7-bd9e-4f01-869d-d05d70a439f1,after,2026-09-16 18:57:29,ASUS_I006D,33,ZXY-SENDAI,ac:44:f2:b1:1e:30,5660,5GHz,-83,802.11ac,FAILED_AT_DISCONNECTED,FAILED_AT_<STATE>,3010,3-5s,NONE,2,INTERFACE_DISABLED>DISCONNECTED
324727,ff48b3c7-bd9e-4f01-869d-d05d70a439f1,after,2026-09-16 18:57:29,ASUS_I006D,33,,8c:86:dd:63:5a:2b,5180,5GHz,-83,802.11ax,NOT_FOUND,NOT_FOUND,3023,3-5s,NONE,0,
324728,ff48b3c7-bd9e-4f01-869d-d05d70a439f1,after,2026-09-16 18:57:29,ASUS_I006D,33,,20:9c:b4:96:f3:10,5580,5GHz,-84,802.11ax,NOT_FOUND,NOT_FOUND,3019,3-5s,NONE,0,
324729,ff48b3c7-bd9e-4f01-869d-d05d70a439f1,after,2026-09-16 18:57:29,ASUS_I006D,33,,1c:d1:e0:fb:e5:2a,5600,5GHz,-84,802.11ax,NOT_FOUND,NOT_FOUND,3027,3-5s,NONE,0,
324731,ff48b3c7-bd9e-4f01-869d-d05d70a439f1,after,2026-09-16 18:57:29,ASUS_I006D,33,fdcmonitor,84:e8:cb:76:0a:bb,5180,5GHz,-84,802.11ac,NOT_FOUND,NOT_FOUND,3023,3-5s,NONE,0,
324732,ff48b3c7-bd9e-4f01-869d-d05d70a439f1,after,2026-09-16 18:57:29,ASUS_I006D,33,Tesla,2e:3f:1b:e2:58:6e,5180,5GHz,-85,802.11ax,TIMEOUT_AT_FOUR_WAY_HANDSHAKE,TIMEOUT_AT_<STATE>,3026,3-5s,ASSOCIATED_ONLY,5,INTERFACE_DISABLED>DISCONNECTED>ASSOCIATING>ASSOCIATED>FOUR_WAY_HANDSHAKE
324733,ff48b3c7-bd9e-4f01-869d-d05d70a439f1,after,2026-09-16 18:57:29,ASUS_I006D,33,,1c:d1:e0:fb:e5:29,5600,5GHz,-85,802.11ax,NOT_FOUND,NOT_FOUND,3019,3-5s,NONE,0,
324734,ff48b3c7-bd9e-4f01-869d-d05d70a439f1,after,2026-09-16 18:57:29,ASUS_I006D,33,Buffalo-5G-AE10,ec:5a:31:25:ae:20,5200,5GHz,-85,802.11ac,NOT_FOUND,NOT_FOUND,3022,3-5s,NONE,0,
324735,ff48b3c7-bd9e-4f01-869d-d05d70a439f1,after,2026-09-16 18:57:29,ASUS_I006D,33,SPWH_L13_05B69A_5G,54:1f:8d:07:b6:9a,5580,5GHz,-85,802.11ax,TIMEOUT_AT_ASSOCIATING,TIMEOUT_AT_<STATE>,3012,3-5s,ASSOCIATING_ONLY,3,INTERFACE_DISABLED>DISCONNECTED>ASSOCIATING
324737,ff48b3c7-bd9e-4f01-869d-d05d70a439f1,after,2026-09-16 18:57:29,ASUS_I006D,33,dataspt,1c:d1:e0:fb:e5:2c,5600,5GHz,-85,802.11ax,NOT_FOUND,NOT_FOUND,3018,3-5s,NONE,0,
324738,ff48b3c7-bd9e-4f01-869d-d05d70a439f1,after,2026-09-16 18:57:29,ASUS_I006D,33,,1c:d1:e0:fb:e5:2b,5600,5GHz,-85,802.11ax,NOT_FOUND,NOT_FOUND,3015,3-5s,NONE,0,
324739,ff48b3c7-bd9e-4f01-869d-d05d70a439f1,after,2026-09-16 18:57:29,ASUS_I006D,33,stoks,1c:d1:e0:fb:e5:2d,5600,5GHz,-85,802.11ax,TIMEOUT_AT_FOUR_WAY_HANDSHAKE,TIMEOUT_AT_<STATE>,3016,3-5s,ASSOCIATED_ONLY,5,INTERFACE_DISABLED>DISCONNECTED>ASSOCIATING>ASSOCIATED>FOUR_WAY_HANDSHAKE
324740,ff48b3c7-bd9e-4f01-869d-d05d70a439f1,after,2026-09-16 18:57:29,ASUS_I006D,33,,1c:d1:e0:fb:e5:2f,5600,5GHz,-85,802.11ax,NOT_FOUND,NOT_FOUND,3013,3-5s,NONE,0,
324742,ff48b3c7-bd9e-4f01-869d-d05d70a439f1,after,2026-09-16 18:57:29,ASUS_I006D,33,Tesla01,26:3f:1b:e2:58:6e,5180,5GHz,-86,802.11ax,TIMEOUT_AT_FOUR_WAY_HANDSHAKE,TIMEOUT_AT_<STATE>,3013,3-5s,ASSOCIATED_ONLY,5,INTERFACE_DISABLED>DISCONNECTED>ASSOCIATING>ASSOCIATED>FOUR_WAY_HANDSHAKE
324744,ff48b3c7-bd9e-4f01-869d-d05d70a439f1,after,2026-09-16 18:57:29,ASUS_I006D,33,Buffalo-5G-AE10-WPA3,ec:5a:31:25:ae:21,5200,5GHz,-86,802.11ac,TIMEOUT_AT_ASSOCIATING,TIMEOUT_AT_<STATE>,3024,3-5s,ASSOCIATING_ONLY,3,INTERFACE_DISABLED>DISCONNECTED>ASSOCIATING
324745,ff48b3c7-bd9e-4f01-869d-d05d70a439f1,after,2026-09-16 18:57:29,ASUS_I006D,33,LinkWiFi_AGP,90:32:4b:f4:a4:03,5560,5GHz,-86,802.11ax,TIMEOUT_AT_ASSOCIATING,TIMEOUT_AT_<STATE>,3023,3-5s,ASSOCIATING_ONLY,3,INTERFACE_DISABLED>DISCONNECTED>ASSOCIATING
324746,ff48b3c7-bd9e-4f01-869d-d05d70a439f1,after,2026-09-16 18:57:29,ASUS_I006D,33,,a6:18:98:c0:8f:3f,5520,5GHz,-87,802.11ax,NOT_FOUND,NOT_FOUND,3014,3-5s,NONE,0,
324747,ff48b3c7-bd9e-4f01-869d-d05d70a439f1,after,2026-09-16 18:57:29,ASUS_I006D,33,_manekineko_free_Wi-Fi,0a:92:5e:e3:d1:23,5660,5GHz,-87,802.11ax,FAILED_AT_SCANNING,FAILED_AT_<STATE>,3026,3-5s,NONE,3,INTERFACE_DISABLED>DISCONNECTED>SCANNING
324748,ff48b3c7-bd9e-4f01-869d-d05d70a439f1,after,2026-09-16 18:57:29,ASUS_I006D,33,#UW750166046,0a:92:5e:e3:d1:22,5660,5GHz,-87,802.11ax,FAILED_AT_SCANNING,FAILED_AT_<STATE>,3028,3-5s,NONE,3,INTERFACE_DISABLED>DISCONNECTED>SCANNING
324749,ff48b3c7-bd9e-4f01-869d-d05d70a439f1,after,2026-09-16 18:57:29,ASUS_I006D,33,0002softbank,30:f7:72:fa:02:92,5580,5GHz,-87,802.11ac,NOT_FOUND,NOT_FOUND,3029,3-5s,NONE,0,
324750,ff48b3c7-bd9e-4f01-869d-d05d70a439f1,after,2026-09-16 18:57:29,ASUS_I006D,33,0000softbank,90:32:4b:f4:a4:01,5560,5GHz,-87,802.11ax,TIMEOUT_AT_ASSOCIATING,TIMEOUT_AT_<STATE>,3018,3-5s,ASSOCIATING_ONLY,3,INTERFACE_DISABLED>DISCONNECTED>ASSOCIATING
324751,ff48b3c7-bd9e-4f01-869d-d05d70a439f1,after,2026-09-16 18:57:29,ASUS_I006D,33,@viv@-WL-a1,88:57:ee:3a:f9:e0,5180,5GHz,-87,802.11n,NOT_FOUND,NOT_FOUND,3019,3-5s,NONE,0,
324753,ff48b3c7-bd9e-4f01-869d-d05d70a439f1,after,2026-09-16 18:57:29,ASUS_I006D,33,,96:18:98:c0:8f:3f,5520,5GHz,-88,802.11ax,NOT_FOUND,NOT_FOUND,3012,3-5s,NONE,0,
324754,ff48b3c7-bd9e-4f01-869d-d05d70a439f1,after,2026-09-16 18:57:29,ASUS_I006D,33,0000softbank,30:f7:72:fa:02:91,5580,5GHz,-88,802.11ac,TIMEOUT_AT_FOUR_WAY_HANDSHAKE,TIMEOUT_AT_<STATE>,3020,3-5s,ASSOCIATED_ONLY,5,INTERFACE_DISABLED>DISCONNECTED>ASSOCIATING>ASSOCIATED>FOUR_WAY_HANDSHAKE
324755,ff48b3c7-bd9e-4f01-869d-d05d70a439f1,after,2026-09-16 18:57:29,ASUS_I006D,33,0002softbank,90:32:4b:f4:a4:02,5560,5GHz,-88,802.11ax,NOT_FOUND,NOT_FOUND,3031,3-5s,NONE,0,
324756,ff48b3c7-bd9e-4f01-869d-d05d70a439f1,after,2026-09-16 18:57:29,ASUS_I006D,33,,84:23:88:2f:0e:9c,5660,5GHz,-88,802.11ac,NOT_FOUND,NOT_FOUND,3015,3-5s,NONE,0,
324757,ff48b3c7-bd9e-4f01-869d-d05d70a439f1,after,2026-09-16 18:57:29,ASUS_I006D,33,,a4:9b:cd:3c:96:8b,5540,5GHz,-88,802.11ax,NOT_FOUND,NOT_FOUND,3023,3-5s,NONE,0,
324758,ff48b3c7-bd9e-4f01-869d-d05d70a439f1,after,2026-09-16 18:57:29,ASUS_I006D,33,,9a:18:98:c0:8f:3f,5520,5GHz,-89,802.11ax,NOT_FOUND,NOT_FOUND,3017,3-5s,NONE,0,
324760,ff48b3c7-bd9e-4f01-869d-d05d70a439f1,after,2026-09-16 18:57:29,ASUS_I006D,33,,a4:9b:cd:3c:96:8a,5540,5GHz,-89,802.11ax,NOT_FOUND,NOT_FOUND,3025,3-5s,NONE,0,
324761,ff48b3c7-bd9e-4f01-869d-d05d70a439f1,after,2026-09-16 18:57:29,ASUS_I006D,33,stoks,a4:9b:cd:3c:96:8d,5540,5GHz,-89,802.11ax,TIMEOUT_AT_FOUR_WAY_HANDSHAKE,TIMEOUT_AT_<STATE>,3021,3-5s,ASSOCIATED_ONLY,5,INTERFACE_DISABLED>DISCONNECTED>ASSOCIATING>ASSOCIATED>FOUR_WAY_HANDSHAKE
324762,ff48b3c7-bd9e-4f01-869d-d05d70a439f1,after,2026-09-16 18:57:29,ASUS_I006D,33,dataspt,a4:9b:cd:3c:96:8c,5540,5GHz,-89,802.11ax,FAILED_AT_DISCONNECTED,FAILED_AT_<STATE>,3013,3-5s,NONE,2,INTERFACE_DISABLED>DISCONNECTED
324763,ff48b3c7-bd9e-4f01-869d-d05d70a439f1,after,2026-09-16 18:57:29,ASUS_I006D,33,LinkWiFi_AGP,30:f7:72:fa:02:93,5580,5GHz,-90,802.11ac,TIMEOUT_AT_ASSOCIATING,TIMEOUT_AT_<STATE>,3019,3-5s,ASSOCIATING_ONLY,3,INTERFACE_DISABLED>DISCONNECTED>ASSOCIATING
324764,ff48b3c7-bd9e-4f01-869d-d05d70a439f1,after,2026-09-16 18:57:29,ASUS_I006D,33,aterm-ons-a,08:10:86:f7:f9:0b,5620,5GHz,-91,802.11ax,FAILED_AT_DISCONNECTED,FAILED_AT_<STATE>,3015,3-5s,NONE,3,DISCONNECTED>INTERFACE_DISABLED>DISCONNECTED
324765,ff48b3c7-bd9e-4f01-869d-d05d70a439f1,after,2026-09-16 18:57:29,ASUS_I006D,33,Wi2eap,f0:b0:52:b2:6f:5c,5620,5GHz,-91,802.11n,NOT_FOUND,NOT_FOUND,3026,3-5s,NONE,0,
324766,ff48b3c7-bd9e-4f01-869d-d05d70a439f1,after,2026-09-16 18:57:29,ASUS_I006D,33,#UW750166046,0a:92:5e:e3:d0:f2,5680,5GHz,-92,802.11ax,TIMEOUT_AT_FOUR_WAY_HANDSHAKE,TIMEOUT_AT_<STATE>,3019,3-5s,ASSOCIATED_ONLY,5,INTERFACE_DISABLED>DISCONNECTED>ASSOCIATING>ASSOCIATED>FOUR_WAY_HANDSHAKE
324767,ff48b3c7-bd9e-4f01-869d-d05d70a439f1,after,2026-09-16 18:57:29,ASUS_I006D,33,_manekineko_free_Wi-Fi,0a:92:5e:e3:d0:f3,5680,5GHz,-92,802.11ax,FAILED_AT_SCANNING,FAILED_AT_<STATE>,3016,3-5s,ASSOCIATING_ONLY,9,INTERFACE_DISABLED>DISCONNECTED>ASSOCIATING>DISCONNECTED>INTERFACE_DISABLED>DISCONNECTED>INTERFACE_DISABLED>DISCONNECTED>SCANNING
324456,ed56cd61-ebc5-46c0-b71a-09f5b6d13f15,after,2026-09-16 18:58:03,motorola edge 40 neo,34,AIB-AP,00:10:38:3c:4d:b5,2462,2.4GHz,-62,802.11n,FAILED_AT_DISCONNECTED,FAILED_AT_<STATE>,384,0-2s,ASSOCIATED_ONLY,6,INTERFACE_DISABLED>DISCONNECTED>ASSOCIATING>ASSOCIATED>FOUR_WAY_HANDSHAKE>DISCONNECTED
324457,ed56cd61-ebc5-46c0-b71a-09f5b6d13f15,after,2026-09-16 18:58:03,motorola edge 40 neo,34,Xperia XZ3_12f5_cas,4e:f7:4a:73:d8:00,2437,2.4GHz,-64,802.11n,TIMEOUT_AT_ASSOCIATING,TIMEOUT_AT_<STATE>,3008,3-5s,ASSOCIATING_ONLY,3,INTERFACE_DISABLED>DISCONNECTED>ASSOCIATING
324458,ed56cd61-ebc5-46c0-b71a-09f5b6d13f15,after,2026-09-16 18:58:03,motorola edge 40 neo,34,,1c:d1:e0:fb:e5:21,2412,2.4GHz,-64,802.11ax,NOT_FOUND,NOT_FOUND,3013,3-5s,NONE,0,
324459,ed56cd61-ebc5-46c0-b71a-09f5b6d13f15,after,2026-09-16 18:58:03,motorola edge 40 neo,34,stoks,1c:d1:e0:fb:e5:22,2412,2.4GHz,-65,802.11ax,NOT_FOUND,NOT_FOUND,3016,3-5s,NONE,0,
324461,ed56cd61-ebc5-46c0-b71a-09f5b6d13f15,after,2026-09-16 18:58:03,motorola edge 40 neo,34,Wi2_club,d4:68:4d:42:69:98,2462,2.4GHz,-67,802.11n,TIMEOUT_AT_FOUR_WAY_HANDSHAKE,TIMEOUT_AT_<STATE>,3012,3-5s,ASSOCIATED_ONLY,5,INTERFACE_DISABLED>DISCONNECTED>ASSOCIATING>ASSOCIATED>FOUR_WAY_HANDSHAKE
324466,ed56cd61-ebc5-46c0-b71a-09f5b6d13f15,after,2026-09-16 18:58:03,motorola edge 40 neo,34,Tesla01,26:3f:0b:e2:58:6e,2462,2.4GHz,-70,802.11ax,NOT_FOUND,NOT_FOUND,3010,3-5s,NONE,0,
324467,ed56cd61-ebc5-46c0-b71a-09f5b6d13f15,after,2026-09-16 18:58:03,motorola edge 40 neo,34,6007C49DAB2F-2G,60:07:c4:9d:ab:2c,2427,2.4GHz,-70,802.11ax,NOT_FOUND,NOT_FOUND,3013,3-5s,NONE,0,
324468,ed56cd61-ebc5-46c0-b71a-09f5b6d13f15,after,2026-09-16 18:58:03,motorola edge 40 neo,34,Tesla,2c:3f:0b:e2:58:6e,2462,2.4GHz,-70,802.11ax,NOT_FOUND,NOT_FOUND,3008,3-5s,NONE,0,
324469,ed56cd61-ebc5-46c0-b71a-09f5b6d13f15,after,2026-09-16 18:58:03,motorola edge 40 neo,34,TownWiFi,98:2d:ba:21:ae:37,2447,2.4GHz,-71,802.11n,NOT_FOUND,NOT_FOUND,3012,3-5s,NONE,0,
324470,ed56cd61-ebc5-46c0-b71a-09f5b6d13f15,after,2026-09-16 18:58:03,motorola edge 40 neo,34,Wi2eap,d4:68:4d:80:29:bc,5500,5GHz,-71,802.11n,NOT_FOUND,NOT_FOUND,3014,3-5s,NONE,0,
324472,ed56cd61-ebc5-46c0-b71a-09f5b6d13f15,after,2026-09-16 18:58:03,motorola edge 40 neo,34,Wi2_club,d4:68:4d:40:29:bc,5500,5GHz,-71,802.11n,TIMEOUT_AT_FOUR_WAY_HANDSHAKE,TIMEOUT_AT_<STATE>,3008,3-5s,ASSOCIATED_ONLY,5,INTERFACE_DISABLED>DISCONNECTED>ASSOCIATING>ASSOCIATED>FOUR_WAY_HANDSHAKE
324474,ed56cd61-ebc5-46c0-b71a-09f5b6d13f15,after,2026-09-16 18:58:03,motorola edge 40 neo,34,USPOT_1145413_2.4G,98:2d:ba:21:ae:3b,2447,2.4GHz,-72,802.11n,TIMEOUT_AT_FOUR_WAY_HANDSHAKE,TIMEOUT_AT_<STATE>,3010,3-5s,ASSOCIATED_ONLY,5,INTERFACE_DISABLED>DISCONNECTED>ASSOCIATING>ASSOCIATED>FOUR_WAY_HANDSHAKE
324475,ed56cd61-ebc5-46c0-b71a-09f5b6d13f15,after,2026-09-16 18:58:03,motorola edge 40 neo,34,_manekineko_free_Wi-Fi,06:92:5e:e3:d0:fb,2457,2.4GHz,-72,802.11ax,NOT_FOUND,NOT_FOUND,3009,3-5s,NONE,0,
324476,ed56cd61-ebc5-46c0-b71a-09f5b6d13f15,after,2026-09-16 18:58:03,motorola edge 40 neo,34,Wi2eap,d4:68:4d:82:69:9c,5500,5GHz,-72,802.11n,NOT_FOUND,NOT_FOUND,3014,3-5s,NONE,0,
324478,ed56cd61-ebc5-46c0-b71a-09f5b6d13f15,after,2026-09-16 18:58:03,motorola edge 40 neo,34,0001docomo,ac:f1:df:d4:1c:59,2427,2.4GHz,-72,802.11n,NOT_FOUND,NOT_FOUND,3009,3-5s,NONE,0,
324481,ed56cd61-ebc5-46c0-b71a-09f5b6d13f15,after,2026-09-16 18:58:03,motorola edge 40 neo,34,Wi2_club,d4:68:4d:42:69:9c,5500,5GHz,-72,802.11n,TIMEOUT_AT_FOUR_WAY_HANDSHAKE,TIMEOUT_AT_<STATE>,3015,3-5s,ASSOCIATED_ONLY,5,INTERFACE_DISABLED>DISCONNECTED>ASSOCIATING>ASSOCIATED>FOUR_WAY_HANDSHAKE
324482,ed56cd61-ebc5-46c0-b71a-09f5b6d13f15,after,2026-09-16 18:58:03,motorola edge 40 neo,34,,3c:77:e6:c3:45:eb,2472,2.4GHz,-72,802.11n,NOT_FOUND,NOT_FOUND,3010,3-5s,NONE,0,
324483,ed56cd61-ebc5-46c0-b71a-09f5b6d13f15,after,2026-09-16 18:58:03,motorola edge 40 neo,34,mc-ekimae-2.4g,fa:b7:97:87:4c:d6,2412,2.4GHz,-73,802.11n,NOT_FOUND,NOT_FOUND,3015,3-5s,NONE,0,
324485,ed56cd61-ebc5-46c0-b71a-09f5b6d13f15,after,2026-09-16 18:58:03,motorola edge 40 neo,34,,06:ab:18:d6:3a:7a,2447,2.4GHz,-74,802.11ax,NOT_FOUND,NOT_FOUND,3008,3-5s,NONE,0,
324486,ed56cd61-ebc5-46c0-b71a-09f5b6d13f15,after,2026-09-16 18:58:03,motorola edge 40 neo,34,#UW750287046_2.4G,06:92:5e:e7:fc:7c,2447,2.4GHz,-75,802.11ax,NOT_FOUND,NOT_FOUND,3013,3-5s,NONE,0,
324487,ed56cd61-ebc5-46c0-b71a-09f5b6d13f15,after,2026-09-16 18:58:03,motorola edge 40 neo,34,Galaxy_5GMW_2685,54:9b:49:e7:ee:b0,5180,5GHz,-75,802.11ax,TIMEOUT_AT_FOUR_WAY_HANDSHAKE,TIMEOUT_AT_<STATE>,3007,3-5s,ASSOCIATED_ONLY,3,ASSOCIATING>ASSOCIATED>FOUR_WAY_HANDSHAKE
324488,ed56cd61-ebc5-46c0-b71a-09f5b6d13f15,after,2026-09-16 18:58:03,motorola edge 40 neo,34,Buffalo-CE10,d4:2c:46:3d:ce:10,2457,2.4GHz,-76,802.11n,NOT_FOUND,NOT_FOUND,3011,3-5s,NONE,0,
324489,ed56cd61-ebc5-46c0-b71a-09f5b6d13f15,after,2026-09-16 18:58:03,motorola edge 40 neo,34,,1c:d1:e0:fb:e5:2a,5600,5GHz,-77,802.11ax,NOT_FOUND,NOT_FOUND,3008,3-5s,NONE,0,
324490,ed56cd61-ebc5-46c0-b71a-09f5b6d13f15,after,2026-09-16 18:58:03,motorola edge 40 neo,34,dataspt,1c:d1:e0:fb:e5:2c,5600,5GHz,-77,802.11ax,NOT_FOUND,NOT_FOUND,3012,3-5s,NONE,0,
324491,ed56cd61-ebc5-46c0-b71a-09f5b6d13f15,after,2026-09-16 18:58:03,motorola edge 40 neo,34,,1c:d1:e0:fb:e5:2b,5600,5GHz,-77,802.11ax,NOT_FOUND,NOT_FOUND,3008,3-5s,NONE,0,
324492,ed56cd61-ebc5-46c0-b71a-09f5b6d13f15,after,2026-09-16 18:58:03,motorola edge 40 neo,34,,1c:d1:e0:fb:e5:2f,5600,5GHz,-77,802.11ax,NOT_FOUND,NOT_FOUND,3014,3-5s,NONE,0,
324493,ed56cd61-ebc5-46c0-b71a-09f5b6d13f15,after,2026-09-16 18:58:03,motorola edge 40 neo,34,,1c:d1:e0:fb:e5:29,5600,5GHz,-77,802.11ax,NOT_FOUND,NOT_FOUND,3007,3-5s,NONE,0,
324494,ed56cd61-ebc5-46c0-b71a-09f5b6d13f15,after,2026-09-16 18:58:03,motorola edge 40 neo,34,#UW750166046,0a:92:5e:e3:d4:3a,5260,5GHz,-77,802.11ax,NOT_FOUND,NOT_FOUND,3012,3-5s,NONE,0,
324495,ed56cd61-ebc5-46c0-b71a-09f5b6d13f15,after,2026-09-16 18:58:03,motorola edge 40 neo,34,_manekineko_free_Wi-Fi,0a:92:5e:e3:d4:3b,5260,5GHz,-77,802.11ax,TIMEOUT_AT_FOUR_WAY_HANDSHAKE,TIMEOUT_AT_<STATE>,3015,3-5s,ASSOCIATED_ONLY,5,INTERFACE_DISABLED>DISCONNECTED>ASSOCIATING>ASSOCIATED>FOUR_WAY_HANDSHAKE
324496,ed56cd61-ebc5-46c0-b71a-09f5b6d13f15,after,2026-09-16 18:58:03,motorola edge 40 neo,34,stoks,1c:d1:e0:fb:e5:2d,5600,5GHz,-78,802.11ax,TIMEOUT_AT_FOUR_WAY_HANDSHAKE,TIMEOUT_AT_<STATE>,3020,3-5s,ASSOCIATED_ONLY,5,INTERFACE_DISABLED>DISCONNECTED>ASSOCIATING>ASSOCIATED>FOUR_WAY_HANDSHAKE
324497,ed56cd61-ebc5-46c0-b71a-09f5b6d13f15,after,2026-09-16 18:58:03,motorola edge 40 neo,34,#UW750166046,0a:92:5e:e3:d0:fa,5320,5GHz,-79,802.11ax,TIMEOUT_AT_ASSOCIATING,TIMEOUT_AT_<STATE>,3009,3-5s,ASSOCIATING_ONLY,1,ASSOCIATING
324498,ed56cd61-ebc5-46c0-b71a-09f5b6d13f15,after,2026-09-16 18:58:03,motorola edge 40 neo,34,_manekineko_free_Wi-Fi,0a:92:5e:e3:d0:fb,5320,5GHz,-79,802.11ax,NOT_FOUND,NOT_FOUND,3011,3-5s,NONE,0,
324499,ed56cd61-ebc5-46c0-b71a-09f5b6d13f15,after,2026-09-16 18:58:03,motorola edge 40 neo,34,GRA-AccessPoint-01261,8e:86:dd:83:5a:26,5220,5GHz,-80,802.11ax,TIMEOUT_AT_FOUR_WAY_HANDSHAKE,TIMEOUT_AT_<STATE>,3018,3-5s,ASSOCIATED_ONLY,5,INTERFACE_DISABLED>DISCONNECTED>ASSOCIATING>ASSOCIATED>FOUR_WAY_HANDSHAKE
324500,ed56cd61-ebc5-46c0-b71a-09f5b6d13f15,after,2026-09-16 18:58:03,motorola edge 40 neo,34,NSD-Kin-Cam-5,c4:36:c0:b9:ed:29,5180,5GHz,-80,802.11ax,TIMEOUT_AT_ASSOCIATED,TIMEOUT_AT_<STATE>,3009,3-5s,ASSOCIATED_ONLY,4,INTERFACE_DISABLED>DISCONNECTED>ASSOCIATING>ASSOCIATED
324501,ed56cd61-ebc5-46c0-b71a-09f5b6d13f15,after,2026-09-16 18:58:03,motorola edge 40 neo,34,,56:49:b2:32:23:10,5680,5GHz,-83,802.11ax,NOT_FOUND,NOT_FOUND,3011,3-5s,NONE,0,
324502,ed56cd61-ebc5-46c0-b71a-09f5b6d13f15,after,2026-09-16 18:58:03,motorola edge 40 neo,34,graniphsendai,8e:86:dd:83:5a:5e,5220,5GHz,-84,802.11ax,TIMEOUT_AT_FOUR_WAY_HANDSHAKE,TIMEOUT_AT_<STATE>,3016,3-5s,ASSOCIATED_ONLY,5,INTERFACE_DISABLED>DISCONNECTED>ASSOCIATING>ASSOCIATED>FOUR_WAY_HANDSHAKE
324503,ed56cd61-ebc5-46c0-b71a-09f5b6d13f15,after,2026-09-16 18:58:03,motorola edge 40 neo,34,LinkWiFi_AGP,3c:77:e6:c3:45:e5,5660,5GHz,-85,802.11ac,NOT_FOUND,NOT_FOUND,3011,3-5s,NONE,0,
324504,ed56cd61-ebc5-46c0-b71a-09f5b6d13f15,after,2026-09-16 18:58:03,motorola edge 40 neo,34,0002softbank,12:09:b4:71:22:08,5520,5GHz,-85,802.11ac,NOT_FOUND,NOT_FOUND,3008,3-5s,NONE,0,
324505,ed56cd61-ebc5-46c0-b71a-09f5b6d13f15,after,2026-09-16 18:58:03,motorola edge 40 neo,34,0000softbank,3c:77:e6:c3:45:e1,5660,5GHz,-85,802.11ac,NOT_FOUND,NOT_FOUND,3010,3-5s,NONE,0,
324506,ed56cd61-ebc5-46c0-b71a-09f5b6d13f15,after,2026-09-16 18:58:03,motorola edge 40 neo,34,0002softbank,3c:77:e6:c3:45:e2,5660,5GHz,-85,802.11ac,NOT_FOUND,NOT_FOUND,3015,3-5s,NONE,0,
324507,ed56cd61-ebc5-46c0-b71a-09f5b6d13f15,after,2026-09-16 18:58:03,motorola edge 40 neo,34,,3c:77:e6:c3:45:e3,5660,5GHz,-85,802.11ac,NOT_FOUND,NOT_FOUND,3006,3-5s,NONE,0,
324508,ed56cd61-ebc5-46c0-b71a-09f5b6d13f15,after,2026-09-16 18:58:03,motorola edge 40 neo,34,,3c:77:e6:c3:45:e4,5660,5GHz,-85,802.11ac,NOT_FOUND,NOT_FOUND,3006,3-5s,NONE,0,
324510,ed56cd61-ebc5-46c0-b71a-09f5b6d13f15,after,2026-09-16 18:58:03,motorola edge 40 neo,34,ZXY-SENDAI,ac:44:f2:b1:1f:50,5600,5GHz,-85,802.11ac,TIMEOUT_AT_FOUR_WAY_HANDSHAKE,TIMEOUT_AT_<STATE>,3008,3-5s,ASSOCIATED_ONLY,5,INTERFACE_DISABLED>DISCONNECTED>ASSOCIATING>ASSOCIATED>FOUR_WAY_HANDSHAKE
324511,ed56cd61-ebc5-46c0-b71a-09f5b6d13f15,after,2026-09-16 18:58:03,motorola edge 40 neo,34,,12:3f:1b:e2:58:64,5240,5GHz,-85,802.11ax,NOT_FOUND,NOT_FOUND,3016,3-5s,NONE,0,
324513,ed56cd61-ebc5-46c0-b71a-09f5b6d13f15,after,2026-09-16 18:58:03,motorola edge 40 neo,34,Tesla,2e:3f:1b:e2:58:64,5240,5GHz,-85,802.11ax,TIMEOUT_AT_FOUR_WAY_HANDSHAKE,TIMEOUT_AT_<STATE>,3007,3-5s,ASSOCIATED_ONLY,5,INTERFACE_DISABLED>DISCONNECTED>ASSOCIATING>ASSOCIATED>FOUR_WAY_HANDSHAKE
324514,ed56cd61-ebc5-46c0-b71a-09f5b6d13f15,after,2026-09-16 18:58:03,motorola edge 40 neo,34,Tesla01,26:3f:1b:e2:58:64,5240,5GHz,-86,802.11ax,NOT_FOUND,NOT_FOUND,3015,3-5s,NONE,0,
324515,ed56cd61-ebc5-46c0-b71a-09f5b6d13f15,after,2026-09-16 18:58:03,motorola edge 40 neo,34,_manekineko_free_Wi-Fi,0a:92:5e:e3:d0:f3,5680,5GHz,-86,802.11ax,TIMEOUT_AT_FOUR_WAY_HANDSHAKE,TIMEOUT_AT_<STATE>,3016,3-5s,ASSOCIATED_ONLY,5,INTERFACE_DISABLED>DISCONNECTED>ASSOCIATING>ASSOCIATED>FOUR_WAY_HANDSHAKE
324516,ed56cd61-ebc5-46c0-b71a-09f5b6d13f15,after,2026-09-16 18:58:03,motorola edge 40 neo,34,fdcmonitor,84:e8:cb:76:0a:bb,5180,5GHz,-86,802.11ac,NOT_FOUND,NOT_FOUND,3008,3-5s,NONE,0,
324517,ed56cd61-ebc5-46c0-b71a-09f5b6d13f15,after,2026-09-16 18:58:03,motorola edge 40 neo,34,#UW750166046,0a:92:5e:e3:d0:f2,5680,5GHz,-87,802.11ax,TIMEOUT_AT_FOUR_WAY_HANDSHAKE,TIMEOUT_AT_<STATE>,3015,3-5s,ASSOCIATED_ONLY,5,INTERFACE_DISABLED>DISCONNECTED>ASSOCIATING>ASSOCIATED>FOUR_WAY_HANDSHAKE
324518,ed56cd61-ebc5-46c0-b71a-09f5b6d13f15,after,2026-09-16 18:58:03,motorola edge 40 neo,34,,c6:14:82:72:65:cf,6215,6GHz,-87,802.11ax,NOT_FOUND,NOT_FOUND,3009,3-5s,NONE,0,
324519,ed56cd61-ebc5-46c0-b71a-09f5b6d13f15,after,2026-09-16 18:58:03,motorola edge 40 neo,34,ZXY-SENDAI,ac:44:f2:b1:1e:30,5660,5GHz,-87,802.11ac,TIMEOUT_AT_FOUR_WAY_HANDSHAKE,TIMEOUT_AT_<STATE>,3013,3-5s,ASSOCIATED_ONLY,5,INTERFACE_DISABLED>DISCONNECTED>ASSOCIATING>ASSOCIATED>FOUR_WAY_HANDSHAKE
324520,ed56cd61-ebc5-46c0-b71a-09f5b6d13f15,after,2026-09-16 18:58:03,motorola edge 40 neo,34,Buffalo-5G-AE10,ec:5a:31:25:ae:20,5200,5GHz,-88,802.11ac,NOT_FOUND,NOT_FOUND,3013,3-5s,NONE,0,
324521,ed56cd61-ebc5-46c0-b71a-09f5b6d13f15,after,2026-09-16 18:58:03,motorola edge 40 neo,34,Buffalo-5G-AE10-WPA3,ec:5a:31:25:ae:21,5200,5GHz,-88,802.11ac,FAILED_AT_DISCONNECTED,FAILED_AT_<STATE>,784,0-2s,ASSOCIATING_ONLY,2,ASSOCIATING>DISCONNECTED
324522,ed56cd61-ebc5-46c0-b71a-09f5b6d13f15,after,2026-09-16 18:58:03,motorola edge 40 neo,34,EUQNXKK5T45DS7,ac:44:f2:f0:6e:28,5660,5GHz,-88,802.11ax,TIMEOUT_AT_FOUR_WAY_HANDSHAKE,TIMEOUT_AT_<STATE>,3008,3-5s,ASSOCIATED_ONLY,5,INTERFACE_DISABLED>DISCONNECTED>ASSOCIATING>ASSOCIATED>FOUR_WAY_HANDSHAKE
324525,ed56cd61-ebc5-46c0-b71a-09f5b6d13f15,after,2026-09-16 18:58:03,motorola edge 40 neo,34,HMSUOF,f4:d5:80:4f:a6:10,5500,5GHz,-89,802.11ax,NOT_FOUND,NOT_FOUND,3012,3-5s,NONE,0,
324526,ed56cd61-ebc5-46c0-b71a-09f5b6d13f15,after,2026-09-16 18:58:03,motorola edge 40 neo,34,Buffalo-A-BB80,6a:e1:dc:22:bb:8a,5500,5GHz,-90,802.11ax,NOT_FOUND,NOT_FOUND,3007,3-5s,NONE,0,
324527,ed56cd61-ebc5-46c0-b71a-09f5b6d13f15,after,2026-09-16 18:58:03,motorola edge 40 neo,34,@viv@-WL-a1,dc:fb:02:bc:33:d0,5200,5GHz,-90,802.11n,NOT_FOUND,NOT_FOUND,3010,3-5s,NONE,0,
324528,ed56cd61-ebc5-46c0-b71a-09f5b6d13f15,after,2026-09-16 18:58:03,motorola edge 40 neo,34,,00:20:a6:fd:53:10,5220,5GHz,-90,802.11a/b/g,NOT_FOUND,NOT_FOUND,3009,3-5s,NONE,0,
324529,ed56cd61-ebc5-46c0-b71a-09f5b6d13f15,after,2026-09-16 18:58:03,motorola edge 40 neo,34,,68:e1:dc:22:bb:88,5500,5GHz,-91,802.11ax,NOT_FOUND,NOT_FOUND,3012,3-5s,NONE,0,
324530,ed56cd61-ebc5-46c0-b71a-09f5b6d13f15,after,2026-09-16 18:58:03,motorola edge 40 neo,34,Wi2eap,c0:8a:de:82:3b:dc,5180,5GHz,-91,802.11n,NOT_FOUND,NOT_FOUND,3015,3-5s,NONE,0,
324531,ed56cd61-ebc5-46c0-b71a-09f5b6d13f15,after,2026-09-16 18:58:03,motorola edge 40 neo,34,0000softbank,30:f7:72:f9:55:c9,5260,5GHz,-91,802.11ac,NOT_FOUND,NOT_FOUND,3013,3-5s,NONE,0,
324532,ed56cd61-ebc5-46c0-b71a-09f5b6d13f15,after,2026-09-16 18:58:03,motorola edge 40 neo,34,Buffalo-A-BB80-WPA3,6a:e1:dc:22:bb:8b,5500,5GHz,-91,802.11ax,NOT_FOUND,NOT_FOUND,3015,3-5s,NONE,0,
324534,ed56cd61-ebc5-46c0-b71a-09f5b6d13f15,after,2026-09-16 18:58:03,motorola edge 40 neo,34,Wi2premium_club,c0:8a:de:42:3b:dc,5180,5GHz,-91,802.11n,TIMEOUT_AT_FOUR_WAY_HANDSHAKE,TIMEOUT_AT_<STATE>,3008,3-5s,ASSOCIATED_ONLY,5,INTERFACE_DISABLED>DISCONNECTED>ASSOCIATING>ASSOCIATED>FOUR_WAY_HANDSHAKE
324536,ed56cd61-ebc5-46c0-b71a-09f5b6d13f15,after,2026-09-16 18:58:03,motorola edge 40 neo,34,Wi2eap,f0:b0:52:b2:6f:5c,5620,5GHz,-92,802.11n,NOT_FOUND,NOT_FOUND,3017,3-5s,NONE,0,
324537,ed56cd61-ebc5-46c0-b71a-09f5b6d13f15,after,2026-09-16 18:58:03,motorola edge 40 neo,34,SDwifi01,fa:9e:38:74:ce:bf,5600,5GHz,-92,802.11ax,NOT_FOUND,NOT_FOUND,3008,3-5s,NONE,0,
324538,ed56cd61-ebc5-46c0-b71a-09f5b6d13f15,after,2026-09-16 18:58:03,motorola edge 40 neo,34,,06:ab:18:f6:3a:7a,5600,5GHz,-92,802.11ax,NOT_FOUND,NOT_FOUND,3016,3-5s,NONE,0,
324539,ed56cd61-ebc5-46c0-b71a-09f5b6d13f15,after,2026-09-16 18:58:03,motorola edge 40 neo,34,SADAtest,fe:9e:38:74:ce:bf,5600,5GHz,-92,802.11ax,NOT_FOUND,NOT_FOUND,3009,3-5s,NONE,0,
324540,ed56cd61-ebc5-46c0-b71a-09f5b6d13f15,after,2026-09-16 18:58:03,motorola edge 40 neo,34,Wi2_club,f0:b0:52:72:6f:5c,5620,5GHz,-92,802.11n,TIMEOUT_AT_FOUR_WAY_HANDSHAKE,TIMEOUT_AT_<STATE>,3016,3-5s,ASSOCIATED_ONLY,5,INTERFACE_DISABLED>DISCONNECTED>ASSOCIATING>ASSOCIATED>FOUR_WAY_HANDSHAKE
324542,ed56cd61-ebc5-46c0-b71a-09f5b6d13f15,after,2026-09-16 18:58:03,motorola edge 40 neo,34,#UW750166046,0a:92:5e:e3:d4:42,5640,5GHz,-92,802.11ax,NOT_FOUND,NOT_FOUND,3011,3-5s,NONE,0,
324543,ed56cd61-ebc5-46c0-b71a-09f5b6d13f15,after,2026-09-16 18:58:03,motorola edge 40 neo,34,_manekineko_free_Wi-Fi,0a:92:5e:e3:d1:23,5660,5GHz,-93,802.11ax,NOT_FOUND,NOT_FOUND,3012,3-5s,NONE,0,
324966,6fa94ef3-8fa8-401f-8b77-d0c0b2d85804,after,2026-09-17 12:27:13,motorola edge 40 neo,34,,96:46:9d:28:1b:55,2462,2.4GHz,-61,802.11ax,NOT_FOUND,NOT_FOUND,3008,3-5s,NONE,0,
324967,6fa94ef3-8fa8-401f-8b77-d0c0b2d85804,after,2026-09-17 12:27:13,motorola edge 40 neo,34,,a8:46:9d:28:1b:55,2462,2.4GHz,-61,802.11ax,NOT_FOUND,NOT_FOUND,3013,3-5s,NONE,0,
324968,6fa94ef3-8fa8-401f-8b77-d0c0b2d85804,after,2026-09-17 12:27:13,motorola edge 40 neo,34,Wi2_club,d4:68:4d:42:69:98,2462,2.4GHz,-63,802.11n,TIMEOUT_AT_FOUR_WAY_HANDSHAKE,TIMEOUT_AT_<STATE>,3016,3-5s,ASSOCIATED_ONLY,5,INTERFACE_DISABLED>DISCONNECTED>ASSOCIATING>ASSOCIATED>FOUR_WAY_HANDSHAKE
324969,6fa94ef3-8fa8-401f-8b77-d0c0b2d85804,after,2026-09-17 12:27:13,motorola edge 40 neo,34,TOHOKU_United_Free_Wi-Fi,d4:68:4d:82:69:98,2462,2.4GHz,-63,802.11n,TIMEOUT_AT_COMPLETED,TIMEOUT_AT_<STATE>,2845,0-2s,COMPLETED,5,INTERFACE_DISABLED>DISCONNECTED>ASSOCIATING>ASSOCIATED>COMPLETED
324970,6fa94ef3-8fa8-401f-8b77-d0c0b2d85804,after,2026-09-17 12:27:13,motorola edge 40 neo,34,Wi2,d4:68:4d:02:69:98,2462,2.4GHz,-63,802.11n,NOT_FOUND,NOT_FOUND,3010,3-5s,NONE,0,
324971,6fa94ef3-8fa8-401f-8b77-d0c0b2d85804,after,2026-09-17 12:27:13,motorola edge 40 neo,34,SENDAI_free_Wi-Fi,d4:68:4d:c2:69:98,2462,2.4GHz,-63,802.11n,NOT_FOUND,NOT_FOUND,3011,3-5s,NONE,0,
324972,6fa94ef3-8fa8-401f-8b77-d0c0b2d85804,after,2026-09-17 12:27:13,motorola edge 40 neo,34,Wi2eap,d4:68:4d:82:69:9c,5500,5GHz,-69,802.11n,NOT_FOUND,NOT_FOUND,3013,3-5s,NONE,0,
324973,6fa94ef3-8fa8-401f-8b77-d0c0b2d85804,after,2026-09-17 12:27:13,motorola edge 40 neo,34,Wi2,d4:68:4d:02:69:9c,5500,5GHz,-69,802.11n,NOT_FOUND,NOT_FOUND,3009,3-5s,NONE,0,
324974,6fa94ef3-8fa8-401f-8b77-d0c0b2d85804,after,2026-09-17 12:27:13,motorola edge 40 neo,34,Wi2_club,d4:68:4d:42:69:9c,5500,5GHz,-69,802.11n,TIMEOUT_AT_FOUR_WAY_HANDSHAKE,TIMEOUT_AT_<STATE>,3016,3-5s,ASSOCIATED_ONLY,5,INTERFACE_DISABLED>DISCONNECTED>ASSOCIATING>ASSOCIATED>FOUR_WAY_HANDSHAKE
324975,6fa94ef3-8fa8-401f-8b77-d0c0b2d85804,after,2026-09-17 12:27:13,motorola edge 40 neo,34,MIYAGI_Free_Wi-Fi_02,1a:3f:0b:59:a1:47,2412,2.4GHz,-70,802.11ax,NOT_FOUND,NOT_FOUND,3011,3-5s,NONE,0,
324976,6fa94ef3-8fa8-401f-8b77-d0c0b2d85804,after,2026-09-17 12:27:13,motorola edge 40 neo,34,TOHOKU_United_Free_Wi-Fi,d4:68:4d:c2:69:9c,5500,5GHz,-70,802.11n,NOT_FOUND,NOT_FOUND,3013,3-5s,NONE,0,
324977,6fa94ef3-8fa8-401f-8b77-d0c0b2d85804,after,2026-09-17 12:27:13,motorola edge 40 neo,34,_manekineko_free_Wi-Fi,06:92:5e:e3:d4:3b,2472,2.4GHz,-70,802.11ax,TIMEOUT_AT_ASSOCIATING,TIMEOUT_AT_<STATE>,3011,3-5s,ASSOCIATING_ONLY,3,INTERFACE_DISABLED>DISCONNECTED>ASSOCIATING
324978,6fa94ef3-8fa8-401f-8b77-d0c0b2d85804,after,2026-09-17 12:27:13,motorola edge 40 neo,34,SENDAI_free_Wi-Fi,d4:68:4d:02:69:9d,5500,5GHz,-70,802.11n,NOT_FOUND,NOT_FOUND,3010,3-5s,NONE,0,
324979,6fa94ef3-8fa8-401f-8b77-d0c0b2d85804,after,2026-09-17 12:27:13,motorola edge 40 neo,34,carina,2c:3f:0b:59:a1:47,2412,2.4GHz,-71,802.11ax,NOT_FOUND,NOT_FOUND,3008,3-5s,NONE,0,
324980,6fa94ef3-8fa8-401f-8b77-d0c0b2d85804,after,2026-09-17 12:27:13,motorola edge 40 neo,34,,12:3f:0b:59:a1:47,2412,2.4GHz,-71,802.11ax,NOT_FOUND,NOT_FOUND,3013,3-5s,NONE,0,
324981,6fa94ef3-8fa8-401f-8b77-d0c0b2d85804,after,2026-09-17 12:27:13,motorola edge 40 neo,34,,aa:46:8d:28:1b:55,5680,5GHz,-72,802.11ax,NOT_FOUND,NOT_FOUND,3009,3-5s,NONE,0,
324982,6fa94ef3-8fa8-401f-8b77-d0c0b2d85804,after,2026-09-17 12:27:13,motorola edge 40 neo,34,,96:46:8d:28:1b:55,5680,5GHz,-72,802.11ax,NOT_FOUND,NOT_FOUND,3011,3-5s,NONE,0,
324983,6fa94ef3-8fa8-401f-8b77-d0c0b2d85804,after,2026-09-17 12:27:13,motorola edge 40 neo,34,USPOT_1145413_2.4G,98:2d:ba:21:ae:3b,2447,2.4GHz,-73,802.11n,TIMEOUT_AT_FOUR_WAY_HANDSHAKE,TIMEOUT_AT_<STATE>,3010,3-5s,ASSOCIATED_ONLY,5,INTERFACE_DISABLED>DISCONNECTED>ASSOCIATING>ASSOCIATED>FOUR_WAY_HANDSHAKE
324984,6fa94ef3-8fa8-401f-8b77-d0c0b2d85804,after,2026-09-17 12:27:13,motorola edge 40 neo,34,sanzen-wifi,00:e5:f1:9b:18:4c,5180,5GHz,-75,802.11ac,TIMEOUT_AT_FOUR_WAY_HANDSHAKE,TIMEOUT_AT_<STATE>,3007,3-5s,ASSOCIATED_ONLY,5,INTERFACE_DISABLED>DISCONNECTED>ASSOCIATING>ASSOCIATED>FOUR_WAY_HANDSHAKE
324985,6fa94ef3-8fa8-401f-8b77-d0c0b2d85804,after,2026-09-17 12:27:13,motorola edge 40 neo,34,elecom2g-2cd966,bc:5c:4c:2c:d9:67,2412,2.4GHz,-76,802.11n,NOT_FOUND,NOT_FOUND,3012,3-5s,NONE,0,
324986,6fa94ef3-8fa8-401f-8b77-d0c0b2d85804,after,2026-09-17 12:27:13,motorola edge 40 neo,34,iR700B-2,1e:06:56:10:3c:f9,2422,2.4GHz,-77,802.11n,NOT_FOUND,NOT_FOUND,3009,3-5s,NONE,0,
324987,6fa94ef3-8fa8-401f-8b77-d0c0b2d85804,after,2026-09-17 12:27:13,motorola edge 40 neo,34,LinkWiFi_AGP,00:09:b4:71:22:08,5520,5GHz,-78,802.11ac,TIMEOUT_AT_FOUR_WAY_HANDSHAKE,TIMEOUT_AT_<STATE>,3014,3-5s,ASSOCIATED_ONLY,5,INTERFACE_DISABLED>DISCONNECTED>ASSOCIATING>ASSOCIATED>FOUR_WAY_HANDSHAKE
324988,6fa94ef3-8fa8-401f-8b77-d0c0b2d85804,after,2026-09-17 12:27:13,motorola edge 40 neo,34,0000softbank,02:09:b4:71:22:08,5520,5GHz,-79,802.11ac,TIMEOUT_AT_FOUR_WAY_HANDSHAKE,TIMEOUT_AT_<STATE>,3009,3-5s,ASSOCIATED_ONLY,5,INTERFACE_DISABLED>DISCONNECTED>ASSOCIATING>ASSOCIATED>FOUR_WAY_HANDSHAKE
324989,6fa94ef3-8fa8-401f-8b77-d0c0b2d85804,after,2026-09-17 12:27:13,motorola edge 40 neo,34,,1a:2c:a9:27:cc:ae,6135,6GHz,-84,802.11be,NOT_FOUND,NOT_FOUND,3008,3-5s,NONE,0,
324990,6fa94ef3-8fa8-401f-8b77-d0c0b2d85804,after,2026-09-17 12:27:13,motorola edge 40 neo,34,17CCA802-5G,18:2c:a9:17:cc:ae,6135,6GHz,-85,802.11be,NOT_FOUND,NOT_FOUND,3013,3-5s,NONE,0,
324991,6fa94ef3-8fa8-401f-8b77-d0c0b2d85804,after,2026-09-17 12:27:13,motorola edge 40 neo,34,Tesla01,26:3f:1b:e2:58:64,5240,5GHz,-85,802.11ax,NOT_FOUND,NOT_FOUND,3009,3-5s,NONE,0,
324992,6fa94ef3-8fa8-401f-8b77-d0c0b2d85804,after,2026-09-17 12:27:13,motorola edge 40 neo,34,,12:3f:1b:e2:58:64,5240,5GHz,-85,802.11ax,NOT_FOUND,NOT_FOUND,3015,3-5s,NONE,0,
324993,6fa94ef3-8fa8-401f-8b77-d0c0b2d85804,after,2026-09-17 12:27:13,motorola edge 40 neo,34,Tesla,2e:3f:1b:e2:58:64,5240,5GHz,-85,802.11ax,NOT_FOUND,NOT_FOUND,3015,3-5s,NONE,0,
324994,6fa94ef3-8fa8-401f-8b77-d0c0b2d85804,after,2026-09-17 12:27:13,motorola edge 40 neo,34,rx600k-9ad5d9-3,2c:ff:65:9a:d5:b9,5180,5GHz,-85,802.11ac,TIMEOUT_AT_FOUR_WAY_HANDSHAKE,TIMEOUT_AT_<STATE>,3009,3-5s,ASSOCIATED_ONLY,5,INTERFACE_DISABLED>DISCONNECTED>ASSOCIATING>ASSOCIATED>FOUR_WAY_HANDSHAKE
324995,6fa94ef3-8fa8-401f-8b77-d0c0b2d85804,after,2026-09-17 12:27:13,motorola edge 40 neo,34,,8c:86:dd:63:5a:5f,5220,5GHz,-86,802.11ax,NOT_FOUND,NOT_FOUND,3009,3-5s,NONE,0,
324996,6fa94ef3-8fa8-401f-8b77-d0c0b2d85804,after,2026-09-17 12:27:13,motorola edge 40 neo,34,GRA-AccessPoint-01261,8e:86:dd:83:5a:26,5220,5GHz,-87,802.11ax,TIMEOUT_AT_FOUR_WAY_HANDSHAKE,TIMEOUT_AT_<STATE>,3018,3-5s,ASSOCIATED_ONLY,5,INTERFACE_DISABLED>DISCONNECTED>ASSOCIATING>ASSOCIATED>FOUR_WAY_HANDSHAKE
324997,6fa94ef3-8fa8-401f-8b77-d0c0b2d85804,after,2026-09-17 12:27:13,motorola edge 40 neo,34,,8c:86:dd:63:5a:27,5220,5GHz,-88,802.11ax,NOT_FOUND,NOT_FOUND,3009,3-5s,NONE,0,
324998,6fa94ef3-8fa8-401f-8b77-d0c0b2d85804,after,2026-09-17 12:27:13,motorola edge 40 neo,34,graniphsendai,8e:86:dd:83:5a:5e,5220,5GHz,-88,802.11ax,NOT_FOUND,NOT_FOUND,3012,3-5s,NONE,0,
324999,6fa94ef3-8fa8-401f-8b77-d0c0b2d85804,after,2026-09-17 12:27:13,motorola edge 40 neo,34,Wi2_club,d4:68:4d:40:29:bc,5500,5GHz,-88,802.11n,TIMEOUT_AT_FOUR_WAY_HANDSHAKE,TIMEOUT_AT_<STATE>,3019,3-5s,ASSOCIATED_ONLY,5,INTERFACE_DISABLED>DISCONNECTED>ASSOCIATING>ASSOCIATED>FOUR_WAY_HANDSHAKE
325000,6fa94ef3-8fa8-401f-8b77-d0c0b2d85804,after,2026-09-17 12:27:13,motorola edge 40 neo,34,mx-kensho,70:b3:17:58:e3:49,5500,5GHz,-88,802.11ac,NOT_FOUND,NOT_FOUND,3010,3-5s,NONE,0,
325001,6fa94ef3-8fa8-401f-8b77-d0c0b2d85804,after,2026-09-17 12:27:13,motorola edge 40 neo,34,,70:b3:17:58:e3:4a,5500,5GHz,-89,802.11ac,NOT_FOUND,NOT_FOUND,3007,3-5s,NONE,0,
325002,6fa94ef3-8fa8-401f-8b77-d0c0b2d85804,after,2026-09-17 12:27:13,motorola edge 40 neo,34,US750260524001,0a:92:5e:e3:db:b1,5260,5GHz,-89,802.11ax,NOT_FOUND,NOT_FOUND,3013,3-5s,NONE,0,
325003,6fa94ef3-8fa8-401f-8b77-d0c0b2d85804,after,2026-09-17 12:27:13,motorola edge 40 neo,34,5.0TCJ-fellow,0a:92:5e:e3:db:b2,5260,5GHz,-89,802.11ax,TIMEOUT_AT_FOUR_WAY_HANDSHAKE,TIMEOUT_AT_<STATE>,3008,3-5s,ASSOCIATED_ONLY,3,ASSOCIATING>ASSOCIATED>FOUR_WAY_HANDSHAKE
325004,6fa94ef3-8fa8-401f-8b77-d0c0b2d85804,after,2026-09-17 12:27:13,motorola edge 40 neo,34,Wi2,d4:68:4d:00:29:bc,5500,5GHz,-89,802.11n,NOT_FOUND,NOT_FOUND,3014,3-5s,NONE,0,
325005,6fa94ef3-8fa8-401f-8b77-d0c0b2d85804,after,2026-09-17 12:27:13,motorola edge 40 neo,34,Wi2premium,c4:10:8a:1f:79:8c,5580,5GHz,-90,802.11n,NOT_FOUND,NOT_FOUND,3006,3-5s,NONE,0,
325006,6fa94ef3-8fa8-401f-8b77-d0c0b2d85804,after,2026-09-17 12:27:13,motorola edge 40 neo,34,Wi2_club,18:4b:0d:d6:90:cc,5620,5GHz,-90,802.11ac,TIMEOUT_AT_ASSOCIATING,TIMEOUT_AT_<STATE>,3010,3-5s,ASSOCIATING_ONLY,3,INTERFACE_DISABLED>DISCONNECTED>ASSOCIATING
325007,6fa94ef3-8fa8-401f-8b77-d0c0b2d85804,after,2026-09-17 12:27:13,motorola edge 40 neo,34,JR-EAST_FREE_Wi-Fi,5c:e1:76:0b:30:af,5680,5GHz,-90,802.11ac,NOT_FOUND,NOT_FOUND,3008,3-5s,NONE,0,
325008,6fa94ef3-8fa8-401f-8b77-d0c0b2d85804,after,2026-09-17 12:27:13,motorola edge 40 neo,34,,ec:79:49:10:57:b9,5300,5GHz,-90,802.11ac,NOT_FOUND,NOT_FOUND,3013,3-5s,NONE,0,
325009,6fa94ef3-8fa8-401f-8b77-d0c0b2d85804,after,2026-09-17 12:27:13,motorola edge 40 neo,34,mx-free,70:b3:17:58:e3:4b,5500,5GHz,-90,802.11ac,NOT_FOUND,NOT_FOUND,3009,3-5s,NONE,0,
325010,6fa94ef3-8fa8-401f-8b77-d0c0b2d85804,after,2026-09-17 12:27:13,motorola edge 40 neo,34,Wi2eap,d4:68:4d:80:29:bc,5500,5GHz,-90,802.11n,NOT_FOUND,NOT_FOUND,3013,3-5s,NONE,0,
325011,6fa94ef3-8fa8-401f-8b77-d0c0b2d85804,after,2026-09-17 12:27:13,motorola edge 40 neo,34,USPOT02_MESH_750260524_001,0a:92:5e:e3:db:b0,5260,5GHz,-90,802.11ax,NOT_FOUND,NOT_FOUND,3014,3-5s,NONE,0,
325012,6fa94ef3-8fa8-401f-8b77-d0c0b2d85804,after,2026-09-17 12:27:13,motorola edge 40 neo,34,tullys_Wi-Fi,0a:92:5e:e3:db:b3,5260,5GHz,-90,802.11ax,NOT_FOUND,NOT_FOUND,3014,3-5s,NONE,0,
325013,6fa94ef3-8fa8-401f-8b77-d0c0b2d85804,after,2026-09-17 12:27:13,motorola edge 40 neo,34,SENDAI_free_Wi-Fi,d4:68:4d:00:29:bd,5500,5GHz,-90,802.11n,NOT_FOUND,NOT_FOUND,3011,3-5s,NONE,0,
325014,6fa94ef3-8fa8-401f-8b77-d0c0b2d85804,after,2026-09-17 12:27:13,motorola edge 40 neo,34,mx-newkensho,70:b3:17:58:e3:46,5500,5GHz,-90,802.11ac,NOT_FOUND,NOT_FOUND,3006,3-5s,NONE,0,
325015,6fa94ef3-8fa8-401f-8b77-d0c0b2d85804,after,2026-09-17 12:27:13,motorola edge 40 neo,34,UALTD_Free_Wi-Fi,18:4b:0d:96:90:cc,5620,5GHz,-90,802.11ac,NOT_FOUND,NOT_FOUND,3012,3-5s,NONE,0,
325016,6fa94ef3-8fa8-401f-8b77-d0c0b2d85804,after,2026-09-17 12:27:13,motorola edge 40 neo,34,,f6:79:49:10:57:b9,5300,5GHz,-90,802.11ac,NOT_FOUND,NOT_FOUND,3009,3-5s,NONE,0,
325017,6fa94ef3-8fa8-401f-8b77-d0c0b2d85804,after,2026-09-17 12:27:13,motorola edge 40 neo,34,,aa:46:8d:28:1b:2b,5500,5GHz,-91,802.11ax,NOT_FOUND,NOT_FOUND,3008,3-5s,NONE,0,
325018,6fa94ef3-8fa8-401f-8b77-d0c0b2d85804,after,2026-09-17 12:27:13,motorola edge 40 neo,34,Wi2premium_club,c4:10:8a:5f:79:8c,5580,5GHz,-91,802.11n,TIMEOUT_AT_FOUR_WAY_HANDSHAKE,TIMEOUT_AT_<STATE>,3013,3-5s,ASSOCIATED_ONLY,5,INTERFACE_DISABLED>DISCONNECTED>ASSOCIATING>ASSOCIATED>FOUR_WAY_HANDSHAKE
325019,6fa94ef3-8fa8-401f-8b77-d0c0b2d85804,after,2026-09-17 12:27:13,motorola edge 40 neo,34,S-PAL_Free_WiFi,9e:46:8d:34:35:e0,5700,5GHz,-91,802.11ax,NOT_FOUND,NOT_FOUND,3014,3-5s,NONE,0,
325020,6fa94ef3-8fa8-401f-8b77-d0c0b2d85804,after,2026-09-17 12:27:13,motorola edge 40 neo,34,Wi2eap,c4:10:8a:9f:79:8c,5580,5GHz,-91,802.11n,NOT_FOUND,NOT_FOUND,3012,3-5s,NONE,0,
325021,6fa94ef3-8fa8-401f-8b77-d0c0b2d85804,after,2026-09-17 12:27:13,motorola edge 40 neo,34,,f2:79:49:10:57:b9,5300,5GHz,-91,802.11ac,NOT_FOUND,NOT_FOUND,3009,3-5s,NONE,0,
325022,6fa94ef3-8fa8-401f-8b77-d0c0b2d85804,after,2026-09-17 12:27:13,motorola edge 40 neo,34,_manekineko_free_Wi-Fi,0a:92:5e:e3:d4:43,5640,5GHz,-91,802.11ax,NOT_FOUND,NOT_FOUND,3013,3-5s,NONE,0,
325023,6fa94ef3-8fa8-401f-8b77-d0c0b2d85804,after,2026-09-17 12:27:13,motorola edge 40 neo,34,Buffalo-A-1A88,00:e5:f1:9b:1a:8c,5200,5GHz,-91,802.11ac,NOT_FOUND,NOT_FOUND,3009,3-5s,NONE,0,
325024,6fa94ef3-8fa8-401f-8b77-d0c0b2d85804,after,2026-09-17 12:27:13,motorola edge 40 neo,34,Buffalo-5G-AE10,ec:5a:31:25:ae:20,5200,5GHz,-92,802.11ac,TIMEOUT_AT_INTERFACE_DISABLED,TIMEOUT_AT_<STATE>,810,0-2s,ASSOCIATING_ONLY,23,INTERFACE_DISABLED>DISCONNECTED>ASSOCIATING>DISCONNECTED>INTERFACE_DISABLED>DISCONNECTED>INTERFACE_DISABLED>DISCONNECTED>ASSOCIATING>DISCONNECTED>INTERFACE_DISABLED>DISCONNECTED>INTERFACE_DISABLED>DISCONNECTED>ASSOCIATING>DISCONNECTED>INTERFACE_DISABLED>DISCONNECTED>INTERFACE_DISABLED>DISCONNECTED>ASSOCIATING>DISCONNECTED>INTERFACE_DISABLED
325025,6fa94ef3-8fa8-401f-8b77-d0c0b2d85804,after,2026-09-17 12:27:13,motorola edge 40 neo,34,datecafe-order,26:3f:1b:59:a1:47,5180,5GHz,-92,802.11ax,NOT_FOUND,NOT_FOUND,3015,3-5s,NONE,0,
325026,6fa94ef3-8fa8-401f-8b77-d0c0b2d85804,after,2026-09-17 12:27:13,motorola edge 40 neo,34,carina,2e:3f:1b:59:a1:47,5180,5GHz,-93,802.11ax,NOT_FOUND,NOT_FOUND,3008,3-5s,NONE,0,
324768,eaac2cc5-78b9-4a42-8f20-28a629258e28,after,2026-09-17 12:27:33,ASUS_I006D,33,Wi2,d4:68:4d:02:69:98,2462,2.4GHz,-35,802.11n,NOT_FOUND,NOT_FOUND,3017,3-5s,NONE,0,
324769,eaac2cc5-78b9-4a42-8f20-28a629258e28,after,2026-09-17 12:27:33,ASUS_I006D,33,rx600k-9ad5d9-1,a4:12:42:21:9f:93,2437,2.4GHz,-44,802.11n,NOT_FOUND,NOT_FOUND,3020,3-5s,NONE,0,
324770,eaac2cc5-78b9-4a42-8f20-28a629258e28,after,2026-09-17 12:27:33,ASUS_I006D,33,,96:46:9d:28:1b:55,2462,2.4GHz,-62,802.11ax,NOT_FOUND,NOT_FOUND,3021,3-5s,NONE,0,
324771,eaac2cc5-78b9-4a42-8f20-28a629258e28,after,2026-09-17 12:27:33,ASUS_I006D,33,,a8:46:9d:28:1b:55,2462,2.4GHz,-62,802.11ax,NOT_FOUND,NOT_FOUND,3016,3-5s,NONE,0,
324772,eaac2cc5-78b9-4a42-8f20-28a629258e28,after,2026-09-17 12:27:33,ASUS_I006D,33,_manekineko_free_Wi-Fi,06:92:5e:e3:d4:3b,2472,2.4GHz,-65,802.11ax,TIMEOUT_AT_ASSOCIATING,TIMEOUT_AT_<STATE>,3032,3-5s,ASSOCIATING_ONLY,3,INTERFACE_DISABLED>DISCONNECTED>ASSOCIATING
324773,eaac2cc5-78b9-4a42-8f20-28a629258e28,after,2026-09-17 12:27:33,ASUS_I006D,33,SENDAI_free_Wi-Fi,d4:68:4d:02:69:9d,5500,5GHz,-66,802.11n,TIMEOUT_AT_COMPLETED,TIMEOUT_AT_<STATE>,875,0-2s,COMPLETED,5,INTERFACE_DISABLED>DISCONNECTED>ASSOCIATING>ASSOCIATED>COMPLETED
324774,eaac2cc5-78b9-4a42-8f20-28a629258e28,after,2026-09-17 12:27:33,ASUS_I006D,33,Wi2eap,d4:68:4d:82:69:9c,5500,5GHz,-67,802.11n,FAILED_AT_DISCONNECTED,FAILED_AT_<STATE>,3015,3-5s,NONE,1,DISCONNECTED
324775,eaac2cc5-78b9-4a42-8f20-28a629258e28,after,2026-09-17 12:27:33,ASUS_I006D,33,Wi2,d4:68:4d:02:69:9c,5500,5GHz,-67,802.11n,NOT_FOUND,NOT_FOUND,3021,3-5s,NONE,0,
324776,eaac2cc5-78b9-4a42-8f20-28a629258e28,after,2026-09-17 12:27:33,ASUS_I006D,33,Wi2_club,d4:68:4d:42:69:9c,5500,5GHz,-67,802.11n,TIMEOUT_AT_FOUR_WAY_HANDSHAKE,TIMEOUT_AT_<STATE>,3021,3-5s,ASSOCIATED_ONLY,6,DISCONNECTED>INTERFACE_DISABLED>DISCONNECTED>ASSOCIATING>ASSOCIATED>FOUR_WAY_HANDSHAKE
324777,eaac2cc5-78b9-4a42-8f20-28a629258e28,after,2026-09-17 12:27:33,ASUS_I006D,33,TOHOKU_United_Free_Wi-Fi,d4:68:4d:c2:69:9c,5500,5GHz,-67,802.11n,TIMEOUT_AT_COMPLETED,TIMEOUT_AT_<STATE>,820,0-2s,COMPLETED,5,INTERFACE_DISABLED>DISCONNECTED>ASSOCIATING>ASSOCIATED>COMPLETED
324778,eaac2cc5-78b9-4a42-8f20-28a629258e28,after,2026-09-17 12:27:33,ASUS_I006D,33,TOHOKU_United_Free_Wi-Fi,d4:68:4d:82:69:98,2462,2.4GHz,-67,802.11n,TIMEOUT_AT_ASSOCIATING,TIMEOUT_AT_<STATE>,3019,3-5s,ASSOCIATING_ONLY,4,INTERFACE_DISABLED>DISCONNECTED>SCANNING>ASSOCIATING
324779,eaac2cc5-78b9-4a42-8f20-28a629258e28,after,2026-09-17 12:27:33,ASUS_I006D,33,0002softbank,12:09:b4:71:22:08,5520,5GHz,-69,802.11ac,NOT_FOUND,NOT_FOUND,3024,3-5s,NONE,0,
324780,eaac2cc5-78b9-4a42-8f20-28a629258e28,after,2026-09-17 12:27:33,ASUS_I006D,33,LinkWiFi_AGP,00:09:b4:71:22:08,5520,5GHz,-69,802.11ac,TIMEOUT_AT_FOUR_WAY_HANDSHAKE,TIMEOUT_AT_<STATE>,3022,3-5s,ASSOCIATED_ONLY,5,INTERFACE_DISABLED>DISCONNECTED>ASSOCIATING>ASSOCIATED>FOUR_WAY_HANDSHAKE
324781,eaac2cc5-78b9-4a42-8f20-28a629258e28,after,2026-09-17 12:27:33,ASUS_I006D,33,SENDAI_free_Wi-Fi,d4:68:4d:c2:69:98,2462,2.4GHz,-69,802.11n,TIMEOUT_AT_COMPLETED,TIMEOUT_AT_<STATE>,43,0-2s,COMPLETED,2,ASSOCIATED>COMPLETED
324782,eaac2cc5-78b9-4a42-8f20-28a629258e28,after,2026-09-17 12:27:33,ASUS_I006D,33,SWS1day,22:09:b4:71:22:08,5520,5GHz,-69,802.11ac,FAILED_AT_DISCONNECTED,FAILED_AT_<STATE>,3025,3-5s,NONE,2,INTERFACE_DISABLED>DISCONNECTED
324783,eaac2cc5-78b9-4a42-8f20-28a629258e28,after,2026-09-17 12:27:33,ASUS_I006D,33,0000softbank,02:09:b4:71:22:08,5520,5GHz,-69,802.11ac,TIMEOUT_AT_FOUR_WAY_HANDSHAKE,TIMEOUT_AT_<STATE>,3029,3-5s,ASSOCIATED_ONLY,5,INTERFACE_DISABLED>DISCONNECTED>ASSOCIATING>ASSOCIATED>FOUR_WAY_HANDSHAKE
324784,eaac2cc5-78b9-4a42-8f20-28a629258e28,after,2026-09-17 12:27:33,ASUS_I006D,33,.FREE_Wi-Fi_PASSPORT,32:09:b4:71:22:08,5520,5GHz,-69,802.11ac,NOT_FOUND,NOT_FOUND,3025,3-5s,NONE,0,
324785,eaac2cc5-78b9-4a42-8f20-28a629258e28,after,2026-09-17 12:27:33,ASUS_I006D,33,Wi2_club,d4:68:4d:42:69:98,2462,2.4GHz,-69,802.11n,TIMEOUT_AT_ASSOCIATING,TIMEOUT_AT_<STATE>,3018,3-5s,ASSOCIATING_ONLY,4,INTERFACE_DISABLED>DISCONNECTED>SCANNING>ASSOCIATING
324786,eaac2cc5-78b9-4a42-8f20-28a629258e28,after,2026-09-17 12:27:33,ASUS_I006D,33,Buffalo-G-2B40,00:e5:f1:c5:2b:40,2412,2.4GHz,-71,802.11n,FAILED_AT_DISCONNECTED,FAILED_AT_<STATE>,3011,3-5s,NONE,1,DISCONNECTED
324787,eaac2cc5-78b9-4a42-8f20-28a629258e28,after,2026-09-17 12:27:33,ASUS_I006D,33,rx600k-9ad5d9-2,aa:12:42:21:9f:93,2437,2.4GHz,-71,802.11n,NOT_FOUND,NOT_FOUND,3032,3-5s,NONE,0,
324788,eaac2cc5-78b9-4a42-8f20-28a629258e28,after,2026-09-17 12:27:33,ASUS_I006D,33,USPOT02_MESH_750260524_001,06:92:5e:e3:db:b0,2472,2.4GHz,-72,802.11ax,NOT_FOUND,NOT_FOUND,3012,3-5s,NONE,0,
324789,eaac2cc5-78b9-4a42-8f20-28a629258e28,after,2026-09-17 12:27:33,ASUS_I006D,33,MIYAGI_Free_Wi-Fi_02,1a:3f:0b:59:a1:47,2412,2.4GHz,-74,802.11ax,NOT_FOUND,NOT_FOUND,3028,3-5s,NONE,0,
324790,eaac2cc5-78b9-4a42-8f20-28a629258e28,after,2026-09-17 12:27:33,ASUS_I006D,33,datecafe-order,26:3f:0b:59:a1:47,2412,2.4GHz,-74,802.11ax,NOT_FOUND,NOT_FOUND,3031,3-5s,NONE,0,
324791,eaac2cc5-78b9-4a42-8f20-28a629258e28,after,2026-09-17 12:27:33,ASUS_I006D,33,ジローiPhone,56:a8:97:9e:f6:23,2437,2.4GHz,-74,802.11ax,NOT_FOUND,NOT_FOUND,3022,3-5s,NONE,0,
324792,eaac2cc5-78b9-4a42-8f20-28a629258e28,after,2026-09-17 12:27:33,ASUS_I006D,33,_manekineko_free_Wi-Fi,06:92:5e:e3:d0:fb,2457,2.4GHz,-76,802.11ax,FAILED_AT_SCANNING,FAILED_AT_<STATE>,3029,3-5s,NONE,3,INTERFACE_DISABLED>DISCONNECTED>SCANNING
324793,eaac2cc5-78b9-4a42-8f20-28a629258e28,after,2026-09-17 12:27:33,ASUS_I006D,33,,96:46:8d:28:1b:55,5680,5GHz,-77,802.11ax,NOT_FOUND,NOT_FOUND,3018,3-5s,NONE,0,
324794,eaac2cc5-78b9-4a42-8f20-28a629258e28,after,2026-09-17 12:27:33,ASUS_I006D,33,,8c:86:dd:63:5a:27,5220,5GHz,-77,802.11ax,NOT_FOUND,NOT_FOUND,3028,3-5s,NONE,0,
324795,eaac2cc5-78b9-4a42-8f20-28a629258e28,after,2026-09-17 12:27:33,ASUS_I006D,33,,8c:86:dd:63:5a:2b,5220,5GHz,-77,802.11ax,NOT_FOUND,NOT_FOUND,3017,3-5s,NONE,0,
324796,eaac2cc5-78b9-4a42-8f20-28a629258e28,after,2026-09-17 12:27:33,ASUS_I006D,33,elecom2g-2cd966,bc:5c:4c:2c:d9:67,2412,2.4GHz,-78,802.11n,NOT_FOUND,NOT_FOUND,3020,3-5s,NONE,0,
324797,eaac2cc5-78b9-4a42-8f20-28a629258e28,after,2026-09-17 12:27:33,ASUS_I006D,33,GRA-AccessPoint-01261,8e:86:dd:83:5a:2a,5220,5GHz,-78,802.11ax,TIMEOUT_AT_FOUR_WAY_HANDSHAKE,TIMEOUT_AT_<STATE>,3040,3-5s,ASSOCIATED_ONLY,5,INTERFACE_DISABLED>DISCONNECTED>ASSOCIATING>ASSOCIATED>FOUR_WAY_HANDSHAKE
324798,eaac2cc5-78b9-4a42-8f20-28a629258e28,after,2026-09-17 12:27:33,ASUS_I006D,33,,aa:46:8d:28:1b:55,5680,5GHz,-78,802.11ax,NOT_FOUND,NOT_FOUND,3019,3-5s,NONE,0,
324799,eaac2cc5-78b9-4a42-8f20-28a629258e28,after,2026-09-17 12:27:33,ASUS_I006D,33,graniphsendai,8e:86:dd:83:5a:5e,5220,5GHz,-79,802.11ax,TIMEOUT_AT_FOUR_WAY_HANDSHAKE,TIMEOUT_AT_<STATE>,3022,3-5s,ASSOCIATED_ONLY,5,INTERFACE_DISABLED>DISCONNECTED>ASSOCIATING>ASSOCIATED>FOUR_WAY_HANDSHAKE
324800,eaac2cc5-78b9-4a42-8f20-28a629258e28,after,2026-09-17 12:27:33,ASUS_I006D,33,mx-free,70:b3:17:58:e3:4b,5500,5GHz,-81,802.11ac,NOT_FOUND,NOT_FOUND,3015,3-5s,NONE,0,
324801,eaac2cc5-78b9-4a42-8f20-28a629258e28,after,2026-09-17 12:27:33,ASUS_I006D,33,mx-kensho,70:b3:17:58:e3:49,5500,5GHz,-81,802.11ac,NOT_FOUND,NOT_FOUND,3021,3-5s,NONE,0,
324802,eaac2cc5-78b9-4a42-8f20-28a629258e28,after,2026-09-17 12:27:33,ASUS_I006D,33,HMSUOF,f4:d5:80:4f:a6:10,5500,5GHz,-82,802.11ax,TIMEOUT_AT_ASSOCIATING,TIMEOUT_AT_<STATE>,3030,3-5s,ASSOCIATING_ONLY,3,INTERFACE_DISABLED>DISCONNECTED>ASSOCIATING
324803,eaac2cc5-78b9-4a42-8f20-28a629258e28,after,2026-09-17 12:27:33,ASUS_I006D,33,mx-newkensho,70:b3:17:58:e3:46,5500,5GHz,-82,802.11ac,NOT_FOUND,NOT_FOUND,3027,3-5s,NONE,0,
324804,eaac2cc5-78b9-4a42-8f20-28a629258e28,after,2026-09-17 12:27:33,ASUS_I006D,33,,70:b3:17:58:e3:45,5500,5GHz,-82,802.11ac,NOT_FOUND,NOT_FOUND,3016,3-5s,NONE,0,
324805,eaac2cc5-78b9-4a42-8f20-28a629258e28,after,2026-09-17 12:27:33,ASUS_I006D,33,Tesla,2e:3f:1b:e2:58:64,5240,5GHz,-82,802.11ax,TIMEOUT_AT_FOUR_WAY_HANDSHAKE,TIMEOUT_AT_<STATE>,3014,3-5s,ASSOCIATED_ONLY,5,INTERFACE_DISABLED>DISCONNECTED>ASSOCIATING>ASSOCIATED>FOUR_WAY_HANDSHAKE
324806,eaac2cc5-78b9-4a42-8f20-28a629258e28,after,2026-09-17 12:27:33,ASUS_I006D,33,NVRa486dbb81efd-2,a4:86:db:b8:1f:00,5320,5GHz,-83,802.11ax,FAILED_AT_DISCONNECTED,FAILED_AT_<STATE>,3011,3-5s,NONE,2,INTERFACE_DISABLED>DISCONNECTED
324807,eaac2cc5-78b9-4a42-8f20-28a629258e28,after,2026-09-17 12:27:33,ASUS_I006D,33,Tesla01,26:3f:1b:e2:58:64,5240,5GHz,-83,802.11ax,TIMEOUT_AT_FOUR_WAY_HANDSHAKE,TIMEOUT_AT_<STATE>,3017,3-5s,ASSOCIATED_ONLY,3,ASSOCIATING>ASSOCIATED>FOUR_WAY_HANDSHAKE
324808,eaac2cc5-78b9-4a42-8f20-28a629258e28,after,2026-09-17 12:27:33,ASUS_I006D,33,TOHOKU_United_Free_Wi-Fi,d4:68:4d:c0:29:bc,5500,5GHz,-84,802.11n,TIMEOUT_AT_COMPLETED,TIMEOUT_AT_<STATE>,1131,0-2s,COMPLETED,5,INTERFACE_DISABLED>DISCONNECTED>ASSOCIATING>ASSOCIATED>COMPLETED
324809,eaac2cc5-78b9-4a42-8f20-28a629258e28,after,2026-09-17 12:27:33,ASUS_I006D,33,Wi2eap,d4:68:4d:80:29:bc,5500,5GHz,-84,802.11n,NOT_FOUND,NOT_FOUND,3023,3-5s,NONE,0,
324810,eaac2cc5-78b9-4a42-8f20-28a629258e28,after,2026-09-17 12:27:33,ASUS_I006D,33,Wi2,d4:68:4d:00:29:bc,5500,5GHz,-84,802.11n,NOT_FOUND,NOT_FOUND,3018,3-5s,NONE,0,
324811,eaac2cc5-78b9-4a42-8f20-28a629258e28,after,2026-09-17 12:27:33,ASUS_I006D,33,Wi2_club,d4:68:4d:40:29:bc,5500,5GHz,-84,802.11n,TIMEOUT_AT_FOUR_WAY_HANDSHAKE,TIMEOUT_AT_<STATE>,3023,3-5s,ASSOCIATED_ONLY,5,INTERFACE_DISABLED>DISCONNECTED>ASSOCIATING>ASSOCIATED>FOUR_WAY_HANDSHAKE
324812,eaac2cc5-78b9-4a42-8f20-28a629258e28,after,2026-09-17 12:27:33,ASUS_I006D,33,SENDAI_free_Wi-Fi,d4:68:4d:00:29:bd,5500,5GHz,-84,802.11n,TIMEOUT_AT_COMPLETED,TIMEOUT_AT_<STATE>,1226,0-2s,COMPLETED,5,INTERFACE_DISABLED>DISCONNECTED>ASSOCIATING>ASSOCIATED>COMPLETED
324813,eaac2cc5-78b9-4a42-8f20-28a629258e28,after,2026-09-17 12:27:33,ASUS_I006D,33,US750260524001,0a:92:5e:e3:db:b1,5260,5GHz,-85,802.11ax,NOT_FOUND,NOT_FOUND,3028,3-5s,NONE,0,
324814,eaac2cc5-78b9-4a42-8f20-28a629258e28,after,2026-09-17 12:27:33,ASUS_I006D,33,USPOT02_MESH_750260524_001,0a:92:5e:e3:db:b0,5260,5GHz,-85,802.11ax,TIMEOUT_AT_ASSOCIATING,TIMEOUT_AT_<STATE>,3016,3-5s,ASSOCIATING_ONLY,3,INTERFACE_DISABLED>DISCONNECTED>ASSOCIATING
324815,eaac2cc5-78b9-4a42-8f20-28a629258e28,after,2026-09-17 12:27:33,ASUS_I006D,33,,1a:2c:a9:27:cc:ac,5520,5GHz,-85,802.11ax,FAILED_AT_DISCONNECTED,FAILED_AT_<STATE>,3025,3-5s,NONE,1,DISCONNECTED
324816,eaac2cc5-78b9-4a42-8f20-28a629258e28,after,2026-09-17 12:27:33,ASUS_I006D,33,040141923_5G,f0:5c:19:ca:96:b0,5220,5GHz,-85,802.11n,NOT_FOUND,NOT_FOUND,3025,3-5s,NONE,0,
324817,eaac2cc5-78b9-4a42-8f20-28a629258e28,after,2026-09-17 12:27:33,ASUS_I006D,33,mx-kensho,70:b3:17:2c:87:69,5320,5GHz,-85,802.11ac,NOT_FOUND,NOT_FOUND,3013,3-5s,NONE,0,
324818,eaac2cc5-78b9-4a42-8f20-28a629258e28,after,2026-09-17 12:27:33,ASUS_I006D,33,mx-newkensho,70:b3:17:2c:87:66,5320,5GHz,-86,802.11ac,NOT_FOUND,NOT_FOUND,3024,3-5s,NONE,0,
324819,eaac2cc5-78b9-4a42-8f20-28a629258e28,after,2026-09-17 12:27:33,ASUS_I006D,33,Buffalo-5G-AE10-WPA3,ec:5a:31:25:ae:21,5200,5GHz,-86,802.11ac,TIMEOUT_AT_ASSOCIATING,TIMEOUT_AT_<STATE>,3027,3-5s,ASSOCIATING_ONLY,3,INTERFACE_DISABLED>DISCONNECTED>ASSOCIATING
324820,eaac2cc5-78b9-4a42-8f20-28a629258e28,after,2026-09-17 12:27:33,ASUS_I006D,33,mx-free,70:b3:17:2c:87:6b,5320,5GHz,-86,802.11ac,NOT_FOUND,NOT_FOUND,3018,3-5s,NONE,0,
324821,eaac2cc5-78b9-4a42-8f20-28a629258e28,after,2026-09-17 12:27:33,ASUS_I006D,33,tullys_Wi-Fi,0a:92:5e:e3:db:b3,5260,5GHz,-87,802.11ax,NOT_FOUND,NOT_FOUND,3009,3-5s,NONE,0,
324822,eaac2cc5-78b9-4a42-8f20-28a629258e28,after,2026-09-17 12:27:33,ASUS_I006D,33,S-PAL_Free_WiFi,9e:46:8d:34:9e:8a,5600,5GHz,-87,802.11ax,NOT_FOUND,NOT_FOUND,3012,3-5s,NONE,0,
324823,eaac2cc5-78b9-4a42-8f20-28a629258e28,after,2026-09-17 12:27:33,ASUS_I006D,33,vorsmart2,4e:06:00:55:2c:99,5220,5GHz,-87,802.11ax,NOT_FOUND,NOT_FOUND,3027,3-5s,NONE,0,
324824,eaac2cc5-78b9-4a42-8f20-28a629258e28,after,2026-09-17 12:27:33,ASUS_I006D,33,Buffalo-5G-AE10,ec:5a:31:25:ae:20,5200,5GHz,-87,802.11ac,TIMEOUT_AT_FOUR_WAY_HANDSHAKE,TIMEOUT_AT_<STATE>,3020,3-5s,ASSOCIATED_ONLY,5,INTERFACE_DISABLED>DISCONNECTED>ASSOCIATING>ASSOCIATED>FOUR_WAY_HANDSHAKE
324825,eaac2cc5-78b9-4a42-8f20-28a629258e28,after,2026-09-17 12:27:33,ASUS_I006D,33,SPWH_L13_05B69A_5G,54:1f:8d:07:b6:9a,5200,5GHz,-87,802.11ax,TIMEOUT_AT_ASSOCIATING,TIMEOUT_AT_<STATE>,3022,3-5s,ASSOCIATING_ONLY,3,INTERFACE_DISABLED>DISCONNECTED>ASSOCIATING
324826,eaac2cc5-78b9-4a42-8f20-28a629258e28,after,2026-09-17 12:27:33,ASUS_I006D,33,17CCA802-5G,18:2c:a9:17:cc:ac,5520,5GHz,-87,802.11ax,NOT_FOUND,NOT_FOUND,3018,3-5s,NONE,0,
324827,eaac2cc5-78b9-4a42-8f20-28a629258e28,after,2026-09-17 12:27:33,ASUS_I006D,33,LinkWiFi_AGP,90:32:4b:f4:a4:03,5560,5GHz,-87,802.11ax,TIMEOUT_AT_ASSOCIATING,TIMEOUT_AT_<STATE>,3018,3-5s,ASSOCIATING_ONLY,3,INTERFACE_DISABLED>DISCONNECTED>ASSOCIATING
324828,eaac2cc5-78b9-4a42-8f20-28a629258e28,after,2026-09-17 12:27:33,ASUS_I006D,33,TOHOKU_United_Free_Wi-Fi,f0:b0:52:f2:bd:bc,5260,5GHz,-88,802.11n,NOT_FOUND,NOT_FOUND,3016,3-5s,NONE,0,
324829,eaac2cc5-78b9-4a42-8f20-28a629258e28,after,2026-09-17 12:27:33,ASUS_I006D,33,Wi2_club,f0:b0:52:72:bd:bc,5260,5GHz,-88,802.11n,FAILED_AT_SCANNING,FAILED_AT_<STATE>,3017,3-5s,NONE,3,INTERFACE_DISABLED>DISCONNECTED>SCANNING
324830,eaac2cc5-78b9-4a42-8f20-28a629258e28,after,2026-09-17 12:27:33,ASUS_I006D,33,SENDAI_free_Wi-Fi,f0:b0:52:32:bd:bd,5260,5GHz,-88,802.11n,NOT_FOUND,NOT_FOUND,3013,3-5s,NONE,0,
324831,eaac2cc5-78b9-4a42-8f20-28a629258e28,after,2026-09-17 12:27:33,ASUS_I006D,33,Wi2premium_club,c4:10:8a:5f:79:8c,5580,5GHz,-88,802.11n,TIMEOUT_AT_FOUR_WAY_HANDSHAKE,TIMEOUT_AT_<STATE>,3024,3-5s,ASSOCIATED_ONLY,5,INTERFACE_DISABLED>DISCONNECTED>ASSOCIATING>ASSOCIATED>FOUR_WAY_HANDSHAKE
324832,eaac2cc5-78b9-4a42-8f20-28a629258e28,after,2026-09-17 12:27:33,ASUS_I006D,33,0002softbank,90:32:4b:f4:a4:02,5560,5GHz,-88,802.11ax,NOT_FOUND,NOT_FOUND,3015,3-5s,NONE,0,
324833,eaac2cc5-78b9-4a42-8f20-28a629258e28,after,2026-09-17 12:27:33,ASUS_I006D,33,SWS1day,90:32:4b:f4:a4:00,5560,5GHz,-88,802.11ax,NOT_FOUND,NOT_FOUND,3018,3-5s,NONE,0,
324834,eaac2cc5-78b9-4a42-8f20-28a629258e28,after,2026-09-17 12:27:33,ASUS_I006D,33,0000softbank,90:32:4b:f4:a4:01,5560,5GHz,-89,802.11ax,TIMEOUT_AT_ASSOCIATING,TIMEOUT_AT_<STATE>,3013,3-5s,ASSOCIATING_ONLY,3,INTERFACE_DISABLED>DISCONNECTED>ASSOCIATING
324835,eaac2cc5-78b9-4a42-8f20-28a629258e28,after,2026-09-17 12:27:33,ASUS_I006D,33,Wi2eap,18:4b:0d:56:90:cc,5620,5GHz,-90,802.11ac,NOT_FOUND,NOT_FOUND,3027,3-5s,NONE,0,
324836,eaac2cc5-78b9-4a42-8f20-28a629258e28,after,2026-09-17 12:27:33,ASUS_I006D,33,UALTD_Free_Wi-Fi,18:4b:0d:96:90:cc,5620,5GHz,-91,802.11ac,NOT_FOUND,NOT_FOUND,3034,3-5s,NONE,0,
324837,eaac2cc5-78b9-4a42-8f20-28a629258e28,after,2026-09-17 12:27:33,ASUS_I006D,33,Wi2,18:4b:0d:16:90:cc,5620,5GHz,-92,802.11ac,NOT_FOUND,NOT_FOUND,3019,3-5s,NONE,0,
325027,c9aa93e3-176b-43d8-93a1-114b25785026,after,2026-09-17 12:30:22,motorola edge 40 neo,34,A401ZTa-5D6EBF,5c:7d:ae:5d:6e:bf,2462,2.4GHz,-69,802.11ax,TIMEOUT_AT_FOUR_WAY_HANDSHAKE,TIMEOUT_AT_<STATE>,3007,3-5s,ASSOCIATED_ONLY,5,INTERFACE_DISABLED>DISCONNECTED>ASSOCIATING>ASSOCIATED>FOUR_WAY_HANDSHAKE
325028,c9aa93e3-176b-43d8-93a1-114b25785026,after,2026-09-17 12:30:22,motorola edge 40 neo,34,Wi2,d4:68:4d:02:69:98,2462,2.4GHz,-69,802.11n,NOT_FOUND,NOT_FOUND,3011,3-5s,NONE,0,
325029,c9aa93e3-176b-43d8-93a1-114b25785026,after,2026-09-17 12:30:22,motorola edge 40 neo,34,102,26:2b:ad:ba:3f:ba,2437,2.4GHz,-70,802.11ax,NOT_FOUND,NOT_FOUND,3008,3-5s,NONE,0,
325030,c9aa93e3-176b-43d8-93a1-114b25785026,after,2026-09-17 12:30:22,motorola edge 40 neo,34,Wi2eap,d4:68:4d:82:69:9c,5500,5GHz,-70,802.11n,NOT_FOUND,NOT_FOUND,3012,3-5s,NONE,0,
325031,c9aa93e3-176b-43d8-93a1-114b25785026,after,2026-09-17 12:30:22,motorola edge 40 neo,34,Wi2,d4:68:4d:02:69:9c,5500,5GHz,-70,802.11n,TIMEOUT_AT_COMPLETED,TIMEOUT_AT_<STATE>,1171,0-2s,COMPLETED,5,INTERFACE_DISABLED>DISCONNECTED>ASSOCIATING>ASSOCIATED>COMPLETED
325032,c9aa93e3-176b-43d8-93a1-114b25785026,after,2026-09-17 12:30:22,motorola edge 40 neo,34,SENDAI_free_Wi-Fi,d4:68:4d:02:69:9d,5500,5GHz,-70,802.11n,NOT_FOUND,NOT_FOUND,3012,3-5s,NONE,0,
325033,c9aa93e3-176b-43d8-93a1-114b25785026,after,2026-09-17 12:30:22,motorola edge 40 neo,34,Wi2_club,d4:68:4d:42:69:9c,5500,5GHz,-70,802.11n,TIMEOUT_AT_FOUR_WAY_HANDSHAKE,TIMEOUT_AT_<STATE>,3014,3-5s,ASSOCIATED_ONLY,5,INTERFACE_DISABLED>DISCONNECTED>ASSOCIATING>ASSOCIATED>FOUR_WAY_HANDSHAKE
325034,c9aa93e3-176b-43d8-93a1-114b25785026,after,2026-09-17 12:30:22,motorola edge 40 neo,34,TOHOKU_United_Free_Wi-Fi,d4:68:4d:c2:69:9c,5500,5GHz,-70,802.11n,TIMEOUT_AT_COMPLETED,TIMEOUT_AT_<STATE>,1447,0-2s,COMPLETED,3,ASSOCIATING>ASSOCIATED>COMPLETED
325035,c9aa93e3-176b-43d8-93a1-114b25785026,after,2026-09-17 12:30:22,motorola edge 40 neo,34,SPW_X12_4bf2e7,1c:7c:98:23:30:63,2437,2.4GHz,-71,802.11ax,NOT_FOUND,NOT_FOUND,3010,3-5s,NONE,0,
325036,c9aa93e3-176b-43d8-93a1-114b25785026,after,2026-09-17 12:30:22,motorola edge 40 neo,34,Wi2_club,d4:68:4d:42:69:98,2462,2.4GHz,-72,802.11n,NOT_FOUND,NOT_FOUND,3014,3-5s,NONE,0,
325037,c9aa93e3-176b-43d8-93a1-114b25785026,after,2026-09-17 12:30:22,motorola edge 40 neo,34,Wi2eap,d4:68:4d:80:29:bc,5500,5GHz,-74,802.11n,NOT_FOUND,NOT_FOUND,3017,3-5s,NONE,0,
325038,c9aa93e3-176b-43d8-93a1-114b25785026,after,2026-09-17 12:30:22,motorola edge 40 neo,34,OPPO Reno5 A,5a:f8:a0:1b:47:e5,2412,2.4GHz,-74,802.11n,NOT_FOUND,NOT_FOUND,3007,3-5s,NONE,0,
325039,c9aa93e3-176b-43d8-93a1-114b25785026,after,2026-09-17 12:30:22,motorola edge 40 neo,34,Wi2,d4:68:4d:00:29:bc,5500,5GHz,-74,802.11n,NOT_FOUND,NOT_FOUND,3013,3-5s,NONE,0,
325040,c9aa93e3-176b-43d8-93a1-114b25785026,after,2026-09-17 12:30:22,motorola edge 40 neo,34,SENDAI_free_Wi-Fi,d4:68:4d:00:29:bd,5500,5GHz,-74,802.11n,TIMEOUT_AT_INTERFACE_DISABLED,TIMEOUT_AT_<STATE>,1528,0-2s,ASSOCIATING_ONLY,20,INTERFACE_DISABLED>DISCONNECTED>ASSOCIATING>DISCONNECTED>INTERFACE_DISABLED>DISCONNECTED>INTERFACE_DISABLED>DISCONNECTED>ASSOCIATING>DISCONNECTED>DISCONNECTED>INTERFACE_DISABLED>DISCONNECTED>ASSOCIATING>DISCONNECTED>INTERFACE_DISABLED>DISCONNECTED>ASSOCIATING>DISCONNECTED>INTERFACE_DISABLED
325041,c9aa93e3-176b-43d8-93a1-114b25785026,after,2026-09-17 12:30:22,motorola edge 40 neo,34,Wi2_club,d4:68:4d:40:29:bc,5500,5GHz,-74,802.11n,FAILED_AT_DISCONNECTED,FAILED_AT_<STATE>,623,0-2s,ASSOCIATING_ONLY,22,INTERFACE_DISABLED>DISCONNECTED>ASSOCIATING>DISCONNECTED>INTERFACE_DISABLED>DISCONNECTED>INTERFACE_DISABLED>DISCONNECTED>ASSOCIATING>DISCONNECTED>INTERFACE_DISABLED>DISCONNECTED>INTERFACE_DISABLED>DISCONNECTED>ASSOCIATING>DISCONNECTED>INTERFACE_DISABLED>DISCONNECTED>INTERFACE_DISABLED>DISCONNECTED>ASSOCIATING>DISCONNECTED
325042,c9aa93e3-176b-43d8-93a1-114b25785026,after,2026-09-17 12:30:22,motorola edge 40 neo,34,TOHOKU_United_Free_Wi-Fi,d4:68:4d:c0:29:bc,5500,5GHz,-74,802.11n,FAILED_AT_DISCONNECTED,FAILED_AT_<STATE>,2805,0-2s,ASSOCIATING_ONLY,22,INTERFACE_DISABLED>DISCONNECTED>ASSOCIATING>DISCONNECTED>INTERFACE_DISABLED>DISCONNECTED>INTERFACE_DISABLED>DISCONNECTED>ASSOCIATING>DISCONNECTED>INTERFACE_DISABLED>DISCONNECTED>INTERFACE_DISABLED>DISCONNECTED>ASSOCIATING>DISCONNECTED>INTERFACE_DISABLED>DISCONNECTED>INTERFACE_DISABLED>DISCONNECTED>ASSOCIATING>DISCONNECTED
325043,c9aa93e3-176b-43d8-93a1-114b25785026,after,2026-09-17 12:30:22,motorola edge 40 neo,34,iR700B,1e:06:56:10:3c:f8,2422,2.4GHz,-76,802.11n,NOT_FOUND,NOT_FOUND,931,0-2s,NONE,0,
325044,c9aa93e3-176b-43d8-93a1-114b25785026,after,2026-09-17 12:30:22,motorola edge 40 neo,34,1089,b6:b9:33:1f:e2:63,2437,2.4GHz,-78,802.11ax,NOT_FOUND,NOT_FOUND,3012,3-5s,NONE,0,
325045,c9aa93e3-176b-43d8-93a1-114b25785026,after,2026-09-17 12:30:22,motorola edge 40 neo,34,HMSUOF,f4:d5:80:4f:a6:10,5500,5GHz,-80,802.11ax,NOT_FOUND,NOT_FOUND,3015,3-5s,NONE,0,
325046,c9aa93e3-176b-43d8-93a1-114b25785026,after,2026-09-17 12:30:22,motorola edge 40 neo,34,Buffalo-5G-AE10,ec:5a:31:25:ae:20,5200,5GHz,-81,802.11ac,TIMEOUT_AT_FOUR_WAY_HANDSHAKE,TIMEOUT_AT_<STATE>,3018,3-5s,ASSOCIATED_ONLY,5,INTERFACE_DISABLED>DISCONNECTED>ASSOCIATING>ASSOCIATED>FOUR_WAY_HANDSHAKE
325047,c9aa93e3-176b-43d8-93a1-114b25785026,after,2026-09-17 12:30:22,motorola edge 40 neo,34,.FREE_Wi-Fi_PASSPORT,32:09:b4:71:22:08,5520,5GHz,-81,802.11ac,NOT_FOUND,NOT_FOUND,3009,3-5s,NONE,0,
325048,c9aa93e3-176b-43d8-93a1-114b25785026,after,2026-09-17 12:30:22,motorola edge 40 neo,34,Buffalo-5G-AE10-WPA3,ec:5a:31:25:ae:21,5200,5GHz,-83,802.11ac,FAILED_AT_DISCONNECTED,FAILED_AT_<STATE>,688,0-2s,ASSOCIATING_ONLY,4,INTERFACE_DISABLED>DISCONNECTED>ASSOCIATING>DISCONNECTED
325049,c9aa93e3-176b-43d8-93a1-114b25785026,after,2026-09-17 12:30:22,motorola edge 40 neo,34,ZXY-SENDAI,ac:44:f2:b1:1f:50,5600,5GHz,-83,802.11ac,TIMEOUT_AT_FOUR_WAY_HANDSHAKE,TIMEOUT_AT_<STATE>,3007,3-5s,ASSOCIATED_ONLY,5,INTERFACE_DISABLED>DISCONNECTED>ASSOCIATING>ASSOCIATED>FOUR_WAY_HANDSHAKE
325050,c9aa93e3-176b-43d8-93a1-114b25785026,after,2026-09-17 12:30:22,motorola edge 40 neo,34,NVRa486dbb81efd-2,a4:86:db:b8:1f:00,5320,5GHz,-88,802.11ax,NOT_FOUND,NOT_FOUND,3008,3-5s,NONE,0,
325051,c9aa93e3-176b-43d8-93a1-114b25785026,after,2026-09-17 12:30:22,motorola edge 40 neo,34,sanzen-wifi,00:e5:f1:9b:18:4c,5180,5GHz,-88,802.11ac,NOT_FOUND,NOT_FOUND,3012,3-5s,NONE,0,
325052,c9aa93e3-176b-43d8-93a1-114b25785026,after,2026-09-17 12:30:22,motorola edge 40 neo,34,SPWH_L13_05B69A_5G,54:1f:8d:07:b6:9a,5200,5GHz,-90,802.11ax,FAILED_AT_DISCONNECTED,FAILED_AT_<STATE>,393,0-2s,ASSOCIATING_ONLY,4,INTERFACE_DISABLED>DISCONNECTED>ASSOCIATING>DISCONNECTED
325053,c9aa93e3-176b-43d8-93a1-114b25785026,after,2026-09-17 12:30:22,motorola edge 40 neo,34,Tesla,2e:3f:1b:e2:58:64,5240,5GHz,-90,802.11ax,NOT_FOUND,NOT_FOUND,3012,3-5s,NONE,0,
325054,c9aa93e3-176b-43d8-93a1-114b25785026,after,2026-09-17 12:30:22,motorola edge 40 neo,34,Tesla01,26:3f:1b:e2:58:64,5240,5GHz,-90,802.11ax,NOT_FOUND,NOT_FOUND,3009,3-5s,NONE,0,
325055,c9aa93e3-176b-43d8-93a1-114b25785026,after,2026-09-17 12:30:22,motorola edge 40 neo,34,SPW_X11_8b270d,c4:36:c0:73:fd:ab,5180,5GHz,-91,802.11ac,NOT_FOUND,NOT_FOUND,3014,3-5s,NONE,0,
325056,c9aa93e3-176b-43d8-93a1-114b25785026,after,2026-09-17 12:30:22,motorola edge 40 neo,34,S-PAL_Free_WiFi,9e:46:8d:34:9e:8a,5600,5GHz,-91,802.11ax,NOT_FOUND,NOT_FOUND,3008,3-5s,NONE,0,
325057,c9aa93e3-176b-43d8-93a1-114b25785026,after,2026-09-17 12:30:22,motorola edge 40 neo,34,,96:46:8d:34:9e:8a,5600,5GHz,-91,802.11ax,NOT_FOUND,NOT_FOUND,3013,3-5s,NONE,0,
325058,c9aa93e3-176b-43d8-93a1-114b25785026,after,2026-09-17 12:30:22,motorola edge 40 neo,34,SWS1day,84:4b:f5:eb:12:90,5680,5GHz,-91,802.11n,NOT_FOUND,NOT_FOUND,3008,3-5s,NONE,0,
325059,c9aa93e3-176b-43d8-93a1-114b25785026,after,2026-09-17 12:30:22,motorola edge 40 neo,34,0002softbank,84:4b:f5:eb:12:92,5680,5GHz,-91,802.11n,NOT_FOUND,NOT_FOUND,3014,3-5s,NONE,0,
325060,c9aa93e3-176b-43d8-93a1-114b25785026,after,2026-09-17 12:30:22,motorola edge 40 neo,34,Buffalo-A-BB80,6a:e1:dc:22:bb:8a,5500,5GHz,-91,802.11ax,NOT_FOUND,NOT_FOUND,3008,3-5s,NONE,0,
325061,c9aa93e3-176b-43d8-93a1-114b25785026,after,2026-09-17 12:30:22,motorola edge 40 neo,34,Wi2premium,c4:10:8a:1f:79:8c,5580,5GHz,-92,802.11n,NOT_FOUND,NOT_FOUND,3012,3-5s,NONE,0,
325062,c9aa93e3-176b-43d8-93a1-114b25785026,after,2026-09-17 12:30:22,motorola edge 40 neo,34,Wi2eap,c4:10:8a:9f:79:8c,5580,5GHz,-92,802.11n,NOT_FOUND,NOT_FOUND,3020,3-5s,NONE,0,
324838,9b6bf8cc-fe74-464a-b4c8-6922a92ddb30,after,2026-09-17 12:31:32,ASUS_I006D,33,SENDAI_free_Wi-Fi,d4:68:4d:02:69:9d,5500,5GHz,-65,802.11n,TIMEOUT_AT_COMPLETED,TIMEOUT_AT_<STATE>,1065,0-2s,COMPLETED,5,INTERFACE_DISABLED>DISCONNECTED>ASSOCIATING>ASSOCIATED>COMPLETED
324839,9b6bf8cc-fe74-464a-b4c8-6922a92ddb30,after,2026-09-17 12:31:32,ASUS_I006D,33,Wi2eap,d4:68:4d:82:69:9c,5500,5GHz,-66,802.11n,NOT_FOUND,NOT_FOUND,3027,3-5s,NONE,0,
324840,9b6bf8cc-fe74-464a-b4c8-6922a92ddb30,after,2026-09-17 12:31:32,ASUS_I006D,33,Wi2,d4:68:4d:02:69:9c,5500,5GHz,-66,802.11n,TIMEOUT_AT_COMPLETED,TIMEOUT_AT_<STATE>,2224,0-2s,COMPLETED,3,ASSOCIATING>ASSOCIATED>COMPLETED
324841,9b6bf8cc-fe74-464a-b4c8-6922a92ddb30,after,2026-09-17 12:31:32,ASUS_I006D,33,Wi2_club,d4:68:4d:42:69:9c,5500,5GHz,-66,802.11n,TIMEOUT_AT_FOUR_WAY_HANDSHAKE,TIMEOUT_AT_<STATE>,3023,3-5s,ASSOCIATED_ONLY,5,INTERFACE_DISABLED>DISCONNECTED>ASSOCIATING>ASSOCIATED>FOUR_WAY_HANDSHAKE
324842,9b6bf8cc-fe74-464a-b4c8-6922a92ddb30,after,2026-09-17 12:31:32,ASUS_I006D,33,TOHOKU_United_Free_Wi-Fi,d4:68:4d:c2:69:9c,5500,5GHz,-66,802.11n,TIMEOUT_AT_ASSOCIATING,TIMEOUT_AT_<STATE>,3017,3-5s,ASSOCIATING_ONLY,3,INTERFACE_DISABLED>DISCONNECTED>ASSOCIATING
324843,9b6bf8cc-fe74-464a-b4c8-6922a92ddb30,after,2026-09-17 12:31:32,ASUS_I006D,33,Wi2,d4:68:4d:02:69:98,2462,2.4GHz,-66,802.11n,TIMEOUT_AT_COMPLETED,TIMEOUT_AT_<STATE>,2575,0-2s,COMPLETED,5,INTERFACE_DISABLED>DISCONNECTED>ASSOCIATING>ASSOCIATED>COMPLETED
324844,9b6bf8cc-fe74-464a-b4c8-6922a92ddb30,after,2026-09-17 12:31:32,ASUS_I006D,33,Wi2_club,d4:68:4d:42:69:98,2462,2.4GHz,-69,802.11n,FAILED_AT_SCANNING,FAILED_AT_<STATE>,3014,3-5s,ASSOCIATING_ONLY,8,DISCONNECTED>INTERFACE_DISABLED>DISCONNECTED>ASSOCIATING>DISCONNECTED>INTERFACE_DISABLED>DISCONNECTED>SCANNING
324845,9b6bf8cc-fe74-464a-b4c8-6922a92ddb30,after,2026-09-17 12:31:32,ASUS_I006D,33,TOHOKU_United_Free_Wi-Fi,d4:68:4d:82:69:98,2462,2.4GHz,-70,802.11n,FAILED_AT_SCANNING,FAILED_AT_<STATE>,3014,3-5s,ASSOCIATING_ONLY,7,ASSOCIATING>DISCONNECTED>INTERFACE_DISABLED>DISCONNECTED>INTERFACE_DISABLED>DISCONNECTED>SCANNING
324846,9b6bf8cc-fe74-464a-b4c8-6922a92ddb30,after,2026-09-17 12:31:32,ASUS_I006D,33,Rakuten-0E3E,c8:ea:f8:83:0e:3e,2442,2.4GHz,-72,802.11n,TIMEOUT_AT_ASSOCIATING,TIMEOUT_AT_<STATE>,3021,3-5s,ASSOCIATING_ONLY,1,ASSOCIATING
324847,9b6bf8cc-fe74-464a-b4c8-6922a92ddb30,after,2026-09-17 12:31:32,ASUS_I006D,33,,10:66:82:5f:14:5d,2462,2.4GHz,-73,802.11n,NOT_FOUND,NOT_FOUND,3021,3-5s,NONE,0,
324848,9b6bf8cc-fe74-464a-b4c8-6922a92ddb30,after,2026-09-17 12:31:32,ASUS_I006D,33,iR700B-2,1e:06:56:10:3c:f9,2422,2.4GHz,-74,802.11n,TIMEOUT_AT_ASSOCIATING,TIMEOUT_AT_<STATE>,3016,3-5s,ASSOCIATING_ONLY,3,INTERFACE_DISABLED>DISCONNECTED>ASSOCIATING
324849,9b6bf8cc-fe74-464a-b4c8-6922a92ddb30,after,2026-09-17 12:31:32,ASUS_I006D,33,iR700B,1e:06:56:10:3c:f8,2422,2.4GHz,-74,802.11n,FAILED_AT_DISCONNECTED,FAILED_AT_<STATE>,3016,3-5s,NONE,3,DISCONNECTED>INTERFACE_DISABLED>DISCONNECTED
324850,9b6bf8cc-fe74-464a-b4c8-6922a92ddb30,after,2026-09-17 12:31:32,ASUS_I006D,33,Wi2eap,d4:68:4d:80:29:bc,5500,5GHz,-74,802.11n,NOT_FOUND,NOT_FOUND,3022,3-5s,NONE,0,
324851,9b6bf8cc-fe74-464a-b4c8-6922a92ddb30,after,2026-09-17 12:31:32,ASUS_I006D,33,SENDAI_free_Wi-Fi,d4:68:4d:00:29:bd,5500,5GHz,-74,802.11n,FAILED_AT_SCANNING,FAILED_AT_<STATE>,3017,3-5s,ASSOCIATING_ONLY,7,INTERFACE_DISABLED>DISCONNECTED>ASSOCIATING>DISCONNECTED>INTERFACE_DISABLED>DISCONNECTED>SCANNING
324852,9b6bf8cc-fe74-464a-b4c8-6922a92ddb30,after,2026-09-17 12:31:32,ASUS_I006D,33,TOHOKU_United_Free_Wi-Fi,d4:68:4d:c0:29:bc,5500,5GHz,-75,802.11n,FAILED_AT_SCANNING,FAILED_AT_<STATE>,3013,3-5s,ASSOCIATING_ONLY,5,ASSOCIATING>DISCONNECTED>INTERFACE_DISABLED>DISCONNECTED>SCANNING
324853,9b6bf8cc-fe74-464a-b4c8-6922a92ddb30,after,2026-09-17 12:31:32,ASUS_I006D,33,A401ZTa-5D6EBF,5c:7d:ae:5d:6e:bf,2462,2.4GHz,-75,802.11ax,NOT_FOUND,NOT_FOUND,3017,3-5s,NONE,0,
324854,9b6bf8cc-fe74-464a-b4c8-6922a92ddb30,after,2026-09-17 12:31:32,ASUS_I006D,33,Wi2,d4:68:4d:00:29:bc,5500,5GHz,-75,802.11n,NOT_FOUND,NOT_FOUND,3028,3-5s,NONE,0,
324855,9b6bf8cc-fe74-464a-b4c8-6922a92ddb30,after,2026-09-17 12:31:32,ASUS_I006D,33,Wi2_club,d4:68:4d:40:29:bc,5500,5GHz,-75,802.11n,TIMEOUT_AT_FOUR_WAY_HANDSHAKE,TIMEOUT_AT_<STATE>,3012,3-5s,ASSOCIATED_ONLY,5,INTERFACE_DISABLED>DISCONNECTED>ASSOCIATING>ASSOCIATED>FOUR_WAY_HANDSHAKE
324856,9b6bf8cc-fe74-464a-b4c8-6922a92ddb30,after,2026-09-17 12:31:32,ASUS_I006D,33,AQUOS sense4 basic,ac:a8:8e:94:84:84,2432,2.4GHz,-75,802.11n,NOT_FOUND,NOT_FOUND,3011,3-5s,NONE,0,
324857,9b6bf8cc-fe74-464a-b4c8-6922a92ddb30,after,2026-09-17 12:31:32,ASUS_I006D,33,LinkWiFi_AGP,00:09:b4:71:22:08,5520,5GHz,-76,802.11ac,TIMEOUT_AT_FOUR_WAY_HANDSHAKE,TIMEOUT_AT_<STATE>,3015,3-5s,ASSOCIATED_ONLY,5,INTERFACE_DISABLED>DISCONNECTED>ASSOCIATING>ASSOCIATED>FOUR_WAY_HANDSHAKE
324858,9b6bf8cc-fe74-464a-b4c8-6922a92ddb30,after,2026-09-17 12:31:32,ASUS_I006D,33,HMSUOF,f4:d5:80:4f:a6:10,5500,5GHz,-76,802.11ax,TIMEOUT_AT_ASSOCIATING,TIMEOUT_AT_<STATE>,3037,3-5s,ASSOCIATING_ONLY,3,INTERFACE_DISABLED>DISCONNECTED>ASSOCIATING
324859,9b6bf8cc-fe74-464a-b4c8-6922a92ddb30,after,2026-09-17 12:31:32,ASUS_I006D,33,0000softbank,02:09:b4:71:22:08,5520,5GHz,-77,802.11ac,TIMEOUT_AT_ASSOCIATING,TIMEOUT_AT_<STATE>,3023,3-5s,ASSOCIATING_ONLY,3,INTERFACE_DISABLED>DISCONNECTED>ASSOCIATING
324860,9b6bf8cc-fe74-464a-b4c8-6922a92ddb30,after,2026-09-17 12:31:32,ASUS_I006D,33,SPWH_L13_05B69A_5G,54:1f:8d:07:b6:9a,5200,5GHz,-80,802.11ax,TIMEOUT_AT_ASSOCIATING,TIMEOUT_AT_<STATE>,3040,3-5s,ASSOCIATING_ONLY,3,INTERFACE_DISABLED>DISCONNECTED>ASSOCIATING
324861,9b6bf8cc-fe74-464a-b4c8-6922a92ddb30,after,2026-09-17 12:31:32,ASUS_I006D,33,sanzen-wifi,00:e5:f1:9b:18:4c,5180,5GHz,-81,802.11ac,FAILED_AT_DISCONNECTED,FAILED_AT_<STATE>,3016,3-5s,NONE,2,INTERFACE_DISABLED>DISCONNECTED
324862,9b6bf8cc-fe74-464a-b4c8-6922a92ddb30,after,2026-09-17 12:31:32,ASUS_I006D,33,JCW_Wi-Fi_PARCO,08:45:d1:5b:d1:6b,5240,5GHz,-82,802.11ac,NOT_FOUND,NOT_FOUND,3029,3-5s,NONE,0,
324863,9b6bf8cc-fe74-464a-b4c8-6922a92ddb30,after,2026-09-17 12:31:32,ASUS_I006D,33,Buffalo-5G-AE10,ec:5a:31:25:ae:20,5200,5GHz,-82,802.11ac,TIMEOUT_AT_FOUR_WAY_HANDSHAKE,TIMEOUT_AT_<STATE>,3018,3-5s,ASSOCIATED_ONLY,5,INTERFACE_DISABLED>DISCONNECTED>ASSOCIATING>ASSOCIATED>FOUR_WAY_HANDSHAKE
324864,9b6bf8cc-fe74-464a-b4c8-6922a92ddb30,after,2026-09-17 12:31:32,ASUS_I006D,33,Wi2,08:45:d1:5b:d1:6d,5240,5GHz,-83,802.11ac,NOT_FOUND,NOT_FOUND,3015,3-5s,NONE,0,
324865,9b6bf8cc-fe74-464a-b4c8-6922a92ddb30,after,2026-09-17 12:31:32,ASUS_I006D,33,atPARCO,08:45:d1:5b:d1:6f,5240,5GHz,-83,802.11ac,NOT_FOUND,NOT_FOUND,3028,3-5s,NONE,0,
324866,9b6bf8cc-fe74-464a-b4c8-6922a92ddb30,after,2026-09-17 12:31:32,ASUS_I006D,33,Wi2_club,08:45:d1:5b:d1:6c,5240,5GHz,-83,802.11ac,FAILED_AT_SCANNING,FAILED_AT_<STATE>,3012,3-5s,NONE,3,INTERFACE_DISABLED>DISCONNECTED>SCANNING
324867,9b6bf8cc-fe74-464a-b4c8-6922a92ddb30,after,2026-09-17 12:31:32,ASUS_I006D,33,Buffalo-5G-AE10-WPA3,ec:5a:31:25:ae:21,5200,5GHz,-83,802.11ac,TIMEOUT_AT_ASSOCIATING,TIMEOUT_AT_<STATE>,3026,3-5s,ASSOCIATING_ONLY,3,INTERFACE_DISABLED>DISCONNECTED>ASSOCIATING
324868,9b6bf8cc-fe74-464a-b4c8-6922a92ddb30,after,2026-09-17 12:31:32,ASUS_I006D,33,040141923_5G,f0:5c:19:ca:96:b0,5220,5GHz,-84,802.11n,NOT_FOUND,NOT_FOUND,3021,3-5s,NONE,0,
324869,9b6bf8cc-fe74-464a-b4c8-6922a92ddb30,after,2026-09-17 12:31:32,ASUS_I006D,33,JR-EAST_FREE_Wi-Fi,5c:e1:76:0b:44:cf,5320,5GHz,-85,802.11ac,NOT_FOUND,NOT_FOUND,3045,3-5s,NONE,0,
324870,9b6bf8cc-fe74-464a-b4c8-6922a92ddb30,after,2026-09-17 12:31:32,ASUS_I006D,33,@viv@-WL-a1,88:57:ee:3a:f9:e0,5220,5GHz,-85,802.11n,NOT_FOUND,NOT_FOUND,3017,3-5s,NONE,0,
324871,9b6bf8cc-fe74-464a-b4c8-6922a92ddb30,after,2026-09-17 12:31:32,ASUS_I006D,33,ZXY-SENDAI,ac:44:f2:b1:1f:50,5600,5GHz,-86,802.11ac,FAILED_AT_SCANNING,FAILED_AT_<STATE>,3031,3-5s,ASSOCIATING_ONLY,7,INTERFACE_DISABLED>DISCONNECTED>ASSOCIATING>DISCONNECTED>INTERFACE_DISABLED>DISCONNECTED>SCANNING
324872,9b6bf8cc-fe74-464a-b4c8-6922a92ddb30,after,2026-09-17 12:31:32,ASUS_I006D,33,AP-DATA,88:57:ee:6f:16:50,5240,5GHz,-86,802.11ac,NOT_FOUND,NOT_FOUND,3016,3-5s,NONE,0,
324873,9b6bf8cc-fe74-464a-b4c8-6922a92ddb30,after,2026-09-17 12:31:32,ASUS_I006D,33,Buffalo-A-BB80-WPA3,6a:e1:dc:22:bb:8b,5500,5GHz,-86,802.11ax,NOT_FOUND,NOT_FOUND,3029,3-5s,NONE,0,
324874,9b6bf8cc-fe74-464a-b4c8-6922a92ddb30,after,2026-09-17 12:31:32,ASUS_I006D,33,Buffalo-A-BB80,6a:e1:dc:22:bb:8a,5500,5GHz,-86,802.11ax,FAILED_AT_SCANNING,FAILED_AT_<STATE>,3015,3-5s,ASSOCIATING_ONLY,7,INTERFACE_DISABLED>DISCONNECTED>ASSOCIATING>DISCONNECTED>INTERFACE_DISABLED>DISCONNECTED>SCANNING
324875,9b6bf8cc-fe74-464a-b4c8-6922a92ddb30,after,2026-09-17 12:31:32,ASUS_I006D,33,SPW_X11_ae91f3,08:10:86:d0:07:5b,5180,5GHz,-86,802.11ax,NOT_FOUND,NOT_FOUND,3014,3-5s,NONE,0,
324876,9b6bf8cc-fe74-464a-b4c8-6922a92ddb30,after,2026-09-17 12:31:32,ASUS_I006D,33,,68:e1:dc:22:bb:88,5500,5GHz,-87,802.11ax,NOT_FOUND,NOT_FOUND,3024,3-5s,NONE,0,
324877,9b6bf8cc-fe74-464a-b4c8-6922a92ddb30,after,2026-09-17 12:31:32,ASUS_I006D,33,JR-EAST_FREE_Wi-Fi,5c:e1:76:0b:61:cf,5500,5GHz,-87,802.11ac,TIMEOUT_AT_ASSOCIATING,TIMEOUT_AT_<STATE>,3015,3-5s,ASSOCIATING_ONLY,3,INTERFACE_DISABLED>DISCONNECTED>ASSOCIATING
324878,9b6bf8cc-fe74-464a-b4c8-6922a92ddb30,after,2026-09-17 12:31:32,ASUS_I006D,33,NVRa486dbb81efd-2,a4:86:db:b8:1f:00,5320,5GHz,-87,802.11ax,TIMEOUT_AT_FOUR_WAY_HANDSHAKE,TIMEOUT_AT_<STATE>,3019,3-5s,ASSOCIATED_ONLY,5,INTERFACE_DISABLED>DISCONNECTED>ASSOCIATING>ASSOCIATED>FOUR_WAY_HANDSHAKE
324879,9b6bf8cc-fe74-464a-b4c8-6922a92ddb30,after,2026-09-17 12:31:32,ASUS_I006D,33,touchnet,18:c2:bf:ff:2a:18,5200,5GHz,-87,802.11ac,NOT_FOUND,NOT_FOUND,3013,3-5s,NONE,0,
324880,9b6bf8cc-fe74-464a-b4c8-6922a92ddb30,after,2026-09-17 12:31:32,ASUS_I006D,33,Wi2eap,c0:8a:de:82:3b:dc,5180,5GHz,-87,802.11n,NOT_FOUND,NOT_FOUND,3028,3-5s,NONE,0,
324881,9b6bf8cc-fe74-464a-b4c8-6922a92ddb30,after,2026-09-17 12:31:32,ASUS_I006D,33,,ec:79:49:10:57:b9,5300,5GHz,-88,802.11ac,NOT_FOUND,NOT_FOUND,3021,3-5s,NONE,0,
324882,9b6bf8cc-fe74-464a-b4c8-6922a92ddb30,after,2026-09-17 12:31:32,ASUS_I006D,33,,f6:79:49:10:57:b9,5300,5GHz,-88,802.11ac,NOT_FOUND,NOT_FOUND,3013,3-5s,NONE,0,
324883,9b6bf8cc-fe74-464a-b4c8-6922a92ddb30,after,2026-09-17 12:31:32,ASUS_I006D,33,,f2:79:49:10:57:b9,5300,5GHz,-89,802.11ac,NOT_FOUND,NOT_FOUND,3013,3-5s,NONE,0,
324884,9b6bf8cc-fe74-464a-b4c8-6922a92ddb30,after,2026-09-17 12:31:32,ASUS_I006D,33,,1c:d1:e0:fb:e5:29,5600,5GHz,-90,802.11ax,NOT_FOUND,NOT_FOUND,3016,3-5s,NONE,0,
324885,9b6bf8cc-fe74-464a-b4c8-6922a92ddb30,after,2026-09-17 12:31:32,ASUS_I006D,33,Wi2premium_club,c4:10:8a:5f:79:8c,5580,5GHz,-90,802.11n,TIMEOUT_AT_FOUR_WAY_HANDSHAKE,TIMEOUT_AT_<STATE>,3023,3-5s,ASSOCIATED_ONLY,5,INTERFACE_DISABLED>DISCONNECTED>ASSOCIATING>ASSOCIATED>FOUR_WAY_HANDSHAKE
324886,9b6bf8cc-fe74-464a-b4c8-6922a92ddb30,after,2026-09-17 12:31:32,ASUS_I006D,33,Wi2premium,c4:10:8a:1f:79:8c,5580,5GHz,-90,802.11n,FAILED_AT_DISCONNECTED,FAILED_AT_<STATE>,3015,3-5s,NONE,2,INTERFACE_DISABLED>DISCONNECTED
324887,9b6bf8cc-fe74-464a-b4c8-6922a92ddb30,after,2026-09-17 12:31:32,ASUS_I006D,33,Wi2eap,c4:10:8a:9f:79:8c,5580,5GHz,-91,802.11n,NOT_FOUND,NOT_FOUND,3029,3-5s,NONE,0,
324888,9b6bf8cc-fe74-464a-b4c8-6922a92ddb30,after,2026-09-17 12:31:32,ASUS_I006D,33,0000softbank,84:4b:f5:eb:12:91,5680,5GHz,-92,802.11n,FAILED_AT_SCANNING,FAILED_AT_<STATE>,3017,3-5s,ASSOCIATING_ONLY,9,INTERFACE_DISABLED>DISCONNECTED>ASSOCIATING>DISCONNECTED>INTERFACE_DISABLED>DISCONNECTED>INTERFACE_DISABLED>DISCONNECTED>SCANNING
324889,9b6bf8cc-fe74-464a-b4c8-6922a92ddb30,after,2026-09-17 12:31:32,ASUS_I006D,33,SWS1day,84:4b:f5:eb:12:90,5680,5GHz,-92,802.11n,NOT_FOUND,NOT_FOUND,3020,3-5s,NONE,0,
324890,9b6bf8cc-fe74-464a-b4c8-6922a92ddb30,after,2026-09-17 12:31:32,ASUS_I006D,33,0002softbank,84:4b:f5:eb:12:92,5680,5GHz,-92,802.11n,NOT_FOUND,NOT_FOUND,3027,3-5s,NONE,0,
324891,9b6bf8cc-fe74-464a-b4c8-6922a92ddb30,after,2026-09-17 12:31:32,ASUS_I006D,33,Wi2eap,f0:b0:52:b2:6f:5c,5620,5GHz,-92,802.11n,NOT_FOUND,NOT_FOUND,3029,3-5s,NONE,0,
325063,4f70ec01-81e5-4a2d-adce-dab100cf37d6,after,2026-09-17 12:35:29,motorola edge 40 neo,34,Rakuten-0E02,78:46:5c:6f:0e:02,2467,2.4GHz,-44,802.11n,TIMEOUT_AT_FOUR_WAY_HANDSHAKE,TIMEOUT_AT_<STATE>,3007,3-5s,ASSOCIATED_ONLY,5,INTERFACE_DISABLED>DISCONNECTED>ASSOCIATING>ASSOCIATED>FOUR_WAY_HANDSHAKE
325064,4f70ec01-81e5-4a2d-adce-dab100cf37d6,after,2026-09-17 12:35:29,motorola edge 40 neo,34,Galaxy_5GMW_1236,46:5e:f6:b3:1f:6b,2412,2.4GHz,-57,802.11n,NOT_FOUND,NOT_FOUND,3011,3-5s,NONE,0,
325065,4f70ec01-81e5-4a2d-adce-dab100cf37d6,after,2026-09-17 12:35:29,motorola edge 40 neo,34,ENDO_GWF_cb91bc,30:ae:a4:cb:91:bd,2462,2.4GHz,-64,802.11a/b/g,TIMEOUT_AT_FOUR_WAY_HANDSHAKE,TIMEOUT_AT_<STATE>,3007,3-5s,ASSOCIATED_ONLY,5,INTERFACE_DISABLED>DISCONNECTED>ASSOCIATING>ASSOCIATED>FOUR_WAY_HANDSHAKE
325066,4f70ec01-81e5-4a2d-adce-dab100cf37d6,after,2026-09-17 12:35:29,motorola edge 40 neo,34,SPWN_S31_474606_a,d8:12:65:47:46:06,2462,2.4GHz,-64,802.11n,NOT_FOUND,NOT_FOUND,3009,3-5s,NONE,0,
325067,4f70ec01-81e5-4a2d-adce-dab100cf37d6,after,2026-09-17 12:35:29,motorola edge 40 neo,34,USPOT02_MESH_750287046_001,06:92:5e:e7:fc:78,2447,2.4GHz,-66,802.11ax,NOT_FOUND,NOT_FOUND,3008,3-5s,NONE,0,
325068,4f70ec01-81e5-4a2d-adce-dab100cf37d6,after,2026-09-17 12:35:29,motorola edge 40 neo,34,SDwifi01,f8:9e:28:74:ce:bf,2462,2.4GHz,-66,802.11ax,NOT_FOUND,NOT_FOUND,3013,3-5s,NONE,0,
325069,4f70ec01-81e5-4a2d-adce-dab100cf37d6,after,2026-09-17 12:35:29,motorola edge 40 neo,34,#UW750287046_2.4G,06:92:5e:e7:fc:7c,2447,2.4GHz,-68,802.11ax,TIMEOUT_AT_ASSOCIATED,TIMEOUT_AT_<STATE>,3007,3-5s,ASSOCIATED_ONLY,4,INTERFACE_DISABLED>DISCONNECTED>ASSOCIATING>ASSOCIATED
325070,4f70ec01-81e5-4a2d-adce-dab100cf37d6,after,2026-09-17 12:35:29,motorola edge 40 neo,34,+USEN_Free_Wi-Fi,06:92:5e:e7:fc:7b,2447,2.4GHz,-68,802.11ax,NOT_FOUND,NOT_FOUND,3008,3-5s,NONE,0,
325072,4f70ec01-81e5-4a2d-adce-dab100cf37d6,after,2026-09-17 12:35:29,motorola edge 40 neo,34,SADAtest,fe:9e:28:74:ce:bf,2462,2.4GHz,-69,802.11ax,TIMEOUT_AT_ASSOCIATING,TIMEOUT_AT_<STATE>,1422,0-2s,ASSOCIATING_ONLY,3,INTERFACE_DISABLED>DISCONNECTED>ASSOCIATING
325073,4f70ec01-81e5-4a2d-adce-dab100cf37d6,after,2026-09-17 12:35:29,motorola edge 40 neo,34,A101ZTa-91EF77,54:1f:8d:91:ef:77,2452,2.4GHz,-70,802.11ax,FAILED_AT_DISCONNECTED,FAILED_AT_<STATE>,1542,0-2s,ASSOCIATING_ONLY,5,INTERFACE_DISABLED>DISCONNECTED>ASSOCIATING>DISCONNECTED>DISCONNECTED
325074,4f70ec01-81e5-4a2d-adce-dab100cf37d6,after,2026-09-17 12:35:29,motorola edge 40 neo,34,TOHOKU_United_Free_Wi-Fi,d4:68:4d:c2:69:9c,5500,5GHz,-70,802.11n,TIMEOUT_AT_COMPLETED,TIMEOUT_AT_<STATE>,2915,0-2s,COMPLETED,5,INTERFACE_DISABLED>DISCONNECTED>ASSOCIATING>ASSOCIATED>COMPLETED
325075,4f70ec01-81e5-4a2d-adce-dab100cf37d6,after,2026-09-17 12:35:29,motorola edge 40 neo,34,Wi2eap,d4:68:4d:82:69:9c,5500,5GHz,-70,802.11n,NOT_FOUND,NOT_FOUND,3013,3-5s,NONE,0,
325076,4f70ec01-81e5-4a2d-adce-dab100cf37d6,after,2026-09-17 12:35:29,motorola edge 40 neo,34,Wi2,d4:68:4d:02:69:9c,5500,5GHz,-70,802.11n,TIMEOUT_AT_COMPLETED,TIMEOUT_AT_<STATE>,260,0-2s,COMPLETED,5,INTERFACE_DISABLED>DISCONNECTED>ASSOCIATING>ASSOCIATED>COMPLETED
325077,4f70ec01-81e5-4a2d-adce-dab100cf37d6,after,2026-09-17 12:35:29,motorola edge 40 neo,34,SENDAI_free_Wi-Fi,d4:68:4d:02:69:9d,5500,5GHz,-70,802.11n,TIMEOUT_AT_COMPLETED,TIMEOUT_AT_<STATE>,1920,0-2s,COMPLETED,4,DISCONNECTED>ASSOCIATING>ASSOCIATED>COMPLETED
325078,4f70ec01-81e5-4a2d-adce-dab100cf37d6,after,2026-09-17 12:35:29,motorola edge 40 neo,34,Wi2_club,d4:68:4d:42:69:9c,5500,5GHz,-70,802.11n,TIMEOUT_AT_ASSOCIATING,TIMEOUT_AT_<STATE>,3008,3-5s,ASSOCIATING_ONLY,3,INTERFACE_DISABLED>DISCONNECTED>ASSOCIATING
325079,4f70ec01-81e5-4a2d-adce-dab100cf37d6,after,2026-09-17 12:35:29,motorola edge 40 neo,34,A101ZTb-91EF77,56:1f:8d:91:ef:77,2452,2.4GHz,-71,802.11ax,NOT_FOUND,NOT_FOUND,3008,3-5s,NONE,0,
325080,4f70ec01-81e5-4a2d-adce-dab100cf37d6,after,2026-09-17 12:35:29,motorola edge 40 neo,34,Wi2,d4:68:4d:00:29:b8,2412,2.4GHz,-72,802.11n,TIMEOUT_AT_COMPLETED,TIMEOUT_AT_<STATE>,2425,0-2s,COMPLETED,5,INTERFACE_DISABLED>DISCONNECTED>ASSOCIATING>ASSOCIATED>COMPLETED
325081,4f70ec01-81e5-4a2d-adce-dab100cf37d6,after,2026-09-17 12:35:29,motorola edge 40 neo,34,SENDAI_free_Wi-Fi,d4:68:4d:c0:29:b8,2412,2.4GHz,-72,802.11n,NOT_FOUND,NOT_FOUND,3010,3-5s,NONE,0,
325082,4f70ec01-81e5-4a2d-adce-dab100cf37d6,after,2026-09-17 12:35:29,motorola edge 40 neo,34,JR-EAST_FREE_Wi-Fi,5c:e1:76:0b:62:6f,5700,5GHz,-72,802.11ac,TIMEOUT_AT_COMPLETED,TIMEOUT_AT_<STATE>,1176,0-2s,COMPLETED,5,INTERFACE_DISABLED>DISCONNECTED>ASSOCIATING>ASSOCIATED>COMPLETED
325083,4f70ec01-81e5-4a2d-adce-dab100cf37d6,after,2026-09-17 12:35:29,motorola edge 40 neo,34,花坂政裕のiPhone,de:d7:f3:7f:3a:d6,2437,2.4GHz,-74,802.11n,NOT_FOUND,NOT_FOUND,3013,3-5s,NONE,0,
325084,4f70ec01-81e5-4a2d-adce-dab100cf37d6,after,2026-09-17 12:35:29,motorola edge 40 neo,34,TOHOKU_United_Free_Wi-Fi,d4:68:4d:c0:29:bc,5500,5GHz,-75,802.11n,TIMEOUT_AT_COMPLETED,TIMEOUT_AT_<STATE>,306,0-2s,COMPLETED,5,INTERFACE_DISABLED>DISCONNECTED>ASSOCIATING>ASSOCIATED>COMPLETED
325085,4f70ec01-81e5-4a2d-adce-dab100cf37d6,after,2026-09-17 12:35:29,motorola edge 40 neo,34,JR-EAST_FREE_Wi-Fi,4c:36:4e:0f:97:58,2412,2.4GHz,-75,802.11n,NOT_FOUND,NOT_FOUND,3026,3-5s,NONE,0,
325086,4f70ec01-81e5-4a2d-adce-dab100cf37d6,after,2026-09-17 12:35:29,motorola edge 40 neo,34,Wi2,d4:68:4d:00:29:bc,5500,5GHz,-75,802.11n,NOT_FOUND,NOT_FOUND,3013,3-5s,NONE,0,
325087,4f70ec01-81e5-4a2d-adce-dab100cf37d6,after,2026-09-17 12:35:29,motorola edge 40 neo,34,SENDAI_free_Wi-Fi,d4:68:4d:00:29:bd,5500,5GHz,-75,802.11n,TIMEOUT_AT_COMPLETED,TIMEOUT_AT_<STATE>,258,0-2s,COMPLETED,5,INTERFACE_DISABLED>DISCONNECTED>ASSOCIATING>ASSOCIATED>COMPLETED
325088,4f70ec01-81e5-4a2d-adce-dab100cf37d6,after,2026-09-17 12:35:29,motorola edge 40 neo,34,LinkWiFi_AGP,00:09:b4:71:22:08,5520,5GHz,-76,802.11ac,NOT_FOUND,NOT_FOUND,3011,3-5s,NONE,0,
325089,4f70ec01-81e5-4a2d-adce-dab100cf37d6,after,2026-09-17 12:35:29,motorola edge 40 neo,34,_manekineko_free_Wi-Fi,06:92:5e:e3:d4:3b,2472,2.4GHz,-76,802.11ax,NOT_FOUND,NOT_FOUND,3014,3-5s,NONE,0,
325090,4f70ec01-81e5-4a2d-adce-dab100cf37d6,after,2026-09-17 12:35:29,motorola edge 40 neo,34,Wi2eap,d4:68:4d:80:29:bc,5500,5GHz,-76,802.11n,NOT_FOUND,NOT_FOUND,3015,3-5s,NONE,0,
325091,4f70ec01-81e5-4a2d-adce-dab100cf37d6,after,2026-09-17 12:35:29,motorola edge 40 neo,34,Wi2_club,d4:68:4d:40:29:bc,5500,5GHz,-76,802.11n,TIMEOUT_AT_FOUR_WAY_HANDSHAKE,TIMEOUT_AT_<STATE>,3013,3-5s,ASSOCIATED_ONLY,5,INTERFACE_DISABLED>DISCONNECTED>ASSOCIATING>ASSOCIATED>FOUR_WAY_HANDSHAKE
325092,4f70ec01-81e5-4a2d-adce-dab100cf37d6,after,2026-09-17 12:35:29,motorola edge 40 neo,34,.FREE_Wi-Fi_PASSPORT,32:09:b4:71:22:08,5520,5GHz,-77,802.11ac,NOT_FOUND,NOT_FOUND,3009,3-5s,NONE,0,
325093,4f70ec01-81e5-4a2d-adce-dab100cf37d6,after,2026-09-17 12:35:29,motorola edge 40 neo,34,ZXY-SENDAI,ac:44:f2:b1:1f:98,5700,5GHz,-86,802.11ac,TIMEOUT_AT_FOUR_WAY_HANDSHAKE,TIMEOUT_AT_<STATE>,3011,3-5s,ASSOCIATED_ONLY,5,INTERFACE_DISABLED>DISCONNECTED>ASSOCIATING>ASSOCIATED>FOUR_WAY_HANDSHAKE
325094,4f70ec01-81e5-4a2d-adce-dab100cf37d6,after,2026-09-17 12:35:29,motorola edge 40 neo,34,ZXY-SENDAI,ac:44:f2:b1:1f:50,5600,5GHz,-87,802.11ac,TIMEOUT_AT_ASSOCIATING,TIMEOUT_AT_<STATE>,3008,3-5s,ASSOCIATING_ONLY,3,INTERFACE_DISABLED>DISCONNECTED>ASSOCIATING
325095,4f70ec01-81e5-4a2d-adce-dab100cf37d6,after,2026-09-17 12:35:29,motorola edge 40 neo,34,9C74037C4FDB-5G,9c:74:03:7c:4f:d9,5320,5GHz,-87,802.11ax,TIMEOUT_AT_FOUR_WAY_HANDSHAKE,TIMEOUT_AT_<STATE>,3010,3-5s,ASSOCIATED_ONLY,5,INTERFACE_DISABLED>DISCONNECTED>ASSOCIATING>ASSOCIATED>FOUR_WAY_HANDSHAKE
325096,4f70ec01-81e5-4a2d-adce-dab100cf37d6,after,2026-09-17 12:35:29,motorola edge 40 neo,34,Tesla01,26:3f:1b:e2:58:6e,5180,5GHz,-88,802.11ax,NOT_FOUND,NOT_FOUND,3014,3-5s,NONE,0,
325097,4f70ec01-81e5-4a2d-adce-dab100cf37d6,after,2026-09-17 12:35:29,motorola edge 40 neo,34,Tesla,2e:3f:1b:e2:58:6e,5180,5GHz,-88,802.11ax,NOT_FOUND,NOT_FOUND,3013,3-5s,NONE,0,
325098,4f70ec01-81e5-4a2d-adce-dab100cf37d6,after,2026-09-17 12:35:29,motorola edge 40 neo,34,HMSUOF,f4:d5:80:4f:a6:10,5500,5GHz,-88,802.11ax,FAILED_AT_DISCONNECTED,FAILED_AT_<STATE>,2691,0-2s,ASSOCIATING_ONLY,4,INTERFACE_DISABLED>DISCONNECTED>ASSOCIATING>DISCONNECTED
325099,4f70ec01-81e5-4a2d-adce-dab100cf37d6,after,2026-09-17 12:35:29,motorola edge 40 neo,34,Tesla01,26:3f:1b:e2:58:64,5240,5GHz,-88,802.11ax,NOT_FOUND,NOT_FOUND,3006,3-5s,NONE,0,
325100,4f70ec01-81e5-4a2d-adce-dab100cf37d6,after,2026-09-17 12:35:29,motorola edge 40 neo,34,,12:3f:1b:e2:58:64,5240,5GHz,-88,802.11ax,NOT_FOUND,NOT_FOUND,3012,3-5s,NONE,0,
325101,4f70ec01-81e5-4a2d-adce-dab100cf37d6,after,2026-09-17 12:35:29,motorola edge 40 neo,34,Tesla,2e:3f:1b:e2:58:64,5240,5GHz,-88,802.11ax,NOT_FOUND,NOT_FOUND,3012,3-5s,NONE,0,
325102,4f70ec01-81e5-4a2d-adce-dab100cf37d6,after,2026-09-17 12:35:29,motorola edge 40 neo,34,,12:3f:1b:e2:58:6e,5180,5GHz,-88,802.11ax,NOT_FOUND,NOT_FOUND,3009,3-5s,NONE,0,
325103,4f70ec01-81e5-4a2d-adce-dab100cf37d6,after,2026-09-17 12:35:29,motorola edge 40 neo,34,Buffalo-5G-AE10-WPA3,ec:5a:31:25:ae:21,5200,5GHz,-89,802.11ac,NOT_FOUND,NOT_FOUND,3011,3-5s,NONE,0,
325104,4f70ec01-81e5-4a2d-adce-dab100cf37d6,after,2026-09-17 12:35:29,motorola edge 40 neo,34,Buffalo-A-3E70,00:e5:f1:9b:3e:74,5180,5GHz,-89,802.11ac,NOT_FOUND,NOT_FOUND,3008,3-5s,NONE,0,
325105,4f70ec01-81e5-4a2d-adce-dab100cf37d6,after,2026-09-17 12:35:29,motorola edge 40 neo,34,Wi2premium_club,c4:10:8a:5f:79:8c,5580,5GHz,-90,802.11n,TIMEOUT_AT_FOUR_WAY_HANDSHAKE,TIMEOUT_AT_<STATE>,3010,3-5s,ASSOCIATED_ONLY,5,INTERFACE_DISABLED>DISCONNECTED>ASSOCIATING>ASSOCIATED>FOUR_WAY_HANDSHAKE
325106,4f70ec01-81e5-4a2d-adce-dab100cf37d6,after,2026-09-17 12:35:29,motorola edge 40 neo,34,Wi2premium,c4:10:8a:1f:79:8c,5580,5GHz,-90,802.11n,TIMEOUT_AT_COMPLETED,TIMEOUT_AT_<STATE>,1175,0-2s,COMPLETED,5,INTERFACE_DISABLED>DISCONNECTED>ASSOCIATING>ASSOCIATED>COMPLETED
325107,4f70ec01-81e5-4a2d-adce-dab100cf37d6,after,2026-09-17 12:35:29,motorola edge 40 neo,34,aterm-92681b-a,08:10:86:59:cd:03,5240,5GHz,-90,802.11ac,NOT_FOUND,NOT_FOUND,3011,3-5s,NONE,0,
325108,4f70ec01-81e5-4a2d-adce-dab100cf37d6,after,2026-09-17 12:35:29,motorola edge 40 neo,34,,1c:d1:e0:fb:e5:2a,5600,5GHz,-90,802.11ax,NOT_FOUND,NOT_FOUND,3008,3-5s,NONE,0,
325109,4f70ec01-81e5-4a2d-adce-dab100cf37d6,after,2026-09-17 12:35:29,motorola edge 40 neo,34,,1c:d1:e0:fb:e5:2b,5600,5GHz,-90,802.11ax,NOT_FOUND,NOT_FOUND,3015,3-5s,NONE,0,
325110,4f70ec01-81e5-4a2d-adce-dab100cf37d6,after,2026-09-17 12:35:29,motorola edge 40 neo,34,Buffalo-5G-AE10,ec:5a:31:25:ae:20,5200,5GHz,-91,802.11ac,NOT_FOUND,NOT_FOUND,3013,3-5s,NONE,0,
325111,4f70ec01-81e5-4a2d-adce-dab100cf37d6,after,2026-09-17 12:35:29,motorola edge 40 neo,34,dataspt,1c:d1:e0:fb:e5:2c,5600,5GHz,-91,802.11ax,NOT_FOUND,NOT_FOUND,3008,3-5s,NONE,0,
325112,4f70ec01-81e5-4a2d-adce-dab100cf37d6,after,2026-09-17 12:35:29,motorola edge 40 neo,34,Wi2eap,c4:10:8a:9f:79:8c,5580,5GHz,-91,802.11n,NOT_FOUND,NOT_FOUND,3012,3-5s,NONE,0,
325113,4f70ec01-81e5-4a2d-adce-dab100cf37d6,after,2026-09-17 12:35:29,motorola edge 40 neo,34,Wi2premium_club,c4:10:8a:5e:b0:2c,5700,5GHz,-91,802.11n,TIMEOUT_AT_FOUR_WAY_HANDSHAKE,TIMEOUT_AT_<STATE>,3013,3-5s,ASSOCIATED_ONLY,5,INTERFACE_DISABLED>DISCONNECTED>ASSOCIATING>ASSOCIATED>FOUR_WAY_HANDSHAKE
325114,4f70ec01-81e5-4a2d-adce-dab100cf37d6,after,2026-09-17 12:35:29,motorola edge 40 neo,34,,1c:d1:e0:fb:e5:29,5600,5GHz,-91,802.11ax,NOT_FOUND,NOT_FOUND,3008,3-5s,NONE,0,
325115,4f70ec01-81e5-4a2d-adce-dab100cf37d6,after,2026-09-17 12:35:29,motorola edge 40 neo,34,_manekineko_free_Wi-Fi,0a:92:5e:e3:d4:3b,5260,5GHz,-91,802.11ax,NOT_FOUND,NOT_FOUND,3013,3-5s,NONE,0,
325116,4f70ec01-81e5-4a2d-adce-dab100cf37d6,after,2026-09-17 12:35:29,motorola edge 40 neo,34,Wi2eap,c4:10:8a:9e:b0:2c,5700,5GHz,-91,802.11n,NOT_FOUND,NOT_FOUND,3013,3-5s,NONE,0,
325117,4f70ec01-81e5-4a2d-adce-dab100cf37d6,after,2026-09-17 12:35:29,motorola edge 40 neo,34,,c6:9e:38:74:ce:bf,5600,5GHz,-92,802.11ax,NOT_FOUND,NOT_FOUND,3008,3-5s,NONE,0,
325118,4f70ec01-81e5-4a2d-adce-dab100cf37d6,after,2026-09-17 12:35:29,motorola edge 40 neo,34,SDwifi01,fa:9e:38:74:ce:bf,5600,5GHz,-92,802.11ax,NOT_FOUND,NOT_FOUND,3014,3-5s,NONE,0,
325119,4f70ec01-81e5-4a2d-adce-dab100cf37d6,after,2026-09-17 12:35:29,motorola edge 40 neo,34,SADAtest,fe:9e:38:74:ce:bf,5600,5GHz,-92,802.11ax,NOT_FOUND,NOT_FOUND,3015,3-5s,NONE,0,
325120,4f70ec01-81e5-4a2d-adce-dab100cf37d6,after,2026-09-17 12:35:29,motorola edge 40 neo,34,Wi2premium,c4:10:8a:1e:b0:2c,5700,5GHz,-92,802.11n,TIMEOUT_AT_COMPLETED,TIMEOUT_AT_<STATE>,2019,0-2s,COMPLETED,5,INTERFACE_DISABLED>DISCONNECTED>ASSOCIATING>ASSOCIATED>COMPLETED
324892,ca51f77b-d4a5-4b34-ad6e-c2d8cb703db7,after,2026-09-17 12:36:35,ASUS_I006D,33,Rakuten-0E02,78:46:5c:6f:0e:02,2467,2.4GHz,-39,802.11n,TIMEOUT_AT_FOUR_WAY_HANDSHAKE,TIMEOUT_AT_<STATE>,3011,3-5s,ASSOCIATED_ONLY,5,INTERFACE_DISABLED>DISCONNECTED>ASSOCIATING>ASSOCIATED>FOUR_WAY_HANDSHAKE
324893,ca51f77b-d4a5-4b34-ad6e-c2d8cb703db7,after,2026-09-17 12:36:35,ASUS_I006D,33,SPWN_H37_BCB960,b4:62:2e:99:a4:1d,2412,2.4GHz,-42,802.11ax,NOT_FOUND,NOT_FOUND,3016,3-5s,NONE,0,
324894,ca51f77b-d4a5-4b34-ad6e-c2d8cb703db7,after,2026-09-17 12:36:35,ASUS_I006D,33,9C74037C4FDB-2G,9c:74:03:7c:4f:d8,2412,2.4GHz,-45,802.11ax,NOT_FOUND,NOT_FOUND,3013,3-5s,NONE,0,
324895,ca51f77b-d4a5-4b34-ad6e-c2d8cb703db7,after,2026-09-17 12:36:35,ASUS_I006D,33,TOHOKU_United_Free_Wi-Fi,d4:68:4d:c0:29:bc,5500,5GHz,-63,802.11n,TIMEOUT_AT_COMPLETED,TIMEOUT_AT_<STATE>,894,0-2s,COMPLETED,5,INTERFACE_DISABLED>DISCONNECTED>ASSOCIATING>ASSOCIATED>COMPLETED
324896,ca51f77b-d4a5-4b34-ad6e-c2d8cb703db7,after,2026-09-17 12:36:35,ASUS_I006D,33,Galaxy_5GMW_1236,46:5e:f6:b3:1f:6b,2412,2.4GHz,-63,802.11n,NOT_FOUND,NOT_FOUND,3009,3-5s,NONE,0,
324897,ca51f77b-d4a5-4b34-ad6e-c2d8cb703db7,after,2026-09-17 12:36:35,ASUS_I006D,33,Wi2,d4:68:4d:00:29:bc,5500,5GHz,-63,802.11n,NOT_FOUND,NOT_FOUND,3024,3-5s,NONE,0,
324898,ca51f77b-d4a5-4b34-ad6e-c2d8cb703db7,after,2026-09-17 12:36:35,ASUS_I006D,33,SENDAI_free_Wi-Fi,d4:68:4d:00:29:bd,5500,5GHz,-63,802.11n,TIMEOUT_AT_COMPLETED,TIMEOUT_AT_<STATE>,1067,0-2s,COMPLETED,5,INTERFACE_DISABLED>DISCONNECTED>ASSOCIATING>ASSOCIATED>COMPLETED
324899,ca51f77b-d4a5-4b34-ad6e-c2d8cb703db7,after,2026-09-17 12:36:35,ASUS_I006D,33,Wi2eap,d4:68:4d:80:29:bc,5500,5GHz,-64,802.11n,NOT_FOUND,NOT_FOUND,3028,3-5s,NONE,0,
324900,ca51f77b-d4a5-4b34-ad6e-c2d8cb703db7,after,2026-09-17 12:36:35,ASUS_I006D,33,Wi2_club,d4:68:4d:40:29:bc,5500,5GHz,-65,802.11n,FAILED_AT_DISCONNECTED,FAILED_AT_<STATE>,3015,3-5s,NONE,2,INTERFACE_DISABLED>DISCONNECTED
324901,ca51f77b-d4a5-4b34-ad6e-c2d8cb703db7,after,2026-09-17 12:36:35,ASUS_I006D,33,SENDAI_free_Wi-Fi,d4:68:4d:02:69:9d,5500,5GHz,-66,802.11n,TIMEOUT_AT_COMPLETED,TIMEOUT_AT_<STATE>,1235,0-2s,COMPLETED,5,INTERFACE_DISABLED>DISCONNECTED>ASSOCIATING>ASSOCIATED>COMPLETED
324902,ca51f77b-d4a5-4b34-ad6e-c2d8cb703db7,after,2026-09-17 12:36:35,ASUS_I006D,33,0002softbank,12:09:b4:71:22:08,5520,5GHz,-67,802.11ac,NOT_FOUND,NOT_FOUND,3015,3-5s,NONE,0,
324903,ca51f77b-d4a5-4b34-ad6e-c2d8cb703db7,after,2026-09-17 12:36:35,ASUS_I006D,33,LinkWiFi_AGP,00:09:b4:71:22:08,5520,5GHz,-67,802.11ac,TIMEOUT_AT_FOUR_WAY_HANDSHAKE,TIMEOUT_AT_<STATE>,3014,3-5s,ASSOCIATED_ONLY,3,ASSOCIATING>ASSOCIATED>FOUR_WAY_HANDSHAKE
324904,ca51f77b-d4a5-4b34-ad6e-c2d8cb703db7,after,2026-09-17 12:36:35,ASUS_I006D,33,0000softbank,02:09:b4:71:22:08,5520,5GHz,-67,802.11ac,TIMEOUT_AT_FOUR_WAY_HANDSHAKE,TIMEOUT_AT_<STATE>,3021,3-5s,ASSOCIATED_ONLY,5,INTERFACE_DISABLED>DISCONNECTED>ASSOCIATING>ASSOCIATED>FOUR_WAY_HANDSHAKE
324905,ca51f77b-d4a5-4b34-ad6e-c2d8cb703db7,after,2026-09-17 12:36:35,ASUS_I006D,33,.FREE_Wi-Fi_PASSPORT,32:09:b4:71:22:08,5520,5GHz,-67,802.11ac,NOT_FOUND,NOT_FOUND,3018,3-5s,NONE,0,
324906,ca51f77b-d4a5-4b34-ad6e-c2d8cb703db7,after,2026-09-17 12:36:35,ASUS_I006D,33,SWS1day,22:09:b4:71:22:08,5520,5GHz,-68,802.11ac,NOT_FOUND,NOT_FOUND,3025,3-5s,NONE,0,
324907,ca51f77b-d4a5-4b34-ad6e-c2d8cb703db7,after,2026-09-17 12:36:35,ASUS_I006D,33,Wi2eap,d4:68:4d:82:69:9c,5500,5GHz,-69,802.11n,NOT_FOUND,NOT_FOUND,3020,3-5s,NONE,0,
324908,ca51f77b-d4a5-4b34-ad6e-c2d8cb703db7,after,2026-09-17 12:36:35,ASUS_I006D,33,Wi2,d4:68:4d:02:69:9c,5500,5GHz,-69,802.11n,FAILED_AT_DISCONNECTED,FAILED_AT_<STATE>,3013,3-5s,ASSOCIATING_ONLY,4,INTERFACE_DISABLED>DISCONNECTED>ASSOCIATING>DISCONNECTED
324909,ca51f77b-d4a5-4b34-ad6e-c2d8cb703db7,after,2026-09-17 12:36:35,ASUS_I006D,33,Wi2_club,d4:68:4d:42:69:9c,5500,5GHz,-69,802.11n,FAILED_AT_DISCONNECTED,FAILED_AT_<STATE>,3017,3-5s,ASSOCIATING_ONLY,6,INTERFACE_DISABLED>DISCONNECTED>SCANNING>DISCONNECTED>ASSOCIATING>DISCONNECTED
324910,ca51f77b-d4a5-4b34-ad6e-c2d8cb703db7,after,2026-09-17 12:36:35,ASUS_I006D,33,TOHOKU_United_Free_Wi-Fi,d4:68:4d:c2:69:9c,5500,5GHz,-69,802.11n,FAILED_AT_SCANNING,FAILED_AT_<STATE>,3017,3-5s,ASSOCIATING_ONLY,9,INTERFACE_DISABLED>DISCONNECTED>SCANNING>DISCONNECTED>ASSOCIATING>DISCONNECTED>INTERFACE_DISABLED>DISCONNECTED>SCANNING
324911,ca51f77b-d4a5-4b34-ad6e-c2d8cb703db7,after,2026-09-17 12:36:35,ASUS_I006D,33,SDwifi01,f8:9e:28:74:ce:bf,2462,2.4GHz,-73,802.11ax,TIMEOUT_AT_ASSOCIATING,TIMEOUT_AT_<STATE>,3017,3-5s,ASSOCIATING_ONLY,1,ASSOCIATING
324912,ca51f77b-d4a5-4b34-ad6e-c2d8cb703db7,after,2026-09-17 12:36:35,ASUS_I006D,33,TOHOKU_United_Free_Wi-Fi,d4:68:4d:82:69:98,2462,2.4GHz,-74,802.11n,NOT_FOUND,NOT_FOUND,3018,3-5s,NONE,0,
324913,ca51f77b-d4a5-4b34-ad6e-c2d8cb703db7,after,2026-09-17 12:36:35,ASUS_I006D,33,JR-EAST_FREE_Wi-Fi,5c:e1:76:0b:62:6f,5700,5GHz,-74,802.11ac,TIMEOUT_AT_COMPLETED,TIMEOUT_AT_<STATE>,2497,0-2s,COMPLETED,8,DISCONNECTED>INTERFACE_DISABLED>DISCONNECTED>INTERFACE_DISABLED>DISCONNECTED>ASSOCIATING>ASSOCIATED>COMPLETED
324914,ca51f77b-d4a5-4b34-ad6e-c2d8cb703db7,after,2026-09-17 12:36:35,ASUS_I006D,33,,8c:86:dd:63:5a:5e,2447,2.4GHz,-76,802.11ax,NOT_FOUND,NOT_FOUND,3026,3-5s,NONE,0,
324915,ca51f77b-d4a5-4b34-ad6e-c2d8cb703db7,after,2026-09-17 12:36:35,ASUS_I006D,33,花坂政裕のiPhone,de:d7:f3:7f:3a:d6,2437,2.4GHz,-76,802.11n,NOT_FOUND,NOT_FOUND,3014,3-5s,NONE,0,
324916,ca51f77b-d4a5-4b34-ad6e-c2d8cb703db7,after,2026-09-17 12:36:35,ASUS_I006D,33,A101ZTa-91EF77,54:1f:8d:91:ef:77,2452,2.4GHz,-78,802.11ax,NOT_FOUND,NOT_FOUND,3023,3-5s,NONE,0,
324917,ca51f77b-d4a5-4b34-ad6e-c2d8cb703db7,after,2026-09-17 12:36:35,ASUS_I006D,33,A101ZTb-91EF77,56:1f:8d:91:ef:77,2452,2.4GHz,-78,802.11ax,NOT_FOUND,NOT_FOUND,3025,3-5s,NONE,0,
324918,ca51f77b-d4a5-4b34-ad6e-c2d8cb703db7,after,2026-09-17 12:36:35,ASUS_I006D,33,A101ZTa-2D558F,c8:ea:f8:2d:55:8f,2422,2.4GHz,-80,802.11ax,NOT_FOUND,NOT_FOUND,3014,3-5s,NONE,0,
324919,ca51f77b-d4a5-4b34-ad6e-c2d8cb703db7,after,2026-09-17 12:36:35,ASUS_I006D,33,#UW750166046,0a:92:5e:e3:d4:3a,5260,5GHz,-80,802.11ax,TIMEOUT_AT_FOUR_WAY_HANDSHAKE,TIMEOUT_AT_<STATE>,3021,3-5s,ASSOCIATED_ONLY,5,INTERFACE_DISABLED>DISCONNECTED>ASSOCIATING>ASSOCIATED>FOUR_WAY_HANDSHAKE
324920,ca51f77b-d4a5-4b34-ad6e-c2d8cb703db7,after,2026-09-17 12:36:35,ASUS_I006D,33,_manekineko_free_Wi-Fi,0a:92:5e:e3:d4:3b,5260,5GHz,-80,802.11ax,TIMEOUT_AT_ASSOCIATING,TIMEOUT_AT_<STATE>,3015,3-5s,ASSOCIATING_ONLY,3,INTERFACE_DISABLED>DISCONNECTED>ASSOCIATING
324921,ca51f77b-d4a5-4b34-ad6e-c2d8cb703db7,after,2026-09-17 12:36:35,ASUS_I006D,33,aterm-92681b-a,08:10:86:59:cd:03,5240,5GHz,-81,802.11ac,NOT_FOUND,NOT_FOUND,3012,3-5s,NONE,0,
324922,ca51f77b-d4a5-4b34-ad6e-c2d8cb703db7,after,2026-09-17 12:36:35,ASUS_I006D,33,HMSUOF,f4:d5:80:4f:a6:10,5500,5GHz,-82,802.11ax,TIMEOUT_AT_ASSOCIATING,TIMEOUT_AT_<STATE>,3020,3-5s,ASSOCIATING_ONLY,3,INTERFACE_DISABLED>DISCONNECTED>ASSOCIATING
324923,ca51f77b-d4a5-4b34-ad6e-c2d8cb703db7,after,2026-09-17 12:36:35,ASUS_I006D,33,Buffalo-5G-AE10,ec:5a:31:25:ae:20,5200,5GHz,-82,802.11ac,TIMEOUT_AT_FOUR_WAY_HANDSHAKE,TIMEOUT_AT_<STATE>,3017,3-5s,ASSOCIATED_ONLY,5,INTERFACE_DISABLED>DISCONNECTED>ASSOCIATING>ASSOCIATED>FOUR_WAY_HANDSHAKE
324924,ca51f77b-d4a5-4b34-ad6e-c2d8cb703db7,after,2026-09-17 12:36:35,ASUS_I006D,33,,8c:86:dd:63:5a:5f,5220,5GHz,-83,802.11ax,NOT_FOUND,NOT_FOUND,3012,3-5s,NONE,0,
324925,ca51f77b-d4a5-4b34-ad6e-c2d8cb703db7,after,2026-09-17 12:36:35,ASUS_I006D,33,Tesla,2e:3f:1b:e2:58:6e,5180,5GHz,-83,802.11ax,FAILED_AT_SCANNING,FAILED_AT_<STATE>,3018,3-5s,ASSOCIATING_ONLY,7,INTERFACE_DISABLED>DISCONNECTED>ASSOCIATING>DISCONNECTED>INTERFACE_DISABLED>DISCONNECTED>SCANNING
324926,ca51f77b-d4a5-4b34-ad6e-c2d8cb703db7,after,2026-09-17 12:36:35,ASUS_I006D,33,Tesla01,26:3f:1b:e2:58:64,5240,5GHz,-83,802.11ax,TIMEOUT_AT_ASSOCIATING,TIMEOUT_AT_<STATE>,3023,3-5s,ASSOCIATING_ONLY,1,ASSOCIATING
324927,ca51f77b-d4a5-4b34-ad6e-c2d8cb703db7,after,2026-09-17 12:36:35,ASUS_I006D,33,,12:3f:1b:e2:58:64,5240,5GHz,-83,802.11ax,FAILED_AT_DISCONNECTED,FAILED_AT_<STATE>,3023,3-5s,NONE,1,DISCONNECTED
324928,ca51f77b-d4a5-4b34-ad6e-c2d8cb703db7,after,2026-09-17 12:36:35,ASUS_I006D,33,Tesla,2e:3f:1b:e2:58:64,5240,5GHz,-83,802.11ax,TIMEOUT_AT_ASSOCIATING,TIMEOUT_AT_<STATE>,3019,3-5s,ASSOCIATING_ONLY,3,INTERFACE_DISABLED>DISCONNECTED>ASSOCIATING
324929,ca51f77b-d4a5-4b34-ad6e-c2d8cb703db7,after,2026-09-17 12:36:35,ASUS_I006D,33,graniphsendai,8e:86:dd:83:5a:5e,5220,5GHz,-83,802.11ax,TIMEOUT_AT_FOUR_WAY_HANDSHAKE,TIMEOUT_AT_<STATE>,3019,3-5s,ASSOCIATED_ONLY,5,INTERFACE_DISABLED>DISCONNECTED>ASSOCIATING>ASSOCIATED>FOUR_WAY_HANDSHAKE
324930,ca51f77b-d4a5-4b34-ad6e-c2d8cb703db7,after,2026-09-17 12:36:35,ASUS_I006D,33,Tesla01,26:3f:1b:e2:58:6e,5180,5GHz,-84,802.11ax,TIMEOUT_AT_FOUR_WAY_HANDSHAKE,TIMEOUT_AT_<STATE>,3023,3-5s,ASSOCIATED_ONLY,5,INTERFACE_DISABLED>DISCONNECTED>ASSOCIATING>ASSOCIATED>FOUR_WAY_HANDSHAKE
324931,ca51f77b-d4a5-4b34-ad6e-c2d8cb703db7,after,2026-09-17 12:36:35,ASUS_I006D,33,,12:3f:1b:e2:58:6e,5180,5GHz,-84,802.11ax,NOT_FOUND,NOT_FOUND,3012,3-5s,NONE,0,
324932,ca51f77b-d4a5-4b34-ad6e-c2d8cb703db7,after,2026-09-17 12:36:35,ASUS_I006D,33,Wi2premium,c4:10:8a:1f:79:8c,5580,5GHz,-84,802.11n,TIMEOUT_AT_COMPLETED,TIMEOUT_AT_<STATE>,980,0-2s,COMPLETED,5,INTERFACE_DISABLED>DISCONNECTED>ASSOCIATING>ASSOCIATED>COMPLETED
324933,ca51f77b-d4a5-4b34-ad6e-c2d8cb703db7,after,2026-09-17 12:36:35,ASUS_I006D,33,Buffalo-A-3E70,00:e5:f1:9b:3e:74,5180,5GHz,-84,802.11ac,NOT_FOUND,NOT_FOUND,3009,3-5s,NONE,0,
324934,ca51f77b-d4a5-4b34-ad6e-c2d8cb703db7,after,2026-09-17 12:36:35,ASUS_I006D,33,SPW_X11_dd4353,08:10:86:d0:07:51,5180,5GHz,-85,802.11ax,NOT_FOUND,NOT_FOUND,3025,3-5s,NONE,0,
324935,ca51f77b-d4a5-4b34-ad6e-c2d8cb703db7,after,2026-09-17 12:36:35,ASUS_I006D,33,rx600k-9a55c9-3,2c:ff:65:9a:55:a9,5180,5GHz,-86,802.11ac,NOT_FOUND,NOT_FOUND,3019,3-5s,NONE,0,
324936,ca51f77b-d4a5-4b34-ad6e-c2d8cb703db7,after,2026-09-17 12:36:35,ASUS_I006D,33,#UW750166046,0a:92:5e:e3:d0:fa,5320,5GHz,-86,802.11ax,FAILED_AT_SCANNING,FAILED_AT_<STATE>,3028,3-5s,NONE,3,INTERFACE_DISABLED>DISCONNECTED>SCANNING
324937,ca51f77b-d4a5-4b34-ad6e-c2d8cb703db7,after,2026-09-17 12:36:35,ASUS_I006D,33,SWS1day,90:32:4b:f4:a4:00,5560,5GHz,-86,802.11ax,NOT_FOUND,NOT_FOUND,3014,3-5s,NONE,0,
324938,ca51f77b-d4a5-4b34-ad6e-c2d8cb703db7,after,2026-09-17 12:36:35,ASUS_I006D,33,Wi2eap,c4:10:8a:9f:79:8c,5580,5GHz,-86,802.11n,NOT_FOUND,NOT_FOUND,3027,3-5s,NONE,0,
324939,ca51f77b-d4a5-4b34-ad6e-c2d8cb703db7,after,2026-09-17 12:36:35,ASUS_I006D,33,SDwifi01,fa:9e:38:74:ce:bf,5600,5GHz,-86,802.11ax,FAILED_AT_SCANNING,FAILED_AT_<STATE>,3033,3-5s,NONE,3,INTERFACE_DISABLED>DISCONNECTED>SCANNING
324940,ca51f77b-d4a5-4b34-ad6e-c2d8cb703db7,after,2026-09-17 12:36:35,ASUS_I006D,33,Wi2premium_club,c4:10:8a:5e:b0:2c,5700,5GHz,-87,802.11n,TIMEOUT_AT_FOUR_WAY_HANDSHAKE,TIMEOUT_AT_<STATE>,3024,3-5s,ASSOCIATED_ONLY,5,INTERFACE_DISABLED>DISCONNECTED>ASSOCIATING>ASSOCIATED>FOUR_WAY_HANDSHAKE
324941,ca51f77b-d4a5-4b34-ad6e-c2d8cb703db7,after,2026-09-17 12:36:35,ASUS_I006D,33,LinkWiFi_AGP,90:32:4b:f4:a4:03,5560,5GHz,-87,802.11ax,TIMEOUT_AT_ASSOCIATING,TIMEOUT_AT_<STATE>,3026,3-5s,ASSOCIATING_ONLY,3,INTERFACE_DISABLED>DISCONNECTED>ASSOCIATING
324942,ca51f77b-d4a5-4b34-ad6e-c2d8cb703db7,after,2026-09-17 12:36:35,ASUS_I006D,33,0002softbank,90:32:4b:f4:a4:02,5560,5GHz,-87,802.11ax,NOT_FOUND,NOT_FOUND,3022,3-5s,NONE,0,
324943,ca51f77b-d4a5-4b34-ad6e-c2d8cb703db7,after,2026-09-17 12:36:35,ASUS_I006D,33,,96:46:8d:38:df:69,5500,5GHz,-87,802.11ax,FAILED_AT_DISCONNECTED,FAILED_AT_<STATE>,3015,3-5s,NONE,2,INTERFACE_DISABLED>DISCONNECTED
324944,ca51f77b-d4a5-4b34-ad6e-c2d8cb703db7,after,2026-09-17 12:36:35,ASUS_I006D,33,0000softbank,90:32:4b:f4:a4:01,5560,5GHz,-87,802.11ax,TIMEOUT_AT_ASSOCIATING,TIMEOUT_AT_<STATE>,3016,3-5s,ASSOCIATING_ONLY,3,INTERFACE_DISABLED>DISCONNECTED>ASSOCIATING
324945,ca51f77b-d4a5-4b34-ad6e-c2d8cb703db7,after,2026-09-17 12:36:35,ASUS_I006D,33,,c6:9e:38:74:ce:bf,5600,5GHz,-87,802.11ax,FAILED_AT_DISCONNECTED,FAILED_AT_<STATE>,3012,3-5s,NONE,1,DISCONNECTED
324946,ca51f77b-d4a5-4b34-ad6e-c2d8cb703db7,after,2026-09-17 12:36:35,ASUS_I006D,33,_manekineko_free_Wi-Fi,0a:92:5e:e3:d0:fb,5320,5GHz,-87,802.11ax,FAILED_AT_SCANNING,FAILED_AT_<STATE>,3013,3-5s,NONE,3,INTERFACE_DISABLED>DISCONNECTED>SCANNING
324947,ca51f77b-d4a5-4b34-ad6e-c2d8cb703db7,after,2026-09-17 12:36:35,ASUS_I006D,33,SADAtest,fe:9e:38:74:ce:bf,5600,5GHz,-87,802.11ax,TIMEOUT_AT_ASSOCIATING,TIMEOUT_AT_<STATE>,3019,3-5s,ASSOCIATING_ONLY,3,INTERFACE_DISABLED>DISCONNECTED>ASSOCIATING
324948,ca51f77b-d4a5-4b34-ad6e-c2d8cb703db7,after,2026-09-17 12:36:35,ASUS_I006D,33,#UW750166046,0a:92:5e:e3:d0:f2,5680,5GHz,-88,802.11ax,NOT_FOUND,NOT_FOUND,3016,3-5s,NONE,0,
324949,ca51f77b-d4a5-4b34-ad6e-c2d8cb703db7,after,2026-09-17 12:36:35,ASUS_I006D,33,,1c:d1:e0:fb:e5:29,5600,5GHz,-88,802.11ax,FAILED_AT_DISCONNECTED,FAILED_AT_<STATE>,3021,3-5s,NONE,3,DISCONNECTED>INTERFACE_DISABLED>DISCONNECTED
324950,ca51f77b-d4a5-4b34-ad6e-c2d8cb703db7,after,2026-09-17 12:36:35,ASUS_I006D,33,JR-EAST_FREE_Wi-Fi,4c:36:4e:0f:96:24,5240,5GHz,-88,802.11ac,NOT_FOUND,NOT_FOUND,3022,3-5s,NONE,0,
324951,ca51f77b-d4a5-4b34-ad6e-c2d8cb703db7,after,2026-09-17 12:36:35,ASUS_I006D,33,,f6:79:49:10:57:b9,5300,5GHz,-88,802.11ac,NOT_FOUND,NOT_FOUND,3014,3-5s,NONE,0,
324952,ca51f77b-d4a5-4b34-ad6e-c2d8cb703db7,after,2026-09-17 12:36:35,ASUS_I006D,33,Wi2premium_club,c4:10:8a:5f:79:8c,5580,5GHz,-88,802.11n,TIMEOUT_AT_FOUR_WAY_HANDSHAKE,TIMEOUT_AT_<STATE>,3013,3-5s,ASSOCIATED_ONLY,5,INTERFACE_DISABLED>DISCONNECTED>ASSOCIATING>ASSOCIATED>FOUR_WAY_HANDSHAKE
324953,ca51f77b-d4a5-4b34-ad6e-c2d8cb703db7,after,2026-09-17 12:36:35,ASUS_I006D,33,,3c:77:e6:c3:45:e4,5300,5GHz,-88,802.11ac,NOT_FOUND,NOT_FOUND,3012,3-5s,NONE,0,
324954,ca51f77b-d4a5-4b34-ad6e-c2d8cb703db7,after,2026-09-17 12:36:35,ASUS_I006D,33,dataspt,1c:d1:e0:fb:e5:2c,5600,5GHz,-88,802.11ax,TIMEOUT_AT_FOUR_WAY_HANDSHAKE,TIMEOUT_AT_<STATE>,3018,3-5s,ASSOCIATED_ONLY,5,INTERFACE_DISABLED>DISCONNECTED>ASSOCIATING>ASSOCIATED>FOUR_WAY_HANDSHAKE
324955,ca51f77b-d4a5-4b34-ad6e-c2d8cb703db7,after,2026-09-17 12:36:35,ASUS_I006D,33,,1c:d1:e0:fb:e5:2b,5600,5GHz,-88,802.11ax,NOT_FOUND,NOT_FOUND,3024,3-5s,NONE,0,
324956,ca51f77b-d4a5-4b34-ad6e-c2d8cb703db7,after,2026-09-17 12:36:35,ASUS_I006D,33,,ec:79:49:10:57:b9,5300,5GHz,-89,802.11ac,NOT_FOUND,NOT_FOUND,3019,3-5s,NONE,0,
324957,ca51f77b-d4a5-4b34-ad6e-c2d8cb703db7,after,2026-09-17 12:36:35,ASUS_I006D,33,_manekineko_free_Wi-Fi,0a:92:5e:e3:d0:f3,5680,5GHz,-89,802.11ax,FAILED_AT_SCANNING,FAILED_AT_<STATE>,3034,3-5s,NONE,3,INTERFACE_DISABLED>DISCONNECTED>SCANNING
324958,ca51f77b-d4a5-4b34-ad6e-c2d8cb703db7,after,2026-09-17 12:36:35,ASUS_I006D,33,NSD-Kin-Cam-5,c4:36:c0:b9:ed:29,5180,5GHz,-89,802.11ax,NOT_FOUND,NOT_FOUND,3021,3-5s,NONE,0,
324959,ca51f77b-d4a5-4b34-ad6e-c2d8cb703db7,after,2026-09-17 12:36:35,ASUS_I006D,33,,3c:77:e6:c3:45:e3,5300,5GHz,-89,802.11ac,NOT_FOUND,NOT_FOUND,3018,3-5s,NONE,0,
324960,ca51f77b-d4a5-4b34-ad6e-c2d8cb703db7,after,2026-09-17 12:36:35,ASUS_I006D,33,,f2:79:49:10:57:b9,5300,5GHz,-89,802.11ac,NOT_FOUND,NOT_FOUND,3019,3-5s,NONE,0,
324961,ca51f77b-d4a5-4b34-ad6e-c2d8cb703db7,after,2026-09-17 12:36:35,ASUS_I006D,33,,1c:d1:e0:fb:e5:2f,5600,5GHz,-89,802.11ax,NOT_FOUND,NOT_FOUND,3017,3-5s,NONE,0,
324962,ca51f77b-d4a5-4b34-ad6e-c2d8cb703db7,after,2026-09-17 12:36:35,ASUS_I006D,33,Wi2eap,c4:10:8a:9e:b0:2c,5700,5GHz,-90,802.11n,NOT_FOUND,NOT_FOUND,3028,3-5s,NONE,0,
324963,ca51f77b-d4a5-4b34-ad6e-c2d8cb703db7,after,2026-09-17 12:36:35,ASUS_I006D,33,SWS1day,3c:77:e6:c3:45:e0,5300,5GHz,-90,802.11ac,NOT_FOUND,NOT_FOUND,3022,3-5s,NONE,0,
324964,ca51f77b-d4a5-4b34-ad6e-c2d8cb703db7,after,2026-09-17 12:36:35,ASUS_I006D,33,,1c:d1:e0:fb:e5:2a,5600,5GHz,-90,802.11ax,NOT_FOUND,NOT_FOUND,3014,3-5s,NONE,0,
324965,ca51f77b-d4a5-4b34-ad6e-c2d8cb703db7,after,2026-09-17 12:36:35,ASUS_I006D,33,stoks,1c:d1:e0:fb:e5:2d,5600,5GHz,-90,802.11ax,TIMEOUT_AT_FOUR_WAY_HANDSHAKE,TIMEOUT_AT_<STATE>,3020,3-5s,ASSOCIATED_ONLY,5,INTERFACE_DISABLED>DISCONNECTED>ASSOCIATING>ASSOCIATED>FOUR_WAY_HANDSHAKE
336784,d282e6ac-0d29-430b-a537-193b991441cb,after,2026-09-18 10:26:19,motorola edge 40 neo,34,Rakuten-D7E6,10:3c:59:f0:d7:e6,2437,2.4GHz,-50,802.11n,NOT_FOUND,NOT_FOUND,3013,3-5s,NONE,0,
336785,d282e6ac-0d29-430b-a537-193b991441cb,after,2026-09-18 10:26:19,motorola edge 40 neo,34,Wi2,d4:68:4d:02:69:98,2412,2.4GHz,-62,802.11n,TIMEOUT_AT_COMPLETED,TIMEOUT_AT_<STATE>,1809,0-2s,COMPLETED,5,INTERFACE_DISABLED>DISCONNECTED>ASSOCIATING>ASSOCIATED>COMPLETED
336786,d282e6ac-0d29-430b-a537-193b991441cb,after,2026-09-18 10:26:19,motorola edge 40 neo,34,Wi2_club,d4:68:4d:42:69:98,2412,2.4GHz,-64,802.11n,TIMEOUT_AT_FOUR_WAY_HANDSHAKE,TIMEOUT_AT_<STATE>,3012,3-5s,ASSOCIATED_ONLY,5,INTERFACE_DISABLED>DISCONNECTED>ASSOCIATING>ASSOCIATED>FOUR_WAY_HANDSHAKE
336787,d282e6ac-0d29-430b-a537-193b991441cb,after,2026-09-18 10:26:19,motorola edge 40 neo,34,TOHOKU_United_Free_Wi-Fi,d4:68:4d:82:69:98,2412,2.4GHz,-64,802.11n,TIMEOUT_AT_COMPLETED,TIMEOUT_AT_<STATE>,191,0-2s,COMPLETED,5,INTERFACE_DISABLED>DISCONNECTED>ASSOCIATING>ASSOCIATED>COMPLETED
336788,d282e6ac-0d29-430b-a537-193b991441cb,after,2026-09-18 10:26:19,motorola edge 40 neo,34,SENDAI_free_Wi-Fi,d4:68:4d:c2:69:98,2412,2.4GHz,-64,802.11n,NOT_FOUND,NOT_FOUND,3035,3-5s,NONE,0,
336789,d282e6ac-0d29-430b-a537-193b991441cb,after,2026-09-18 10:26:19,motorola edge 40 neo,34,,96:46:9d:28:1b:55,2462,2.4GHz,-66,802.11ax,NOT_FOUND,NOT_FOUND,3008,3-5s,NONE,0,
336790,d282e6ac-0d29-430b-a537-193b991441cb,after,2026-09-18 10:26:19,motorola edge 40 neo,34,,a8:46:9d:28:1b:55,2462,2.4GHz,-66,802.11ax,NOT_FOUND,NOT_FOUND,3014,3-5s,NONE,0,
336791,d282e6ac-0d29-430b-a537-193b991441cb,after,2026-09-18 10:26:19,motorola edge 40 neo,34,TOHOKU_United_Free_Wi-Fi,d4:68:4d:c2:69:9c,5500,5GHz,-70,802.11n,TIMEOUT_AT_COMPLETED,TIMEOUT_AT_<STATE>,477,0-2s,COMPLETED,5,INTERFACE_DISABLED>DISCONNECTED>ASSOCIATING>ASSOCIATED>COMPLETED
336792,d282e6ac-0d29-430b-a537-193b991441cb,after,2026-09-18 10:26:19,motorola edge 40 neo,34,Wi2eap,d4:68:4d:82:69:9c,5500,5GHz,-70,802.11n,NOT_FOUND,NOT_FOUND,3019,3-5s,NONE,0,
336793,d282e6ac-0d29-430b-a537-193b991441cb,after,2026-09-18 10:26:19,motorola edge 40 neo,34,,aa:46:8d:28:1b:55,5680,5GHz,-70,802.11ax,NOT_FOUND,NOT_FOUND,3009,3-5s,NONE,0,
336794,d282e6ac-0d29-430b-a537-193b991441cb,after,2026-09-18 10:26:19,motorola edge 40 neo,34,Wi2,d4:68:4d:02:69:9c,5500,5GHz,-70,802.11n,TIMEOUT_AT_COMPLETED,TIMEOUT_AT_<STATE>,279,0-2s,COMPLETED,5,INTERFACE_DISABLED>DISCONNECTED>ASSOCIATING>ASSOCIATED>COMPLETED
336795,d282e6ac-0d29-430b-a537-193b991441cb,after,2026-09-18 10:26:19,motorola edge 40 neo,34,SENDAI_free_Wi-Fi,d4:68:4d:02:69:9d,5500,5GHz,-70,802.11n,TIMEOUT_AT_COMPLETED,TIMEOUT_AT_<STATE>,316,0-2s,COMPLETED,5,INTERFACE_DISABLED>DISCONNECTED>ASSOCIATING>ASSOCIATED>COMPLETED
336796,d282e6ac-0d29-430b-a537-193b991441cb,after,2026-09-18 10:26:19,motorola edge 40 neo,34,Wi2_club,d4:68:4d:42:69:9c,5500,5GHz,-70,802.11n,TIMEOUT_AT_FOUR_WAY_HANDSHAKE,TIMEOUT_AT_<STATE>,3016,3-5s,ASSOCIATED_ONLY,5,INTERFACE_DISABLED>DISCONNECTED>ASSOCIATING>ASSOCIATED>FOUR_WAY_HANDSHAKE
336797,d282e6ac-0d29-430b-a537-193b991441cb,after,2026-09-18 10:26:19,motorola edge 40 neo,34,,96:46:8d:28:1b:55,5680,5GHz,-70,802.11ax,NOT_FOUND,NOT_FOUND,3011,3-5s,NONE,0,
336798,d282e6ac-0d29-430b-a537-193b991441cb,after,2026-09-18 10:26:19,motorola edge 40 neo,34,JS0528251901KX1,40:ed:00:08:da:b3,2447,2.4GHz,-71,802.11n,NOT_FOUND,NOT_FOUND,3010,3-5s,NONE,0,
336799,d282e6ac-0d29-430b-a537-193b991441cb,after,2026-09-18 10:26:19,motorola edge 40 neo,34,graniphsendai,8e:86:dd:23:5a:5e,2447,2.4GHz,-73,802.11ax,NOT_FOUND,NOT_FOUND,3013,3-5s,NONE,0,
336800,d282e6ac-0d29-430b-a537-193b991441cb,after,2026-09-18 10:26:19,motorola edge 40 neo,34,,6c:59:76:5e:e4:5f,2457,2.4GHz,-74,802.11n,NOT_FOUND,NOT_FOUND,3008,3-5s,NONE,0,
336801,d282e6ac-0d29-430b-a537-193b991441cb,after,2026-09-18 10:26:19,motorola edge 40 neo,34,.FREE_Wi-Fi_PASSPORT,32:09:b4:71:22:08,5520,5GHz,-76,802.11ac,TIMEOUT_AT_COMPLETED,TIMEOUT_AT_<STATE>,2795,0-2s,COMPLETED,5,INTERFACE_DISABLED>DISCONNECTED>ASSOCIATING>ASSOCIATED>COMPLETED
336802,d282e6ac-0d29-430b-a537-193b991441cb,after,2026-09-18 10:26:19,motorola edge 40 neo,34,_manekineko_free_Wi-Fi,06:92:5e:e3:d0:fb,2457,2.4GHz,-76,802.11ax,NOT_FOUND,NOT_FOUND,3014,3-5s,NONE,0,
336803,d282e6ac-0d29-430b-a537-193b991441cb,after,2026-09-18 10:26:19,motorola edge 40 neo,34,SWS1day,22:09:b4:71:22:08,5520,5GHz,-76,802.11ac,NOT_FOUND,NOT_FOUND,3012,3-5s,NONE,0,
336804,d282e6ac-0d29-430b-a537-193b991441cb,after,2026-09-18 10:26:19,motorola edge 40 neo,34,metro_sendai1917,80:22:a7:e4:ff:92,2462,2.4GHz,-76,802.11n,NOT_FOUND,NOT_FOUND,3009,3-5s,NONE,0,
336805,d282e6ac-0d29-430b-a537-193b991441cb,after,2026-09-18 10:26:19,motorola edge 40 neo,34,040141923_5G,f0:5c:19:ca:96:b0,5220,5GHz,-83,802.11n,NOT_FOUND,NOT_FOUND,3014,3-5s,NONE,0,
336806,d282e6ac-0d29-430b-a537-193b991441cb,after,2026-09-18 10:26:19,motorola edge 40 neo,34,JR-EAST_FREE_Wi-Fi,bc:c3:42:b3:ee:81,5180,5GHz,-84,802.11ac,NOT_FOUND,NOT_FOUND,3006,3-5s,NONE,0,
336807,d282e6ac-0d29-430b-a537-193b991441cb,after,2026-09-18 10:26:19,motorola edge 40 neo,34,,a4:9b:cd:6a:ae:cf,5620,5GHz,-85,802.11ac,NOT_FOUND,NOT_FOUND,3006,3-5s,NONE,0,
336808,d282e6ac-0d29-430b-a537-193b991441cb,after,2026-09-18 10:26:19,motorola edge 40 neo,34,GRA-AccessPoint-01261,8e:86:dd:83:5a:26,5220,5GHz,-85,802.11ax,TIMEOUT_AT_FOUR_WAY_HANDSHAKE,TIMEOUT_AT_<STATE>,3017,3-5s,ASSOCIATED_ONLY,5,INTERFACE_DISABLED>DISCONNECTED>ASSOCIATING>ASSOCIATED>FOUR_WAY_HANDSHAKE
336809,d282e6ac-0d29-430b-a537-193b991441cb,after,2026-09-18 10:26:19,motorola edge 40 neo,34,sanzen-wifi,00:e5:f1:9b:18:4c,5180,5GHz,-85,802.11ac,TIMEOUT_AT_FOUR_WAY_HANDSHAKE,TIMEOUT_AT_<STATE>,3016,3-5s,ASSOCIATED_ONLY,5,INTERFACE_DISABLED>DISCONNECTED>ASSOCIATING>ASSOCIATED>FOUR_WAY_HANDSHAKE
336810,d282e6ac-0d29-430b-a537-193b991441cb,after,2026-09-18 10:26:19,motorola edge 40 neo,34,Tesla01,26:3f:1b:e2:58:64,5240,5GHz,-85,802.11ax,TIMEOUT_AT_ASSOCIATING,TIMEOUT_AT_<STATE>,3008,3-5s,ASSOCIATING_ONLY,3,INTERFACE_DISABLED>DISCONNECTED>ASSOCIATING
336811,d282e6ac-0d29-430b-a537-193b991441cb,after,2026-09-18 10:26:19,motorola edge 40 neo,34,,8c:86:dd:63:5a:27,5220,5GHz,-86,802.11ax,NOT_FOUND,NOT_FOUND,3012,3-5s,NONE,0,
336812,d282e6ac-0d29-430b-a537-193b991441cb,after,2026-09-18 10:26:19,motorola edge 40 neo,34,Wi2,08:45:d1:5b:d1:6d,5240,5GHz,-86,802.11ac,NOT_FOUND,NOT_FOUND,3012,3-5s,NONE,0,
336813,d282e6ac-0d29-430b-a537-193b991441cb,after,2026-09-18 10:26:19,motorola edge 40 neo,34,,08:45:d1:5b:d1:6a,5240,5GHz,-86,802.11ac,NOT_FOUND,NOT_FOUND,3007,3-5s,NONE,0,
336814,d282e6ac-0d29-430b-a537-193b991441cb,after,2026-09-18 10:26:19,motorola edge 40 neo,34,,8c:86:dd:63:5a:5f,5220,5GHz,-86,802.11ax,NOT_FOUND,NOT_FOUND,3012,3-5s,NONE,0,
336815,d282e6ac-0d29-430b-a537-193b991441cb,after,2026-09-18 10:26:19,motorola edge 40 neo,34,Wi2_club,08:45:d1:5b:d1:6c,5240,5GHz,-86,802.11ac,TIMEOUT_AT_FOUR_WAY_HANDSHAKE,TIMEOUT_AT_<STATE>,3015,3-5s,ASSOCIATED_ONLY,5,INTERFACE_DISABLED>DISCONNECTED>ASSOCIATING>ASSOCIATED>FOUR_WAY_HANDSHAKE
336816,d282e6ac-0d29-430b-a537-193b991441cb,after,2026-09-18 10:26:19,motorola edge 40 neo,34,JCW_Wi-Fi_PARCO,08:45:d1:5b:d1:6b,5240,5GHz,-86,802.11ac,NOT_FOUND,NOT_FOUND,3007,3-5s,NONE,0,
336817,d282e6ac-0d29-430b-a537-193b991441cb,after,2026-09-18 10:26:19,motorola edge 40 neo,34,Buffalo-5G-AE10,ec:5a:31:25:ae:20,5200,5GHz,-86,802.11ac,TIMEOUT_AT_FOUR_WAY_HANDSHAKE,TIMEOUT_AT_<STATE>,3019,3-5s,ASSOCIATED_ONLY,17,INTERFACE_DISABLED>DISCONNECTED>ASSOCIATING>DISCONNECTED>INTERFACE_DISABLED>DISCONNECTED>INTERFACE_DISABLED>DISCONNECTED>ASSOCIATING>DISCONNECTED>INTERFACE_DISABLED>DISCONNECTED>INTERFACE_DISABLED>DISCONNECTED>ASSOCIATING>ASSOCIATED>FOUR_WAY_HANDSHAKE
336818,d282e6ac-0d29-430b-a537-193b991441cb,after,2026-09-18 10:26:19,motorola edge 40 neo,34,Buffalo-5G-AE10-WPA3,ec:5a:31:25:ae:21,5200,5GHz,-86,802.11ac,FAILED_AT_DISCONNECTED,FAILED_AT_<STATE>,808,0-2s,ASSOCIATING_ONLY,4,INTERFACE_DISABLED>DISCONNECTED>ASSOCIATING>DISCONNECTED
336819,d282e6ac-0d29-430b-a537-193b991441cb,after,2026-09-18 10:26:19,motorola edge 40 neo,34,graniphsendai,8e:86:dd:83:5a:5e,5220,5GHz,-86,802.11ax,TIMEOUT_AT_FOUR_WAY_HANDSHAKE,TIMEOUT_AT_<STATE>,3017,3-5s,ASSOCIATED_ONLY,5,INTERFACE_DISABLED>DISCONNECTED>ASSOCIATING>ASSOCIATED>FOUR_WAY_HANDSHAKE
336820,d282e6ac-0d29-430b-a537-193b991441cb,after,2026-09-18 10:26:19,motorola edge 40 neo,34,metro_sendai1817,80:22:a7:e5:1d:73,5240,5GHz,-86,802.11ac,NOT_FOUND,NOT_FOUND,3009,3-5s,NONE,0,
336821,d282e6ac-0d29-430b-a537-193b991441cb,after,2026-09-18 10:26:19,motorola edge 40 neo,34,Tesla,2e:3f:1b:e2:58:64,5240,5GHz,-86,802.11ax,NOT_FOUND,NOT_FOUND,3013,3-5s,NONE,0,
336822,d282e6ac-0d29-430b-a537-193b991441cb,after,2026-09-18 10:26:19,motorola edge 40 neo,34,HMSUOF,f4:d5:80:4f:a6:10,5500,5GHz,-87,802.11ax,FAILED_AT_DISCONNECTED,FAILED_AT_<STATE>,502,0-2s,ASSOCIATING_ONLY,4,INTERFACE_DISABLED>DISCONNECTED>ASSOCIATING>DISCONNECTED
336823,d282e6ac-0d29-430b-a537-193b991441cb,after,2026-09-18 10:26:19,motorola edge 40 neo,34,rx600k-9ad5d9-3,2c:ff:65:9a:d5:b9,5180,5GHz,-87,802.11ac,TIMEOUT_AT_FOUR_WAY_HANDSHAKE,TIMEOUT_AT_<STATE>,3015,3-5s,ASSOCIATED_ONLY,5,INTERFACE_DISABLED>DISCONNECTED>ASSOCIATING>ASSOCIATED>FOUR_WAY_HANDSHAKE
336824,d282e6ac-0d29-430b-a537-193b991441cb,after,2026-09-18 10:26:19,motorola edge 40 neo,34,SPWH_L13_05B69A_5G,54:1f:8d:07:b6:9a,5200,5GHz,-88,802.11ax,NOT_FOUND,NOT_FOUND,3014,3-5s,NONE,0,
336825,d282e6ac-0d29-430b-a537-193b991441cb,after,2026-09-18 10:26:19,motorola edge 40 neo,34,JR-EAST_FREE_Wi-Fi,5c:e1:76:0b:30:af,5680,5GHz,-89,802.11ac,NOT_FOUND,NOT_FOUND,3014,3-5s,NONE,0,
336826,d282e6ac-0d29-430b-a537-193b991441cb,after,2026-09-18 10:26:19,motorola edge 40 neo,34,metro_sendai1919,80:22:a7:e5:91:33,5240,5GHz,-90,802.11ac,NOT_FOUND,NOT_FOUND,3010,3-5s,NONE,0,
336827,d282e6ac-0d29-430b-a537-193b991441cb,after,2026-09-18 10:26:19,motorola edge 40 neo,34,17CCA802-5G,18:2c:a9:17:cc:ae,6135,6GHz,-90,802.11be,NOT_FOUND,NOT_FOUND,3007,3-5s,NONE,0,
336828,d282e6ac-0d29-430b-a537-193b991441cb,after,2026-09-18 10:26:19,motorola edge 40 neo,34,,f2:79:49:10:57:b9,5300,5GHz,-90,802.11ac,NOT_FOUND,NOT_FOUND,3014,3-5s,NONE,0,
336829,d282e6ac-0d29-430b-a537-193b991441cb,after,2026-09-18 10:26:19,motorola edge 40 neo,34,JR-EAST_FREE_Wi-Fi,bc:c3:42:b3:ee:ab,5180,5GHz,-90,802.11ac,NOT_FOUND,NOT_FOUND,3008,3-5s,NONE,0,
336830,d282e6ac-0d29-430b-a537-193b991441cb,after,2026-09-18 10:26:19,motorola edge 40 neo,34,,82:22:a7:e4:ef:17,5200,5GHz,-90,802.11ac,NOT_FOUND,NOT_FOUND,3008,3-5s,NONE,0,
336831,d282e6ac-0d29-430b-a537-193b991441cb,after,2026-09-18 10:26:19,motorola edge 40 neo,34,,1a:2c:a9:27:cc:ae,6135,6GHz,-90,802.11be,NOT_FOUND,NOT_FOUND,3010,3-5s,NONE,0,
336832,d282e6ac-0d29-430b-a537-193b991441cb,after,2026-09-18 10:26:19,motorola edge 40 neo,34,,82:22:a7:e4:d4:cf,5240,5GHz,-90,802.11ac,NOT_FOUND,NOT_FOUND,3014,3-5s,NONE,0,
336833,d282e6ac-0d29-430b-a537-193b991441cb,after,2026-09-18 10:26:19,motorola edge 40 neo,34,,f6:79:49:10:57:b9,5300,5GHz,-90,802.11ac,NOT_FOUND,NOT_FOUND,3009,3-5s,NONE,0,
336834,d282e6ac-0d29-430b-a537-193b991441cb,after,2026-09-18 10:26:19,motorola edge 40 neo,34,Wi2premium,c4:10:8a:1f:79:8c,5580,5GHz,-91,802.11n,NOT_FOUND,NOT_FOUND,3011,3-5s,NONE,0,
336835,d282e6ac-0d29-430b-a537-193b991441cb,after,2026-09-18 10:26:19,motorola edge 40 neo,34,USPOT_1145413_5.0G,98:2d:ba:21:ae:3a,5200,5GHz,-91,802.11ac,NOT_FOUND,NOT_FOUND,3011,3-5s,NONE,0,
336836,d282e6ac-0d29-430b-a537-193b991441cb,after,2026-09-18 10:26:19,motorola edge 40 neo,34,Wi2eap,c4:10:8a:9f:79:8c,5580,5GHz,-91,802.11n,NOT_FOUND,NOT_FOUND,3014,3-5s,NONE,0,
336837,d282e6ac-0d29-430b-a537-193b991441cb,after,2026-09-18 10:26:19,motorola edge 40 neo,34,ZXY-SENDAI,ac:44:f2:b1:1f:50,5600,5GHz,-91,802.11ac,NOT_FOUND,NOT_FOUND,3013,3-5s,NONE,0,
336838,d282e6ac-0d29-430b-a537-193b991441cb,after,2026-09-18 10:26:19,motorola edge 40 neo,34,S-PAL_Free_WiFi,9e:46:8d:34:35:e0,5700,5GHz,-92,802.11ax,TIMEOUT_AT_COMPLETED,TIMEOUT_AT_<STATE>,1794,0-2s,COMPLETED,3,ASSOCIATING>ASSOCIATED>COMPLETED
336584,8aaf348b-e91a-4daf-a89b-51b44959e96b,after,2026-09-18 10:27:20,ASUS_I006D,33,Rakuten-D7E6,10:3c:59:f0:d7:e6,2437,2.4GHz,-51,802.11n,NOT_FOUND,NOT_FOUND,3009,3-5s,NONE,0,
336585,8aaf348b-e91a-4daf-a89b-51b44959e96b,after,2026-09-18 10:27:20,ASUS_I006D,33,Rakuten-FEAF,c8:ea:f8:ac:fe:af,2442,2.4GHz,-61,802.11n,NOT_FOUND,NOT_FOUND,3023,3-5s,NONE,0,
336586,8aaf348b-e91a-4daf-a89b-51b44959e96b,after,2026-09-18 10:27:20,ASUS_I006D,33,Wi2eap,d4:68:4d:82:69:9c,5500,5GHz,-62,802.11n,NOT_FOUND,NOT_FOUND,3016,3-5s,NONE,0,
336587,8aaf348b-e91a-4daf-a89b-51b44959e96b,after,2026-09-18 10:27:20,ASUS_I006D,33,Wi2,d4:68:4d:02:69:9c,5500,5GHz,-62,802.11n,TIMEOUT_AT_COMPLETED,TIMEOUT_AT_<STATE>,1062,0-2s,COMPLETED,5,INTERFACE_DISABLED>DISCONNECTED>ASSOCIATING>ASSOCIATED>COMPLETED
336588,8aaf348b-e91a-4daf-a89b-51b44959e96b,after,2026-09-18 10:27:20,ASUS_I006D,33,SENDAI_free_Wi-Fi,d4:68:4d:02:69:9d,5500,5GHz,-62,802.11n,TIMEOUT_AT_COMPLETED,TIMEOUT_AT_<STATE>,1332,0-2s,COMPLETED,5,INTERFACE_DISABLED>DISCONNECTED>ASSOCIATING>ASSOCIATED>COMPLETED
336589,8aaf348b-e91a-4daf-a89b-51b44959e96b,after,2026-09-18 10:27:20,ASUS_I006D,33,Wi2_club,d4:68:4d:42:69:9c,5500,5GHz,-62,802.11n,TIMEOUT_AT_FOUR_WAY_HANDSHAKE,TIMEOUT_AT_<STATE>,3024,3-5s,ASSOCIATED_ONLY,5,INTERFACE_DISABLED>DISCONNECTED>ASSOCIATING>ASSOCIATED>FOUR_WAY_HANDSHAKE
336590,8aaf348b-e91a-4daf-a89b-51b44959e96b,after,2026-09-18 10:27:20,ASUS_I006D,33,TOHOKU_United_Free_Wi-Fi,d4:68:4d:c2:69:9c,5500,5GHz,-62,802.11n,TIMEOUT_AT_COMPLETED,TIMEOUT_AT_<STATE>,1339,0-2s,COMPLETED,5,INTERFACE_DISABLED>DISCONNECTED>ASSOCIATING>ASSOCIATED>COMPLETED
336591,8aaf348b-e91a-4daf-a89b-51b44959e96b,after,2026-09-18 10:27:20,ASUS_I006D,33,SENDAI_free_Wi-Fi,d4:68:4d:c2:69:98,2412,2.4GHz,-70,802.11n,TIMEOUT_AT_COMPLETED,TIMEOUT_AT_<STATE>,1529,0-2s,COMPLETED,5,INTERFACE_DISABLED>DISCONNECTED>ASSOCIATING>ASSOCIATED>COMPLETED
336592,8aaf348b-e91a-4daf-a89b-51b44959e96b,after,2026-09-18 10:27:20,ASUS_I006D,33,ZXY-SENDAI,ac:44:f2:b1:1f:48,2462,2.4GHz,-71,802.11n,NOT_FOUND,NOT_FOUND,3013,3-5s,NONE,0,
336593,8aaf348b-e91a-4daf-a89b-51b44959e96b,after,2026-09-18 10:27:20,ASUS_I006D,33,Wi2_club,d4:68:4d:42:69:98,2412,2.4GHz,-71,802.11n,TIMEOUT_AT_FOUR_WAY_HANDSHAKE,TIMEOUT_AT_<STATE>,3022,3-5s,ASSOCIATED_ONLY,5,INTERFACE_DISABLED>DISCONNECTED>ASSOCIATING>ASSOCIATED>FOUR_WAY_HANDSHAKE
336594,8aaf348b-e91a-4daf-a89b-51b44959e96b,after,2026-09-18 10:27:20,ASUS_I006D,33,0002softbank,12:09:b4:71:22:08,5520,5GHz,-72,802.11ac,NOT_FOUND,NOT_FOUND,3021,3-5s,NONE,0,
336595,8aaf348b-e91a-4daf-a89b-51b44959e96b,after,2026-09-18 10:27:20,ASUS_I006D,33,LinkWiFi_AGP,00:09:b4:71:22:08,5520,5GHz,-72,802.11ac,TIMEOUT_AT_FOUR_WAY_HANDSHAKE,TIMEOUT_AT_<STATE>,3014,3-5s,ASSOCIATED_ONLY,5,INTERFACE_DISABLED>DISCONNECTED>ASSOCIATING>ASSOCIATED>FOUR_WAY_HANDSHAKE
336596,8aaf348b-e91a-4daf-a89b-51b44959e96b,after,2026-09-18 10:27:20,ASUS_I006D,33,JS0528251901KX1,40:ed:00:08:da:b3,2447,2.4GHz,-72,802.11n,NOT_FOUND,NOT_FOUND,3010,3-5s,NONE,0,
336597,8aaf348b-e91a-4daf-a89b-51b44959e96b,after,2026-09-18 10:27:20,ASUS_I006D,33,SWS1day,22:09:b4:71:22:08,5520,5GHz,-72,802.11ac,FAILED_AT_DISCONNECTED,FAILED_AT_<STATE>,3013,3-5s,NONE,5,DISCONNECTED>INTERFACE_DISABLED>DISCONNECTED>INTERFACE_DISABLED>DISCONNECTED
336598,8aaf348b-e91a-4daf-a89b-51b44959e96b,after,2026-09-18 10:27:20,ASUS_I006D,33,0000softbank,02:09:b4:71:22:08,5520,5GHz,-72,802.11ac,NOT_FOUND,NOT_FOUND,3019,3-5s,NONE,0,
336599,8aaf348b-e91a-4daf-a89b-51b44959e96b,after,2026-09-18 10:27:20,ASUS_I006D,33,.FREE_Wi-Fi_PASSPORT,32:09:b4:71:22:08,5520,5GHz,-72,802.11ac,TIMEOUT_AT_COMPLETED,TIMEOUT_AT_<STATE>,818,0-2s,COMPLETED,5,INTERFACE_DISABLED>DISCONNECTED>ASSOCIATING>ASSOCIATED>COMPLETED
336600,8aaf348b-e91a-4daf-a89b-51b44959e96b,after,2026-09-18 10:27:20,ASUS_I006D,33,Wi2,d4:68:4d:02:69:98,2412,2.4GHz,-72,802.11n,TIMEOUT_AT_COMPLETED,TIMEOUT_AT_<STATE>,1129,0-2s,COMPLETED,5,INTERFACE_DISABLED>DISCONNECTED>ASSOCIATING>ASSOCIATED>COMPLETED
336601,8aaf348b-e91a-4daf-a89b-51b44959e96b,after,2026-09-18 10:27:20,ASUS_I006D,33,,82:22:a7:e4:d4:ce,2462,2.4GHz,-72,802.11n,NOT_FOUND,NOT_FOUND,3021,3-5s,NONE,0,
336602,8aaf348b-e91a-4daf-a89b-51b44959e96b,after,2026-09-18 10:27:20,ASUS_I006D,33,AIB-AP,00:10:38:3c:4d:b5,2412,2.4GHz,-73,802.11n,NOT_FOUND,NOT_FOUND,3022,3-5s,NONE,0,
336603,8aaf348b-e91a-4daf-a89b-51b44959e96b,after,2026-09-18 10:27:20,ASUS_I006D,33,TOHOKU_United_Free_Wi-Fi,d4:68:4d:82:69:98,2412,2.4GHz,-73,802.11n,TIMEOUT_AT_COMPLETED,TIMEOUT_AT_<STATE>,1371,0-2s,COMPLETED,5,INTERFACE_DISABLED>DISCONNECTED>ASSOCIATING>ASSOCIATED>COMPLETED
336604,8aaf348b-e91a-4daf-a89b-51b44959e96b,after,2026-09-18 10:27:20,ASUS_I006D,33,S-PAL_Free_WiFi,9e:46:9d:34:9e:8a,2462,2.4GHz,-74,802.11ax,NOT_FOUND,NOT_FOUND,3010,3-5s,NONE,0,
336605,8aaf348b-e91a-4daf-a89b-51b44959e96b,after,2026-09-18 10:27:20,ASUS_I006D,33,_manekineko_free_Wi-Fi,06:92:5e:e3:d4:3b,2472,2.4GHz,-74,802.11ax,FAILED_AT_SCANNING,FAILED_AT_<STATE>,3024,3-5s,NONE,3,INTERFACE_DISABLED>DISCONNECTED>SCANNING
336606,8aaf348b-e91a-4daf-a89b-51b44959e96b,after,2026-09-18 10:27:20,ASUS_I006D,33,prince2,46:62:0a:b3:05:18,2412,2.4GHz,-74,802.11n,NOT_FOUND,NOT_FOUND,3015,3-5s,NONE,0,
336607,8aaf348b-e91a-4daf-a89b-51b44959e96b,after,2026-09-18 10:27:20,ASUS_I006D,33,sanzen-wifi,00:e5:f1:9b:18:4c,5180,5GHz,-76,802.11ac,TIMEOUT_AT_FOUR_WAY_HANDSHAKE,TIMEOUT_AT_<STATE>,3018,3-5s,ASSOCIATED_ONLY,5,INTERFACE_DISABLED>DISCONNECTED>ASSOCIATING>ASSOCIATED>FOUR_WAY_HANDSHAKE
336608,8aaf348b-e91a-4daf-a89b-51b44959e96b,after,2026-09-18 10:27:20,ASUS_I006D,33,JR-EAST_FREE_Wi-Fi,bc:c3:42:b3:ee:81,5180,5GHz,-78,802.11ac,NOT_FOUND,NOT_FOUND,3023,3-5s,NONE,0,
336609,8aaf348b-e91a-4daf-a89b-51b44959e96b,after,2026-09-18 10:27:20,ASUS_I006D,33,rx600k-9ad5d9-3,2c:ff:65:9a:d5:b9,5180,5GHz,-78,802.11ac,FAILED_AT_DISCONNECTED,FAILED_AT_<STATE>,3016,3-5s,NONE,2,INTERFACE_DISABLED>DISCONNECTED
336610,8aaf348b-e91a-4daf-a89b-51b44959e96b,after,2026-09-18 10:27:20,ASUS_I006D,33,JR-EAST_FREE_Wi-Fi,bc:c3:42:b3:eb:de,5240,5GHz,-79,802.11ac,TIMEOUT_AT_COMPLETED,TIMEOUT_AT_<STATE>,1997,0-2s,COMPLETED,5,INTERFACE_DISABLED>DISCONNECTED>ASSOCIATING>ASSOCIATED>COMPLETED
336611,8aaf348b-e91a-4daf-a89b-51b44959e96b,after,2026-09-18 10:27:20,ASUS_I006D,33,,96:46:8d:28:1b:55,5680,5GHz,-79,802.11ax,NOT_FOUND,NOT_FOUND,3023,3-5s,NONE,0,
336612,8aaf348b-e91a-4daf-a89b-51b44959e96b,after,2026-09-18 10:27:20,ASUS_I006D,33,TownWiFi,98:2d:ba:21:ae:37,2447,2.4GHz,-79,802.11n,NOT_FOUND,NOT_FOUND,3032,3-5s,NONE,0,
336613,8aaf348b-e91a-4daf-a89b-51b44959e96b,after,2026-09-18 10:27:20,ASUS_I006D,33,,aa:46:8d:28:1b:55,5680,5GHz,-79,802.11ax,NOT_FOUND,NOT_FOUND,3014,3-5s,NONE,0,
336614,8aaf348b-e91a-4daf-a89b-51b44959e96b,after,2026-09-18 10:27:20,ASUS_I006D,33,GRA-AccessPoint-01261,8e:86:dd:83:5a:26,5220,5GHz,-81,802.11ax,NOT_FOUND,NOT_FOUND,3017,3-5s,NONE,0,
336615,8aaf348b-e91a-4daf-a89b-51b44959e96b,after,2026-09-18 10:27:20,ASUS_I006D,33,GRA-AccessPoint-01261,8e:86:dd:83:5a:2a,5220,5GHz,-81,802.11ax,NOT_FOUND,NOT_FOUND,3028,3-5s,NONE,0,
336616,8aaf348b-e91a-4daf-a89b-51b44959e96b,after,2026-09-18 10:27:20,ASUS_I006D,33,,8c:86:dd:63:5a:5f,5220,5GHz,-82,802.11ax,NOT_FOUND,NOT_FOUND,3017,3-5s,NONE,0,
336617,8aaf348b-e91a-4daf-a89b-51b44959e96b,after,2026-09-18 10:27:20,ASUS_I006D,33,LAPLACE-SD-2G-W,00:2b:f5:a5:c0:33,2432,2.4GHz,-82,802.11ax,NOT_FOUND,NOT_FOUND,3016,3-5s,NONE,0,
336618,8aaf348b-e91a-4daf-a89b-51b44959e96b,after,2026-09-18 10:27:20,ASUS_I006D,33,LAPLACE-SD-2G,00:2b:f5:a5:c0:32,2432,2.4GHz,-82,802.11ax,NOT_FOUND,NOT_FOUND,3026,3-5s,NONE,0,
336619,8aaf348b-e91a-4daf-a89b-51b44959e96b,after,2026-09-18 10:27:20,ASUS_I006D,33,SPWH_L13_05B69A_5G,54:1f:8d:07:b6:9a,5200,5GHz,-83,802.11ax,TIMEOUT_AT_ASSOCIATING,TIMEOUT_AT_<STATE>,3025,3-5s,ASSOCIATING_ONLY,3,INTERFACE_DISABLED>DISCONNECTED>ASSOCIATING
336620,8aaf348b-e91a-4daf-a89b-51b44959e96b,after,2026-09-18 10:27:20,ASUS_I006D,33,graniphsendai,8e:86:dd:83:5a:5e,5220,5GHz,-83,802.11ax,TIMEOUT_AT_FOUR_WAY_HANDSHAKE,TIMEOUT_AT_<STATE>,3018,3-5s,ASSOCIATED_ONLY,5,INTERFACE_DISABLED>DISCONNECTED>ASSOCIATING>ASSOCIATED>FOUR_WAY_HANDSHAKE
336621,8aaf348b-e91a-4daf-a89b-51b44959e96b,after,2026-09-18 10:27:20,ASUS_I006D,33,mx-free,70:b3:17:58:e3:4b,5540,5GHz,-84,802.11ac,NOT_FOUND,NOT_FOUND,3018,3-5s,NONE,0,
336622,8aaf348b-e91a-4daf-a89b-51b44959e96b,after,2026-09-18 10:27:20,ASUS_I006D,33,US750260524001,0a:92:5e:e3:db:b1,5260,5GHz,-84,802.11ax,NOT_FOUND,NOT_FOUND,3022,3-5s,NONE,0,
336623,8aaf348b-e91a-4daf-a89b-51b44959e96b,after,2026-09-18 10:27:20,ASUS_I006D,33,USPOT02_MESH_750260524_001,0a:92:5e:e3:db:b0,5260,5GHz,-84,802.11ax,TIMEOUT_AT_ASSOCIATING,TIMEOUT_AT_<STATE>,3016,3-5s,ASSOCIATING_ONLY,3,INTERFACE_DISABLED>DISCONNECTED>ASSOCIATING
336624,8aaf348b-e91a-4daf-a89b-51b44959e96b,after,2026-09-18 10:27:20,ASUS_I006D,33,5.0TCJ-fellow,0a:92:5e:e3:db:b2,5260,5GHz,-84,802.11ax,FAILED_AT_DISCONNECTED,FAILED_AT_<STATE>,3012,3-5s,NONE,3,DISCONNECTED>INTERFACE_DISABLED>DISCONNECTED
336625,8aaf348b-e91a-4daf-a89b-51b44959e96b,after,2026-09-18 10:27:20,ASUS_I006D,33,mx-kensho,70:b3:17:58:e3:49,5540,5GHz,-84,802.11ac,NOT_FOUND,NOT_FOUND,3024,3-5s,NONE,0,
336626,8aaf348b-e91a-4daf-a89b-51b44959e96b,after,2026-09-18 10:27:20,ASUS_I006D,33,S-PAL_Free_WiFi,9e:46:8d:34:35:e0,5700,5GHz,-85,802.11ax,NOT_FOUND,NOT_FOUND,3024,3-5s,NONE,0,
336627,8aaf348b-e91a-4daf-a89b-51b44959e96b,after,2026-09-18 10:27:20,ASUS_I006D,33,,70:b3:17:58:e3:4a,5540,5GHz,-85,802.11ac,NOT_FOUND,NOT_FOUND,3018,3-5s,NONE,0,
336628,8aaf348b-e91a-4daf-a89b-51b44959e96b,after,2026-09-18 10:27:20,ASUS_I006D,33,tullys_Wi-Fi,0a:92:5e:e3:db:b3,5260,5GHz,-85,802.11ax,TIMEOUT_AT_ASSOCIATING,TIMEOUT_AT_<STATE>,3014,3-5s,ASSOCIATING_ONLY,3,INTERFACE_DISABLED>DISCONNECTED>ASSOCIATING
336629,8aaf348b-e91a-4daf-a89b-51b44959e96b,after,2026-09-18 10:27:20,ASUS_I006D,33,mx-newkensho,70:b3:17:58:e3:46,5540,5GHz,-85,802.11ac,TIMEOUT_AT_ASSOCIATED,TIMEOUT_AT_<STATE>,3017,3-5s,ASSOCIATED_ONLY,4,INTERFACE_DISABLED>DISCONNECTED>ASSOCIATING>ASSOCIATED
336630,8aaf348b-e91a-4daf-a89b-51b44959e96b,after,2026-09-18 10:27:20,ASUS_I006D,33,,70:b3:17:58:e3:45,5540,5GHz,-85,802.11ac,NOT_FOUND,NOT_FOUND,3021,3-5s,NONE,0,
336631,8aaf348b-e91a-4daf-a89b-51b44959e96b,after,2026-09-18 10:27:20,ASUS_I006D,33,aterm-991562-a,08:10:86:0e:14:d7,5580,5GHz,-85,802.11ac,NOT_FOUND,NOT_FOUND,3017,3-5s,NONE,0,
336632,8aaf348b-e91a-4daf-a89b-51b44959e96b,after,2026-09-18 10:27:20,ASUS_I006D,33,UALTD_Free_Wi-Fi,18:4b:0d:96:90:cc,5620,5GHz,-85,802.11ac,TIMEOUT_AT_ASSOCIATING,TIMEOUT_AT_<STATE>,3009,3-5s,ASSOCIATING_ONLY,4,DISCONNECTED>INTERFACE_DISABLED>DISCONNECTED>ASSOCIATING
336633,8aaf348b-e91a-4daf-a89b-51b44959e96b,after,2026-09-18 10:27:20,ASUS_I006D,33,Wi2eap,18:4b:0d:56:90:cc,5620,5GHz,-85,802.11ac,NOT_FOUND,NOT_FOUND,3027,3-5s,NONE,0,
336634,8aaf348b-e91a-4daf-a89b-51b44959e96b,after,2026-09-18 10:27:20,ASUS_I006D,33,Wi2,18:4b:0d:16:90:cc,5620,5GHz,-85,802.11ac,NOT_FOUND,NOT_FOUND,3024,3-5s,NONE,0,
336635,8aaf348b-e91a-4daf-a89b-51b44959e96b,after,2026-09-18 10:27:20,ASUS_I006D,33,NVRa486dbb81efd-2,a4:86:db:b8:1f:00,5320,5GHz,-86,802.11ax,TIMEOUT_AT_FOUR_WAY_HANDSHAKE,TIMEOUT_AT_<STATE>,3018,3-5s,ASSOCIATED_ONLY,5,INTERFACE_DISABLED>DISCONNECTED>ASSOCIATING>ASSOCIATED>FOUR_WAY_HANDSHAKE
336636,8aaf348b-e91a-4daf-a89b-51b44959e96b,after,2026-09-18 10:27:20,ASUS_I006D,33,,96:46:8d:34:35:e0,5700,5GHz,-86,802.11ax,NOT_FOUND,NOT_FOUND,3015,3-5s,NONE,0,
336637,8aaf348b-e91a-4daf-a89b-51b44959e96b,after,2026-09-18 10:27:20,ASUS_I006D,33,Wi2_club,18:4b:0d:d6:90:cc,5620,5GHz,-86,802.11ac,TIMEOUT_AT_ASSOCIATING,TIMEOUT_AT_<STATE>,3013,3-5s,ASSOCIATING_ONLY,3,INTERFACE_DISABLED>DISCONNECTED>ASSOCIATING
336638,8aaf348b-e91a-4daf-a89b-51b44959e96b,after,2026-09-18 10:27:20,ASUS_I006D,33,Buffalo-5G-AE10,ec:5a:31:25:ae:20,5200,5GHz,-86,802.11ac,TIMEOUT_AT_FOUR_WAY_HANDSHAKE,TIMEOUT_AT_<STATE>,3018,3-5s,ASSOCIATED_ONLY,6,DISCONNECTED>INTERFACE_DISABLED>DISCONNECTED>ASSOCIATING>ASSOCIATED>FOUR_WAY_HANDSHAKE
336639,8aaf348b-e91a-4daf-a89b-51b44959e96b,after,2026-09-18 10:27:20,ASUS_I006D,33,Buffalo-5G-AE10-WPA3,ec:5a:31:25:ae:21,5200,5GHz,-86,802.11ac,TIMEOUT_AT_ASSOCIATING,TIMEOUT_AT_<STATE>,3011,3-5s,ASSOCIATING_ONLY,3,INTERFACE_DISABLED>DISCONNECTED>ASSOCIATING
336640,8aaf348b-e91a-4daf-a89b-51b44959e96b,after,2026-09-18 10:27:20,ASUS_I006D,33,metro_sendai1217,80:22:a7:e4:ec:db,5180,5GHz,-87,802.11ac,NOT_FOUND,NOT_FOUND,3014,3-5s,NONE,0,
336641,8aaf348b-e91a-4daf-a89b-51b44959e96b,after,2026-09-18 10:27:20,ASUS_I006D,33,Tesla01,26:3f:1b:e2:58:64,5240,5GHz,-87,802.11ax,TIMEOUT_AT_FOUR_WAY_HANDSHAKE,TIMEOUT_AT_<STATE>,3026,3-5s,ASSOCIATED_ONLY,5,INTERFACE_DISABLED>DISCONNECTED>ASSOCIATING>ASSOCIATED>FOUR_WAY_HANDSHAKE
336642,8aaf348b-e91a-4daf-a89b-51b44959e96b,after,2026-09-18 10:27:20,ASUS_I006D,33,LinkWiFi_AGP,90:32:4b:f4:a4:03,5660,5GHz,-87,802.11ax,TIMEOUT_AT_ASSOCIATING,TIMEOUT_AT_<STATE>,3024,3-5s,ASSOCIATING_ONLY,3,INTERFACE_DISABLED>DISCONNECTED>ASSOCIATING
336643,8aaf348b-e91a-4daf-a89b-51b44959e96b,after,2026-09-18 10:27:20,ASUS_I006D,33,0002softbank,90:32:4b:f4:a4:02,5660,5GHz,-87,802.11ax,NOT_FOUND,NOT_FOUND,3031,3-5s,NONE,0,
336644,8aaf348b-e91a-4daf-a89b-51b44959e96b,after,2026-09-18 10:27:20,ASUS_I006D,33,SWS1day,90:32:4b:f4:a4:00,5660,5GHz,-87,802.11ax,TIMEOUT_AT_ASSOCIATING,TIMEOUT_AT_<STATE>,3015,3-5s,ASSOCIATING_ONLY,7,INTERFACE_DISABLED>DISCONNECTED>ASSOCIATING>DISCONNECTED>INTERFACE_DISABLED>DISCONNECTED>ASSOCIATING
336645,8aaf348b-e91a-4daf-a89b-51b44959e96b,after,2026-09-18 10:27:20,ASUS_I006D,33,,a4:9b:cd:3c:96:8f,5540,5GHz,-87,802.11ax,NOT_FOUND,NOT_FOUND,3021,3-5s,NONE,0,
336646,8aaf348b-e91a-4daf-a89b-51b44959e96b,after,2026-09-18 10:27:20,ASUS_I006D,33,,a4:9b:cd:3c:96:8a,5540,5GHz,-87,802.11ax,NOT_FOUND,NOT_FOUND,3022,3-5s,NONE,0,
336647,8aaf348b-e91a-4daf-a89b-51b44959e96b,after,2026-09-18 10:27:20,ASUS_I006D,33,9C74037C4FDB-5G,9c:74:03:7c:4f:d9,5320,5GHz,-88,802.11ax,NOT_FOUND,NOT_FOUND,3013,3-5s,NONE,0,
336648,8aaf348b-e91a-4daf-a89b-51b44959e96b,after,2026-09-18 10:27:20,ASUS_I006D,33,stoks,a4:9b:cd:3c:96:8d,5540,5GHz,-88,802.11ax,NOT_FOUND,NOT_FOUND,3016,3-5s,NONE,0,
336649,8aaf348b-e91a-4daf-a89b-51b44959e96b,after,2026-09-18 10:27:20,ASUS_I006D,33,CPS01-ESEAC2,b4:62:2e:be:63:c7,5200,5GHz,-88,802.11ax,TIMEOUT_AT_ASSOCIATING,TIMEOUT_AT_<STATE>,3017,3-5s,ASSOCIATING_ONLY,3,INTERFACE_DISABLED>DISCONNECTED>ASSOCIATING
336650,8aaf348b-e91a-4daf-a89b-51b44959e96b,after,2026-09-18 10:27:20,ASUS_I006D,33,,a4:9b:cd:3c:96:89,5540,5GHz,-88,802.11ax,NOT_FOUND,NOT_FOUND,3014,3-5s,NONE,0,
336651,8aaf348b-e91a-4daf-a89b-51b44959e96b,after,2026-09-18 10:27:20,ASUS_I006D,33,JR-EAST_FREE_Wi-Fi,5c:e1:76:0b:30:af,5680,5GHz,-89,802.11ac,TIMEOUT_AT_ASSOCIATING,TIMEOUT_AT_<STATE>,3009,3-5s,ASSOCIATING_ONLY,4,DISCONNECTED>INTERFACE_DISABLED>DISCONNECTED>ASSOCIATING
336652,8aaf348b-e91a-4daf-a89b-51b44959e96b,after,2026-09-18 10:27:20,ASUS_I006D,33,0000softbank,90:32:4b:f4:a4:01,5660,5GHz,-89,802.11ax,TIMEOUT_AT_ASSOCIATING,TIMEOUT_AT_<STATE>,3027,3-5s,ASSOCIATING_ONLY,3,INTERFACE_DISABLED>DISCONNECTED>ASSOCIATING
336653,8aaf348b-e91a-4daf-a89b-51b44959e96b,after,2026-09-18 10:27:20,ASUS_I006D,33,dataspt,a4:9b:cd:3c:96:8c,5540,5GHz,-89,802.11ax,NOT_FOUND,NOT_FOUND,3018,3-5s,NONE,0,
336654,8aaf348b-e91a-4daf-a89b-51b44959e96b,after,2026-09-18 10:27:20,ASUS_I006D,33,,a4:9b:cd:3c:96:8b,5540,5GHz,-89,802.11ax,NOT_FOUND,NOT_FOUND,3018,3-5s,NONE,0,
336655,8aaf348b-e91a-4daf-a89b-51b44959e96b,after,2026-09-18 10:27:20,ASUS_I006D,33,,c4:3c:ea:20:72:e4,5580,5GHz,-90,802.11ac,NOT_FOUND,NOT_FOUND,3019,3-5s,NONE,0,
336656,8aaf348b-e91a-4daf-a89b-51b44959e96b,after,2026-09-18 10:27:20,ASUS_I006D,33,Wi2premium,c4:10:8a:1f:79:8c,5580,5GHz,-90,802.11n,TIMEOUT_AT_COMPLETED,TIMEOUT_AT_<STATE>,978,0-2s,COMPLETED,5,INTERFACE_DISABLED>DISCONNECTED>ASSOCIATING>ASSOCIATED>COMPLETED
336839,2a16e915-7f5a-4289-af13-105fba66b75d,after,2026-09-18 10:30:05,motorola edge 40 neo,34,Galaxy A25 5G B5DB,c2:1c:ec:15:de:8c,2437,2.4GHz,-57,802.11n,TIMEOUT_AT_FOUR_WAY_HANDSHAKE,TIMEOUT_AT_<STATE>,3006,3-5s,ASSOCIATED_ONLY,3,ASSOCIATING>ASSOCIATED>FOUR_WAY_HANDSHAKE
336840,2a16e915-7f5a-4289-af13-105fba66b75d,after,2026-09-18 10:30:05,motorola edge 40 neo,34,JR-EAST_FREE_Wi-Fi,bc:c3:42:b3:ee:aa,2437,2.4GHz,-63,802.11n,NOT_FOUND,NOT_FOUND,3013,3-5s,NONE,0,
336841,2a16e915-7f5a-4289-af13-105fba66b75d,after,2026-09-18 10:30:05,motorola edge 40 neo,34,JingJing,aa:4d:b3:6a:bd:c3,2437,2.4GHz,-64,802.11n,NOT_FOUND,NOT_FOUND,3008,3-5s,NONE,0,
336842,2a16e915-7f5a-4289-af13-105fba66b75d,after,2026-09-18 10:30:05,motorola edge 40 neo,34,GlocalMe_2.4GHz_12UAAX,30:89:d3:4a:aa:74,2412,2.4GHz,-65,802.11ax,NOT_FOUND,NOT_FOUND,3015,3-5s,NONE,0,
336843,2a16e915-7f5a-4289-af13-105fba66b75d,after,2026-09-18 10:30:05,motorola edge 40 neo,34,iPhone,4a:8a:0f:d5:d1:81,2437,2.4GHz,-68,802.11ax,TIMEOUT_AT_ASSOCIATING,TIMEOUT_AT_<STATE>,3008,3-5s,ASSOCIATING_ONLY,3,INTERFACE_DISABLED>DISCONNECTED>ASSOCIATING
336844,2a16e915-7f5a-4289-af13-105fba66b75d,after,2026-09-18 10:30:05,motorola edge 40 neo,34,ataoka02500916,5c:f5:3a:3d:1f:92,2437,2.4GHz,-68,802.11ax,NOT_FOUND,NOT_FOUND,3009,3-5s,NONE,0,
336845,2a16e915-7f5a-4289-af13-105fba66b75d,after,2026-09-18 10:30:05,motorola edge 40 neo,34,GlobalWiFi_66RAF1,30:89:d3:47:93:03,2422,2.4GHz,-69,802.11n,TIMEOUT_AT_FOUR_WAY_HANDSHAKE,TIMEOUT_AT_<STATE>,3007,3-5s,ASSOCIATED_ONLY,5,INTERFACE_DISABLED>DISCONNECTED>ASSOCIATING>ASSOCIATED>FOUR_WAY_HANDSHAKE
336846,2a16e915-7f5a-4289-af13-105fba66b75d,after,2026-09-18 10:30:05,motorola edge 40 neo,34,Wi2,d4:68:4d:02:69:9c,5500,5GHz,-69,802.11n,TIMEOUT_AT_COMPLETED,TIMEOUT_AT_<STATE>,395,0-2s,COMPLETED,4,DISCONNECTED>ASSOCIATING>ASSOCIATED>COMPLETED
336847,2a16e915-7f5a-4289-af13-105fba66b75d,after,2026-09-18 10:30:05,motorola edge 40 neo,34,SPW_X12_6ae9b9,34:38:39:08:8d:3d,2462,2.4GHz,-69,802.11ax,NOT_FOUND,NOT_FOUND,3007,3-5s,NONE,0,
336848,2a16e915-7f5a-4289-af13-105fba66b75d,after,2026-09-18 10:30:05,motorola edge 40 neo,34,Wi2eap,d4:68:4d:82:69:9c,5500,5GHz,-70,802.11n,NOT_FOUND,NOT_FOUND,3012,3-5s,NONE,0,
336849,2a16e915-7f5a-4289-af13-105fba66b75d,after,2026-09-18 10:30:05,motorola edge 40 neo,34,SENDAI_free_Wi-Fi,d4:68:4d:02:69:9d,5500,5GHz,-70,802.11n,TIMEOUT_AT_COMPLETED,TIMEOUT_AT_<STATE>,269,0-2s,COMPLETED,5,INTERFACE_DISABLED>DISCONNECTED>ASSOCIATING>ASSOCIATED>COMPLETED
336850,2a16e915-7f5a-4289-af13-105fba66b75d,after,2026-09-18 10:30:05,motorola edge 40 neo,34,TOHOKU_United_Free_Wi-Fi,d4:68:4d:c2:69:9c,5500,5GHz,-70,802.11n,TIMEOUT_AT_COMPLETED,TIMEOUT_AT_<STATE>,277,0-2s,COMPLETED,5,INTERFACE_DISABLED>DISCONNECTED>ASSOCIATING>ASSOCIATED>COMPLETED
336851,2a16e915-7f5a-4289-af13-105fba66b75d,after,2026-09-18 10:30:05,motorola edge 40 neo,34,SPWN_H37_FB5737,f4:a5:9d:fb:57:37,2442,2.4GHz,-71,802.11n,NOT_FOUND,NOT_FOUND,3011,3-5s,NONE,0,
336852,2a16e915-7f5a-4289-af13-105fba66b75d,after,2026-09-18 10:30:05,motorola edge 40 neo,34,Wi2_club,d4:68:4d:42:69:9c,5500,5GHz,-71,802.11n,TIMEOUT_AT_FOUR_WAY_HANDSHAKE,TIMEOUT_AT_<STATE>,3013,3-5s,ASSOCIATED_ONLY,5,INTERFACE_DISABLED>DISCONNECTED>ASSOCIATING>ASSOCIATED>FOUR_WAY_HANDSHAKE
336853,2a16e915-7f5a-4289-af13-105fba66b75d,after,2026-09-18 10:30:05,motorola edge 40 neo,34,GlobalWiFi_66VCID,30:89:d3:48:ca:45,2437,2.4GHz,-72,802.11n,NOT_FOUND,NOT_FOUND,3010,3-5s,NONE,0,
336854,2a16e915-7f5a-4289-af13-105fba66b75d,after,2026-09-18 10:30:05,motorola edge 40 neo,34,Wi2eap,d4:68:4d:80:29:bc,5500,5GHz,-75,802.11n,NOT_FOUND,NOT_FOUND,3015,3-5s,NONE,0,
336855,2a16e915-7f5a-4289-af13-105fba66b75d,after,2026-09-18 10:30:05,motorola edge 40 neo,34,Wi2,d4:68:4d:00:29:bc,5500,5GHz,-75,802.11n,TIMEOUT_AT_ASSOCIATING,TIMEOUT_AT_<STATE>,3009,3-5s,ASSOCIATING_ONLY,15,INTERFACE_DISABLED>DISCONNECTED>ASSOCIATING>DISCONNECTED>INTERFACE_DISABLED>DISCONNECTED>INTERFACE_DISABLED>DISCONNECTED>ASSOCIATING>DISCONNECTED>INTERFACE_DISABLED>DISCONNECTED>INTERFACE_DISABLED>DISCONNECTED>ASSOCIATING
336856,2a16e915-7f5a-4289-af13-105fba66b75d,after,2026-09-18 10:30:05,motorola edge 40 neo,34,SENDAI_free_Wi-Fi,d4:68:4d:00:29:bd,5500,5GHz,-75,802.11n,TIMEOUT_AT_COMPLETED,TIMEOUT_AT_<STATE>,1712,0-2s,COMPLETED,5,INTERFACE_DISABLED>DISCONNECTED>ASSOCIATING>ASSOCIATED>COMPLETED
336857,2a16e915-7f5a-4289-af13-105fba66b75d,after,2026-09-18 10:30:05,motorola edge 40 neo,34,Wi2_club,d4:68:4d:40:29:bc,5500,5GHz,-75,802.11n,TIMEOUT_AT_FOUR_WAY_HANDSHAKE,TIMEOUT_AT_<STATE>,3017,3-5s,ASSOCIATED_ONLY,5,INTERFACE_DISABLED>DISCONNECTED>ASSOCIATING>ASSOCIATED>FOUR_WAY_HANDSHAKE
336858,2a16e915-7f5a-4289-af13-105fba66b75d,after,2026-09-18 10:30:05,motorola edge 40 neo,34,TOHOKU_United_Free_Wi-Fi,d4:68:4d:c0:29:bc,5500,5GHz,-75,802.11n,TIMEOUT_AT_COMPLETED,TIMEOUT_AT_<STATE>,476,0-2s,COMPLETED,5,INTERFACE_DISABLED>DISCONNECTED>ASSOCIATING>ASSOCIATED>COMPLETED
336859,2a16e915-7f5a-4289-af13-105fba66b75d,after,2026-09-18 10:30:05,motorola edge 40 neo,34,.FREE_Wi-Fi_PASSPORT,32:09:b4:71:22:08,5520,5GHz,-81,802.11ac,TIMEOUT_AT_COMPLETED,TIMEOUT_AT_<STATE>,427,0-2s,COMPLETED,5,INTERFACE_DISABLED>DISCONNECTED>ASSOCIATING>ASSOCIATED>COMPLETED
336860,2a16e915-7f5a-4289-af13-105fba66b75d,after,2026-09-18 10:30:05,motorola edge 40 neo,34,LinkWiFi_AGP,00:09:b4:71:22:08,5520,5GHz,-81,802.11ac,NOT_FOUND,NOT_FOUND,3011,3-5s,NONE,0,
336861,2a16e915-7f5a-4289-af13-105fba66b75d,after,2026-09-18 10:30:05,motorola edge 40 neo,34,Buffalo-5G-AE10,ec:5a:31:25:ae:20,5200,5GHz,-82,802.11ac,TIMEOUT_AT_FOUR_WAY_HANDSHAKE,TIMEOUT_AT_<STATE>,3014,3-5s,ASSOCIATED_ONLY,5,INTERFACE_DISABLED>DISCONNECTED>ASSOCIATING>ASSOCIATED>FOUR_WAY_HANDSHAKE
336862,2a16e915-7f5a-4289-af13-105fba66b75d,after,2026-09-18 10:30:05,motorola edge 40 neo,34,Buffalo-5G-AE10-WPA3,ec:5a:31:25:ae:21,5200,5GHz,-82,802.11ac,FAILED_AT_DISCONNECTED,FAILED_AT_<STATE>,801,0-2s,ASSOCIATING_ONLY,4,INTERFACE_DISABLED>DISCONNECTED>ASSOCIATING>DISCONNECTED
336863,2a16e915-7f5a-4289-af13-105fba66b75d,after,2026-09-18 10:30:05,motorola edge 40 neo,34,JR-EAST_FREE_Wi-Fi,bc:c3:42:b3:ee:b1,5180,5GHz,-85,802.11ac,TIMEOUT_AT_COMPLETED,TIMEOUT_AT_<STATE>,1269,0-2s,COMPLETED,5,INTERFACE_DISABLED>DISCONNECTED>ASSOCIATING>ASSOCIATED>COMPLETED
336864,2a16e915-7f5a-4289-af13-105fba66b75d,after,2026-09-18 10:30:05,motorola edge 40 neo,34,SPWH_L13_05B69A_5G,54:1f:8d:07:b6:9a,5200,5GHz,-86,802.11ax,TIMEOUT_AT_ASSOCIATING,TIMEOUT_AT_<STATE>,3008,3-5s,ASSOCIATING_ONLY,3,INTERFACE_DISABLED>DISCONNECTED>ASSOCIATING
336865,2a16e915-7f5a-4289-af13-105fba66b75d,after,2026-09-18 10:30:05,motorola edge 40 neo,34,ataoka02500916,5c:f5:3a:3d:1f:91,5240,5GHz,-86,802.11ax,NOT_FOUND,NOT_FOUND,3008,3-5s,NONE,0,
336866,2a16e915-7f5a-4289-af13-105fba66b75d,after,2026-09-18 10:30:05,motorola edge 40 neo,34,ZXY-SENDAI,ac:44:f2:b1:1f:50,5600,5GHz,-89,802.11ac,TIMEOUT_AT_INTERFACE_DISABLED,TIMEOUT_AT_<STATE>,746,0-2s,ASSOCIATING_ONLY,21,DISCONNECTED>ASSOCIATING>DISCONNECTED>INTERFACE_DISABLED>DISCONNECTED>INTERFACE_DISABLED>DISCONNECTED>ASSOCIATING>DISCONNECTED>INTERFACE_DISABLED>DISCONNECTED>INTERFACE_DISABLED>DISCONNECTED>ASSOCIATING>DISCONNECTED>INTERFACE_DISABLED>DISCONNECTED>DISCONNECTED>ASSOCIATING>DISCONNECTED>INTERFACE_DISABLED
336867,2a16e915-7f5a-4289-af13-105fba66b75d,after,2026-09-18 10:30:05,motorola edge 40 neo,34,Wi2premium_club,c4:10:8a:5f:79:8c,5580,5GHz,-90,802.11n,NOT_FOUND,NOT_FOUND,3007,3-5s,NONE,0,
336868,2a16e915-7f5a-4289-af13-105fba66b75d,after,2026-09-18 10:30:05,motorola edge 40 neo,34,TP-DATA,88:57:ee:6f:16:51,5240,5GHz,-91,802.11ac,NOT_FOUND,NOT_FOUND,3016,3-5s,NONE,0,
336869,2a16e915-7f5a-4289-af13-105fba66b75d,after,2026-09-18 10:30:05,motorola edge 40 neo,34,AP-DATA,88:57:ee:6f:16:50,5240,5GHz,-91,802.11ac,TIMEOUT_AT_ASSOCIATED,TIMEOUT_AT_<STATE>,3007,3-5s,ASSOCIATED_ONLY,4,INTERFACE_DISABLED>DISCONNECTED>ASSOCIATING>ASSOCIATED
336870,2a16e915-7f5a-4289-af13-105fba66b75d,after,2026-09-18 10:30:05,motorola edge 40 neo,34,touchnet,18:c2:bf:ff:2a:18,5200,5GHz,-91,802.11ac,NOT_FOUND,NOT_FOUND,3011,3-5s,NONE,0,
336871,2a16e915-7f5a-4289-af13-105fba66b75d,after,2026-09-18 10:30:05,motorola edge 40 neo,34,sanzen-wifi,00:e5:f1:9b:18:4c,5180,5GHz,-91,802.11ac,NOT_FOUND,NOT_FOUND,3013,3-5s,NONE,0,
336872,2a16e915-7f5a-4289-af13-105fba66b75d,after,2026-09-18 10:30:05,motorola edge 40 neo,34,Buffalo-A-1A88,00:e5:f1:9b:1a:8c,5200,5GHz,-91,802.11ac,TIMEOUT_AT_FOUR_WAY_HANDSHAKE,TIMEOUT_AT_<STATE>,3008,3-5s,ASSOCIATED_ONLY,5,INTERFACE_DISABLED>DISCONNECTED>ASSOCIATING>ASSOCIATED>FOUR_WAY_HANDSHAKE
336873,2a16e915-7f5a-4289-af13-105fba66b75d,after,2026-09-18 10:30:05,motorola edge 40 neo,34,stoks,a4:9b:cd:3c:96:8d,5540,5GHz,-92,802.11ax,NOT_FOUND,NOT_FOUND,3011,3-5s,NONE,0,
336874,2a16e915-7f5a-4289-af13-105fba66b75d,after,2026-09-18 10:30:05,motorola edge 40 neo,34,dataspt,a4:9b:cd:3c:96:8c,5540,5GHz,-92,802.11ax,NOT_FOUND,NOT_FOUND,3009,3-5s,NONE,0,
336875,2a16e915-7f5a-4289-af13-105fba66b75d,after,2026-09-18 10:30:05,motorola edge 40 neo,34,,a4:9b:cd:3c:96:8b,5540,5GHz,-92,802.11ax,NOT_FOUND,NOT_FOUND,3012,3-5s,NONE,0,
336876,2a16e915-7f5a-4289-af13-105fba66b75d,after,2026-09-18 10:30:05,motorola edge 40 neo,34,JR-EAST_FREE_Wi-Fi,5c:e1:76:0b:61:cf,5280,5GHz,-92,802.11ac,TIMEOUT_AT_COMPLETED,TIMEOUT_AT_<STATE>,2120,0-2s,COMPLETED,5,INTERFACE_DISABLED>DISCONNECTED>ASSOCIATING>ASSOCIATED>COMPLETED
336877,2a16e915-7f5a-4289-af13-105fba66b75d,after,2026-09-18 10:30:05,motorola edge 40 neo,34,,a4:9b:cd:3c:96:8a,5540,5GHz,-93,802.11ax,NOT_FOUND,NOT_FOUND,3010,3-5s,NONE,0,
336878,2a16e915-7f5a-4289-af13-105fba66b75d,after,2026-09-18 10:30:05,motorola edge 40 neo,34,,a4:9b:cd:3c:96:89,5540,5GHz,-93,802.11ax,NOT_FOUND,NOT_FOUND,3008,3-5s,NONE,0,
336657,baab1b95-19bf-47c0-b308-204ad0434f43,after,2026-09-18 10:30:39,ASUS_I006D,33,TOHOKU_United_Free_Wi-Fi,d4:68:4d:82:69:98,2412,2.4GHz,-35,802.11n,TIMEOUT_AT_COMPLETED,TIMEOUT_AT_<STATE>,1121,0-2s,COMPLETED,5,INTERFACE_DISABLED>DISCONNECTED>ASSOCIATING>ASSOCIATED>COMPLETED
336658,baab1b95-19bf-47c0-b308-204ad0434f43,after,2026-09-18 10:30:39,ASUS_I006D,33,iPhone,4a:8a:0f:d5:d1:81,2437,2.4GHz,-36,802.11ax,FAILED_AT_DISCONNECTED,FAILED_AT_<STATE>,3008,3-5s,NONE,2,INTERFACE_DISABLED>DISCONNECTED
336659,baab1b95-19bf-47c0-b308-204ad0434f43,after,2026-09-18 10:30:39,ASUS_I006D,33,9C74037C4FDB-2G,9c:74:03:7c:4f:d8,2412,2.4GHz,-43,802.11ax,NOT_FOUND,NOT_FOUND,3018,3-5s,NONE,0,
336660,baab1b95-19bf-47c0-b308-204ad0434f43,after,2026-09-18 10:30:39,ASUS_I006D,33,Wi2eap,d4:68:4d:82:69:9c,5500,5GHz,-62,802.11n,NOT_FOUND,NOT_FOUND,3017,3-5s,NONE,0,
336661,baab1b95-19bf-47c0-b308-204ad0434f43,after,2026-09-18 10:30:39,ASUS_I006D,33,Wi2,d4:68:4d:02:69:9c,5500,5GHz,-62,802.11n,TIMEOUT_AT_COMPLETED,TIMEOUT_AT_<STATE>,1080,0-2s,COMPLETED,5,INTERFACE_DISABLED>DISCONNECTED>ASSOCIATING>ASSOCIATED>COMPLETED
336662,baab1b95-19bf-47c0-b308-204ad0434f43,after,2026-09-18 10:30:39,ASUS_I006D,33,Wi2_club,d4:68:4d:42:69:9c,5500,5GHz,-62,802.11n,FAILED_AT_SCANNING,FAILED_AT_<STATE>,3013,3-5s,ASSOCIATING_ONLY,7,INTERFACE_DISABLED>DISCONNECTED>ASSOCIATING>DISCONNECTED>INTERFACE_DISABLED>DISCONNECTED>SCANNING
336663,baab1b95-19bf-47c0-b308-204ad0434f43,after,2026-09-18 10:30:39,ASUS_I006D,33,SENDAI_free_Wi-Fi,d4:68:4d:02:69:9d,5500,5GHz,-63,802.11n,TIMEOUT_AT_COMPLETED,TIMEOUT_AT_<STATE>,1367,0-2s,COMPLETED,4,DISCONNECTED>ASSOCIATING>ASSOCIATED>COMPLETED
336664,baab1b95-19bf-47c0-b308-204ad0434f43,after,2026-09-18 10:30:39,ASUS_I006D,33,TOHOKU_United_Free_Wi-Fi,d4:68:4d:c2:69:9c,5500,5GHz,-63,802.11n,TIMEOUT_AT_COMPLETED,TIMEOUT_AT_<STATE>,1347,0-2s,COMPLETED,5,INTERFACE_DISABLED>DISCONNECTED>ASSOCIATING>ASSOCIATED>COMPLETED
336665,baab1b95-19bf-47c0-b308-204ad0434f43,after,2026-09-18 10:30:39,ASUS_I006D,33,SENDAI_free_Wi-Fi,d4:68:4d:c2:69:98,2412,2.4GHz,-67,802.11n,FAILED_AT_SCANNING,FAILED_AT_<STATE>,3013,3-5s,ASSOCIATING_ONLY,7,INTERFACE_DISABLED>DISCONNECTED>ASSOCIATING>DISCONNECTED>INTERFACE_DISABLED>DISCONNECTED>SCANNING
336666,baab1b95-19bf-47c0-b308-204ad0434f43,after,2026-09-18 10:30:39,ASUS_I006D,33,TOHOKU_United_Free_Wi-Fi,d4:68:4d:c0:29:bc,5500,5GHz,-70,802.11n,FAILED_AT_SCANNING,FAILED_AT_<STATE>,3025,3-5s,ASSOCIATING_ONLY,9,INTERFACE_DISABLED>DISCONNECTED>ASSOCIATING>DISCONNECTED>INTERFACE_DISABLED>DISCONNECTED>INTERFACE_DISABLED>DISCONNECTED>SCANNING
336667,baab1b95-19bf-47c0-b308-204ad0434f43,after,2026-09-18 10:30:39,ASUS_I006D,33,Wi2_club,d4:68:4d:42:69:98,2412,2.4GHz,-70,802.11n,TIMEOUT_AT_FOUR_WAY_HANDSHAKE,TIMEOUT_AT_<STATE>,3033,3-5s,ASSOCIATED_ONLY,3,ASSOCIATING>ASSOCIATED>FOUR_WAY_HANDSHAKE
336668,baab1b95-19bf-47c0-b308-204ad0434f43,after,2026-09-18 10:30:39,ASUS_I006D,33,Wi2,d4:68:4d:02:69:98,2412,2.4GHz,-70,802.11n,TIMEOUT_AT_COMPLETED,TIMEOUT_AT_<STATE>,1340,0-2s,COMPLETED,5,INTERFACE_DISABLED>DISCONNECTED>ASSOCIATING>ASSOCIATED>COMPLETED
336669,baab1b95-19bf-47c0-b308-204ad0434f43,after,2026-09-18 10:30:39,ASUS_I006D,33,Wi2eap,d4:68:4d:80:29:bc,5500,5GHz,-70,802.11n,FAILED_AT_DISCONNECTED,FAILED_AT_<STATE>,3018,3-5s,NONE,3,DISCONNECTED>INTERFACE_DISABLED>DISCONNECTED
336670,baab1b95-19bf-47c0-b308-204ad0434f43,after,2026-09-18 10:30:39,ASUS_I006D,33,Wi2_club,d4:68:4d:40:29:bc,5500,5GHz,-70,802.11n,FAILED_AT_SCANNING,FAILED_AT_<STATE>,3023,3-5s,ASSOCIATING_ONLY,7,INTERFACE_DISABLED>DISCONNECTED>ASSOCIATING>DISCONNECTED>INTERFACE_DISABLED>DISCONNECTED>SCANNING
336671,baab1b95-19bf-47c0-b308-204ad0434f43,after,2026-09-18 10:30:39,ASUS_I006D,33,夏 帆,f2:a6:d5:85:a5:26,2437,2.4GHz,-71,802.11ax,NOT_FOUND,NOT_FOUND,3018,3-5s,NONE,0,
336672,baab1b95-19bf-47c0-b308-204ad0434f43,after,2026-09-18 10:30:39,ASUS_I006D,33,SENDAI_free_Wi-Fi,d4:68:4d:00:29:bd,5500,5GHz,-71,802.11n,FAILED_AT_SCANNING,FAILED_AT_<STATE>,3022,3-5s,ASSOCIATING_ONLY,7,INTERFACE_DISABLED>DISCONNECTED>ASSOCIATING>DISCONNECTED>INTERFACE_DISABLED>DISCONNECTED>SCANNING
336673,baab1b95-19bf-47c0-b308-204ad0434f43,after,2026-09-18 10:30:39,ASUS_I006D,33,SWS1day,22:09:b4:71:22:08,5520,5GHz,-73,802.11ac,TIMEOUT_AT_COMPLETED,TIMEOUT_AT_<STATE>,1227,0-2s,COMPLETED,3,ASSOCIATING>ASSOCIATED>COMPLETED
336674,baab1b95-19bf-47c0-b308-204ad0434f43,after,2026-09-18 10:30:39,ASUS_I006D,33,.FREE_Wi-Fi_PASSPORT,32:09:b4:71:22:08,5520,5GHz,-73,802.11ac,TIMEOUT_AT_COMPLETED,TIMEOUT_AT_<STATE>,1283,0-2s,COMPLETED,5,INTERFACE_DISABLED>DISCONNECTED>ASSOCIATING>ASSOCIATED>COMPLETED
336675,baab1b95-19bf-47c0-b308-204ad0434f43,after,2026-09-18 10:30:39,ASUS_I006D,33,HMSUOF,f4:d5:80:4f:a6:10,5500,5GHz,-75,802.11ax,TIMEOUT_AT_ASSOCIATING,TIMEOUT_AT_<STATE>,3021,3-5s,ASSOCIATING_ONLY,3,INTERFACE_DISABLED>DISCONNECTED>ASSOCIATING
336676,baab1b95-19bf-47c0-b308-204ad0434f43,after,2026-09-18 10:30:39,ASUS_I006D,33,ataoka02500916,5c:f5:3a:3d:1f:91,5240,5GHz,-76,802.11ax,FAILED_AT_DISCONNECTED,FAILED_AT_<STATE>,3013,3-5s,NONE,3,DISCONNECTED>INTERFACE_DISABLED>DISCONNECTED
336677,baab1b95-19bf-47c0-b308-204ad0434f43,after,2026-09-18 10:30:39,ASUS_I006D,33,JR-EAST_FREE_Wi-Fi,bc:c3:42:b3:ee:ab,5180,5GHz,-77,802.11ac,NOT_FOUND,NOT_FOUND,3011,3-5s,NONE,0,
336678,baab1b95-19bf-47c0-b308-204ad0434f43,after,2026-09-18 10:30:39,ASUS_I006D,33,sanzen-wifi,00:e5:f1:9b:18:4c,5180,5GHz,-78,802.11ac,TIMEOUT_AT_FOUR_WAY_HANDSHAKE,TIMEOUT_AT_<STATE>,3017,3-5s,ASSOCIATED_ONLY,5,INTERFACE_DISABLED>DISCONNECTED>ASSOCIATING>ASSOCIATED>FOUR_WAY_HANDSHAKE
336679,baab1b95-19bf-47c0-b308-204ad0434f43,after,2026-09-18 10:30:39,ASUS_I006D,33,JR-EAST_FREE_Wi-Fi,bc:c3:42:b3:ee:b1,5180,5GHz,-79,802.11ac,NOT_FOUND,NOT_FOUND,3014,3-5s,NONE,0,
336680,baab1b95-19bf-47c0-b308-204ad0434f43,after,2026-09-18 10:30:39,ASUS_I006D,33,Buffalo-5G-AE10-WPA3,ec:5a:31:25:ae:21,5200,5GHz,-79,802.11ac,TIMEOUT_AT_ASSOCIATING,TIMEOUT_AT_<STATE>,3011,3-5s,ASSOCIATING_ONLY,3,INTERFACE_DISABLED>DISCONNECTED>ASSOCIATING
336681,baab1b95-19bf-47c0-b308-204ad0434f43,after,2026-09-18 10:30:39,ASUS_I006D,33,Buffalo-5G-AE10,ec:5a:31:25:ae:20,5200,5GHz,-80,802.11ac,TIMEOUT_AT_FOUR_WAY_HANDSHAKE,TIMEOUT_AT_<STATE>,3022,3-5s,ASSOCIATED_ONLY,5,INTERFACE_DISABLED>DISCONNECTED>ASSOCIATING>ASSOCIATED>FOUR_WAY_HANDSHAKE
336682,baab1b95-19bf-47c0-b308-204ad0434f43,after,2026-09-18 10:30:39,ASUS_I006D,33,ZXY-SENDAI,ac:44:f2:b1:1f:50,5600,5GHz,-83,802.11ac,NOT_FOUND,NOT_FOUND,3018,3-5s,NONE,0,
336683,baab1b95-19bf-47c0-b308-204ad0434f43,after,2026-09-18 10:30:39,ASUS_I006D,33,Buffalo-A-1A88,00:e5:f1:9b:1a:8c,5200,5GHz,-83,802.11ac,NOT_FOUND,NOT_FOUND,3024,3-5s,NONE,0,
336684,baab1b95-19bf-47c0-b308-204ad0434f43,after,2026-09-18 10:30:39,ASUS_I006D,33,JR-EAST_FREE_Wi-Fi,bc:c3:42:b3:ee:81,5180,5GHz,-83,802.11ac,TIMEOUT_AT_COMPLETED,TIMEOUT_AT_<STATE>,1795,0-2s,COMPLETED,5,INTERFACE_DISABLED>DISCONNECTED>ASSOCIATING>ASSOCIATED>COMPLETED
336685,baab1b95-19bf-47c0-b308-204ad0434f43,after,2026-09-18 10:30:39,ASUS_I006D,33,CPS01-ESEAC2,b4:62:2e:be:63:c7,5200,5GHz,-84,802.11ax,TIMEOUT_AT_ASSOCIATING,TIMEOUT_AT_<STATE>,3010,3-5s,ASSOCIATING_ONLY,3,INTERFACE_DISABLED>DISCONNECTED>ASSOCIATING
336686,baab1b95-19bf-47c0-b308-204ad0434f43,after,2026-09-18 10:30:39,ASUS_I006D,33,,a4:9b:cd:3c:96:89,5540,5GHz,-85,802.11ax,NOT_FOUND,NOT_FOUND,3012,3-5s,NONE,0,
336687,baab1b95-19bf-47c0-b308-204ad0434f43,after,2026-09-18 10:30:39,ASUS_I006D,33,JR-EAST_FREE_Wi-Fi,5c:e1:76:0b:44:cf,5320,5GHz,-86,802.11ac,NOT_FOUND,NOT_FOUND,3017,3-5s,NONE,0,
336688,baab1b95-19bf-47c0-b308-204ad0434f43,after,2026-09-18 10:30:39,ASUS_I006D,33,AP-DATA,88:57:ee:6f:16:50,5240,5GHz,-86,802.11ac,NOT_FOUND,NOT_FOUND,3019,3-5s,NONE,0,
336689,baab1b95-19bf-47c0-b308-204ad0434f43,after,2026-09-18 10:30:39,ASUS_I006D,33,Wi2eap,c4:10:8a:9f:79:8c,5580,5GHz,-86,802.11n,NOT_FOUND,NOT_FOUND,3009,3-5s,NONE,0,
336690,baab1b95-19bf-47c0-b308-204ad0434f43,after,2026-09-18 10:30:39,ASUS_I006D,33,,a4:9b:cd:3c:96:8f,5540,5GHz,-86,802.11ax,NOT_FOUND,NOT_FOUND,3012,3-5s,NONE,0,
336691,baab1b95-19bf-47c0-b308-204ad0434f43,after,2026-09-18 10:30:39,ASUS_I006D,33,,a4:9b:cd:3c:96:8b,5540,5GHz,-86,802.11ax,NOT_FOUND,NOT_FOUND,3018,3-5s,NONE,0,
336692,baab1b95-19bf-47c0-b308-204ad0434f43,after,2026-09-18 10:30:39,ASUS_I006D,33,JR-EAST_FREE_Wi-Fi,5c:e1:76:0b:ee:af,5260,5GHz,-87,802.11ac,FAILED_AT_DISCONNECTED,FAILED_AT_<STATE>,3013,3-5s,ASSOCIATING_ONLY,4,INTERFACE_DISABLED>DISCONNECTED>ASSOCIATING>DISCONNECTED
336693,baab1b95-19bf-47c0-b308-204ad0434f43,after,2026-09-18 10:30:39,ASUS_I006D,33,,c4:3c:ea:20:72:e4,5580,5GHz,-87,802.11ac,FAILED_AT_DISCONNECTED,FAILED_AT_<STATE>,3023,3-5s,NONE,4,INTERFACE_DISABLED>DISCONNECTED>SCANNING>DISCONNECTED
336694,baab1b95-19bf-47c0-b308-204ad0434f43,after,2026-09-18 10:30:39,ASUS_I006D,33,JR-EAST_FREE_Wi-Fi,5c:e1:76:0b:61:cf,5280,5GHz,-87,802.11ac,TIMEOUT_AT_COMPLETED,TIMEOUT_AT_<STATE>,482,0-2s,COMPLETED,3,ASSOCIATING>ASSOCIATED>COMPLETED
336695,baab1b95-19bf-47c0-b308-204ad0434f43,after,2026-09-18 10:30:39,ASUS_I006D,33,TP-DATA,88:57:ee:6f:16:51,5240,5GHz,-87,802.11ac,NOT_FOUND,NOT_FOUND,3014,3-5s,NONE,0,
336696,baab1b95-19bf-47c0-b308-204ad0434f43,after,2026-09-18 10:30:39,ASUS_I006D,33,tullys_Wi-Fi,0a:92:5e:e3:db:b3,5260,5GHz,-87,802.11ax,FAILED_AT_SCANNING,FAILED_AT_<STATE>,3019,3-5s,ASSOCIATING_ONLY,7,INTERFACE_DISABLED>DISCONNECTED>ASSOCIATING>DISCONNECTED>INTERFACE_DISABLED>DISCONNECTED>SCANNING
336697,baab1b95-19bf-47c0-b308-204ad0434f43,after,2026-09-18 10:30:39,ASUS_I006D,33,Wi2premium,c4:10:8a:1f:79:8c,5580,5GHz,-87,802.11n,TIMEOUT_AT_COMPLETED,TIMEOUT_AT_<STATE>,1119,0-2s,COMPLETED,3,ASSOCIATING>ASSOCIATED>COMPLETED
336698,baab1b95-19bf-47c0-b308-204ad0434f43,after,2026-09-18 10:30:39,ASUS_I006D,33,metro_sendai1221,80:22:a7:e5:00:33,5220,5GHz,-87,802.11ac,NOT_FOUND,NOT_FOUND,3011,3-5s,NONE,0,
336699,baab1b95-19bf-47c0-b308-204ad0434f43,after,2026-09-18 10:30:39,ASUS_I006D,33,,a4:9b:cd:3c:96:8a,5540,5GHz,-87,802.11ax,NOT_FOUND,NOT_FOUND,3017,3-5s,NONE,0,
336700,baab1b95-19bf-47c0-b308-204ad0434f43,after,2026-09-18 10:30:39,ASUS_I006D,33,stoks,a4:9b:cd:3c:96:8d,5540,5GHz,-87,802.11ax,TIMEOUT_AT_FOUR_WAY_HANDSHAKE,TIMEOUT_AT_<STATE>,3016,3-5s,ASSOCIATED_ONLY,5,INTERFACE_DISABLED>DISCONNECTED>ASSOCIATING>ASSOCIATED>FOUR_WAY_HANDSHAKE
336701,baab1b95-19bf-47c0-b308-204ad0434f43,after,2026-09-18 10:30:39,ASUS_I006D,33,dataspt,a4:9b:cd:3c:96:8c,5540,5GHz,-87,802.11ax,NOT_FOUND,NOT_FOUND,3017,3-5s,NONE,0,
336702,baab1b95-19bf-47c0-b308-204ad0434f43,after,2026-09-18 10:30:39,ASUS_I006D,33,EUQNXKK5T45DS7,ac:44:f2:f0:6e:28,5660,5GHz,-89,802.11ax,NOT_FOUND,NOT_FOUND,3018,3-5s,NONE,0,
336703,baab1b95-19bf-47c0-b308-204ad0434f43,after,2026-09-18 10:30:39,ASUS_I006D,33,US750260524001,0a:92:5e:e3:db:b1,5260,5GHz,-89,802.11ax,NOT_FOUND,NOT_FOUND,3027,3-5s,NONE,0,
336704,baab1b95-19bf-47c0-b308-204ad0434f43,after,2026-09-18 10:30:39,ASUS_I006D,33,USPOT02_MESH_750260524_001,0a:92:5e:e3:db:b0,5260,5GHz,-89,802.11ax,FAILED_AT_SCANNING,FAILED_AT_<STATE>,3016,3-5s,ASSOCIATING_ONLY,7,INTERFACE_DISABLED>DISCONNECTED>ASSOCIATING>DISCONNECTED>INTERFACE_DISABLED>DISCONNECTED>SCANNING
336705,baab1b95-19bf-47c0-b308-204ad0434f43,after,2026-09-18 10:30:39,ASUS_I006D,33,Wi2premium_club,c4:10:8a:5f:79:8c,5580,5GHz,-89,802.11n,TIMEOUT_AT_FOUR_WAY_HANDSHAKE,TIMEOUT_AT_<STATE>,3014,3-5s,ASSOCIATED_ONLY,4,DISCONNECTED>ASSOCIATING>ASSOCIATED>FOUR_WAY_HANDSHAKE
336706,baab1b95-19bf-47c0-b308-204ad0434f43,after,2026-09-18 10:30:39,ASUS_I006D,33,Tesla,2e:3f:1b:e2:58:64,5240,5GHz,-90,802.11ax,TIMEOUT_AT_FOUR_WAY_HANDSHAKE,TIMEOUT_AT_<STATE>,3025,3-5s,ASSOCIATED_ONLY,5,INTERFACE_DISABLED>DISCONNECTED>ASSOCIATING>ASSOCIATED>FOUR_WAY_HANDSHAKE
336879,c39cc66f-2cdb-4bf1-b893-068d4ec22e7b,after,2026-09-18 10:34:58,motorola edge 40 neo,34,JR-EAST_FREE_Wi-Fi,bc:c3:42:b3:ee:ad,2437,2.4GHz,-62,802.11n,TIMEOUT_AT_COMPLETED,TIMEOUT_AT_<STATE>,1563,0-2s,COMPLETED,5,INTERFACE_DISABLED>DISCONNECTED>ASSOCIATING>ASSOCIATED>COMPLETED
336880,c39cc66f-2cdb-4bf1-b893-068d4ec22e7b,after,2026-09-18 10:34:58,motorola edge 40 neo,34,JR-EAST_FREE_Wi-Fi,bc:c3:42:b3:f0:7b,2437,2.4GHz,-64,802.11n,NOT_FOUND,NOT_FOUND,3009,3-5s,NONE,0,
336881,c39cc66f-2cdb-4bf1-b893-068d4ec22e7b,after,2026-09-18 10:34:58,motorola edge 40 neo,34,ENDO_GWF_cb91bc,30:ae:a4:cb:91:bd,2462,2.4GHz,-66,802.11a/b/g,TIMEOUT_AT_FOUR_WAY_HANDSHAKE,TIMEOUT_AT_<STATE>,3018,3-5s,ASSOCIATED_ONLY,5,INTERFACE_DISABLED>DISCONNECTED>ASSOCIATING>ASSOCIATED>FOUR_WAY_HANDSHAKE
336882,c39cc66f-2cdb-4bf1-b893-068d4ec22e7b,after,2026-09-18 10:34:58,motorola edge 40 neo,34,Galaxy A25 5G B5DB,c2:1c:ec:15:de:8c,2437,2.4GHz,-67,802.11n,NOT_FOUND,NOT_FOUND,3010,3-5s,NONE,0,
336883,c39cc66f-2cdb-4bf1-b893-068d4ec22e7b,after,2026-09-18 10:34:58,motorola edge 40 neo,34,Uro_6127324,ec:41:f9:b7:dc:b3,2452,2.4GHz,-68,802.11n,NOT_FOUND,NOT_FOUND,3008,3-5s,NONE,0,
336884,c39cc66f-2cdb-4bf1-b893-068d4ec22e7b,after,2026-09-18 10:34:58,motorola edge 40 neo,34,parzival (2),62:ce:91:a3:6e:95,2437,2.4GHz,-69,802.11ax,NOT_FOUND,NOT_FOUND,3016,3-5s,NONE,0,
336885,c39cc66f-2cdb-4bf1-b893-068d4ec22e7b,after,2026-09-18 10:34:58,motorola edge 40 neo,34,TOHOKU_United_Free_Wi-Fi,d4:68:4d:c0:29:bc,5500,5GHz,-70,802.11n,TIMEOUT_AT_COMPLETED,TIMEOUT_AT_<STATE>,451,0-2s,COMPLETED,4,DISCONNECTED>ASSOCIATING>ASSOCIATED>COMPLETED
336886,c39cc66f-2cdb-4bf1-b893-068d4ec22e7b,after,2026-09-18 10:34:58,motorola edge 40 neo,34,Wi2eap,d4:68:4d:80:29:bc,5500,5GHz,-70,802.11n,NOT_FOUND,NOT_FOUND,3014,3-5s,NONE,0,
336887,c39cc66f-2cdb-4bf1-b893-068d4ec22e7b,after,2026-09-18 10:34:58,motorola edge 40 neo,34,JR-EAST_FREE_Wi-Fi,bc:c3:42:b3:ee:b0,2437,2.4GHz,-70,802.11n,NOT_FOUND,NOT_FOUND,3006,3-5s,NONE,0,
336888,c39cc66f-2cdb-4bf1-b893-068d4ec22e7b,after,2026-09-18 10:34:58,motorola edge 40 neo,34,Wi2,d4:68:4d:00:29:bc,5500,5GHz,-70,802.11n,TIMEOUT_AT_COMPLETED,TIMEOUT_AT_<STATE>,1874,0-2s,COMPLETED,5,INTERFACE_DISABLED>DISCONNECTED>ASSOCIATING>ASSOCIATED>COMPLETED
336889,c39cc66f-2cdb-4bf1-b893-068d4ec22e7b,after,2026-09-18 10:34:58,motorola edge 40 neo,34,SENDAI_free_Wi-Fi,d4:68:4d:00:29:bd,5500,5GHz,-70,802.11n,TIMEOUT_AT_COMPLETED,TIMEOUT_AT_<STATE>,274,0-2s,COMPLETED,5,INTERFACE_DISABLED>DISCONNECTED>ASSOCIATING>ASSOCIATED>COMPLETED
336890,c39cc66f-2cdb-4bf1-b893-068d4ec22e7b,after,2026-09-18 10:34:58,motorola edge 40 neo,34,Wi2_club,d4:68:4d:40:29:bc,5500,5GHz,-70,802.11n,TIMEOUT_AT_FOUR_WAY_HANDSHAKE,TIMEOUT_AT_<STATE>,3013,3-5s,ASSOCIATED_ONLY,3,ASSOCIATING>ASSOCIATED>FOUR_WAY_HANDSHAKE
336891,c39cc66f-2cdb-4bf1-b893-068d4ec22e7b,after,2026-09-18 10:34:58,motorola edge 40 neo,34,JR-EAST_FREE_Wi-Fi,5c:e1:76:0b:62:6f,5700,5GHz,-70,802.11ac,TIMEOUT_AT_COMPLETED,TIMEOUT_AT_<STATE>,405,0-2s,COMPLETED,5,INTERFACE_DISABLED>DISCONNECTED>ASSOCIATING>ASSOCIATED>COMPLETED
336892,c39cc66f-2cdb-4bf1-b893-068d4ec22e7b,after,2026-09-18 10:34:58,motorola edge 40 neo,34,SENDAI_free_Wi-Fi,d4:68:4d:c0:29:b8,2412,2.4GHz,-71,802.11n,NOT_FOUND,NOT_FOUND,3010,3-5s,NONE,0,
336893,c39cc66f-2cdb-4bf1-b893-068d4ec22e7b,after,2026-09-18 10:34:58,motorola edge 40 neo,34,is-vendor,6c:59:76:49:52:70,2447,2.4GHz,-71,802.11n,NOT_FOUND,NOT_FOUND,3012,3-5s,NONE,0,
336894,c39cc66f-2cdb-4bf1-b893-068d4ec22e7b,after,2026-09-18 10:34:58,motorola edge 40 neo,34,Wi2,d4:68:4d:02:69:9c,5500,5GHz,-72,802.11n,TIMEOUT_AT_COMPLETED,TIMEOUT_AT_<STATE>,275,0-2s,COMPLETED,5,INTERFACE_DISABLED>DISCONNECTED>ASSOCIATING>ASSOCIATED>COMPLETED
336895,c39cc66f-2cdb-4bf1-b893-068d4ec22e7b,after,2026-09-18 10:34:58,motorola edge 40 neo,34,Wi2premium,c4:10:8a:1f:79:88,2437,2.4GHz,-72,802.11n,NOT_FOUND,NOT_FOUND,3007,3-5s,NONE,0,
336896,c39cc66f-2cdb-4bf1-b893-068d4ec22e7b,after,2026-09-18 10:34:58,motorola edge 40 neo,34,Wi2_club,d4:68:4d:42:69:9c,5500,5GHz,-72,802.11n,TIMEOUT_AT_FOUR_WAY_HANDSHAKE,TIMEOUT_AT_<STATE>,3014,3-5s,ASSOCIATED_ONLY,5,INTERFACE_DISABLED>DISCONNECTED>ASSOCIATING>ASSOCIATED>FOUR_WAY_HANDSHAKE
336897,c39cc66f-2cdb-4bf1-b893-068d4ec22e7b,after,2026-09-18 10:34:58,motorola edge 40 neo,34,AiR-WiFi_0P0U0M,30:89:d3:1d:27:8a,2437,2.4GHz,-73,802.11n,TIMEOUT_AT_FOUR_WAY_HANDSHAKE,TIMEOUT_AT_<STATE>,3008,3-5s,ASSOCIATED_ONLY,5,INTERFACE_DISABLED>DISCONNECTED>ASSOCIATING>ASSOCIATED>FOUR_WAY_HANDSHAKE
336898,c39cc66f-2cdb-4bf1-b893-068d4ec22e7b,after,2026-09-18 10:34:58,motorola edge 40 neo,34,TOHOKU_United_Free_Wi-Fi,d4:68:4d:c2:69:9c,5500,5GHz,-73,802.11n,TIMEOUT_AT_COMPLETED,TIMEOUT_AT_<STATE>,1897,0-2s,COMPLETED,5,INTERFACE_DISABLED>DISCONNECTED>ASSOCIATING>ASSOCIATED>COMPLETED
336899,c39cc66f-2cdb-4bf1-b893-068d4ec22e7b,after,2026-09-18 10:34:58,motorola edge 40 neo,34,0000softbank,02:09:b4:71:22:08,5520,5GHz,-74,802.11ac,TIMEOUT_AT_FOUR_WAY_HANDSHAKE,TIMEOUT_AT_<STATE>,3007,3-5s,ASSOCIATED_ONLY,5,INTERFACE_DISABLED>DISCONNECTED>ASSOCIATING>ASSOCIATED>FOUR_WAY_HANDSHAKE
336900,c39cc66f-2cdb-4bf1-b893-068d4ec22e7b,after,2026-09-18 10:34:58,motorola edge 40 neo,34,.FREE_Wi-Fi_PASSPORT,32:09:b4:71:22:08,5520,5GHz,-74,802.11ac,TIMEOUT_AT_COMPLETED,TIMEOUT_AT_<STATE>,309,0-2s,COMPLETED,5,INTERFACE_DISABLED>DISCONNECTED>ASSOCIATING>ASSOCIATED>COMPLETED
336901,c39cc66f-2cdb-4bf1-b893-068d4ec22e7b,after,2026-09-18 10:34:58,motorola edge 40 neo,34,0002softbank,12:09:b4:71:22:08,5520,5GHz,-74,802.11ac,NOT_FOUND,NOT_FOUND,3006,3-5s,NONE,0,
336902,c39cc66f-2cdb-4bf1-b893-068d4ec22e7b,after,2026-09-18 10:34:58,motorola edge 40 neo,34,LinkWiFi_AGP,00:09:b4:71:22:08,5520,5GHz,-74,802.11ac,TIMEOUT_AT_FOUR_WAY_HANDSHAKE,TIMEOUT_AT_<STATE>,3016,3-5s,ASSOCIATED_ONLY,5,INTERFACE_DISABLED>DISCONNECTED>ASSOCIATING>ASSOCIATED>FOUR_WAY_HANDSHAKE
336903,c39cc66f-2cdb-4bf1-b893-068d4ec22e7b,after,2026-09-18 10:34:58,motorola edge 40 neo,34,SWS1day,22:09:b4:71:22:08,5520,5GHz,-74,802.11ac,TIMEOUT_AT_COMPLETED,TIMEOUT_AT_<STATE>,2531,0-2s,COMPLETED,5,INTERFACE_DISABLED>DISCONNECTED>ASSOCIATING>ASSOCIATED>COMPLETED
336904,c39cc66f-2cdb-4bf1-b893-068d4ec22e7b,after,2026-09-18 10:34:58,motorola edge 40 neo,34,ZXY-SENDAI,ac:44:f2:b1:1f:98,5700,5GHz,-80,802.11ac,TIMEOUT_AT_FOUR_WAY_HANDSHAKE,TIMEOUT_AT_<STATE>,3013,3-5s,ASSOCIATED_ONLY,5,INTERFACE_DISABLED>DISCONNECTED>ASSOCIATING>ASSOCIATED>FOUR_WAY_HANDSHAKE
336905,c39cc66f-2cdb-4bf1-b893-068d4ec22e7b,after,2026-09-18 10:34:58,motorola edge 40 neo,34,@viv@-WL-a1,dc:fb:02:bc:33:d0,5200,5GHz,-81,802.11n,TIMEOUT_AT_FOUR_WAY_HANDSHAKE,TIMEOUT_AT_<STATE>,3010,3-5s,ASSOCIATED_ONLY,5,INTERFACE_DISABLED>DISCONNECTED>ASSOCIATING>ASSOCIATED>FOUR_WAY_HANDSHAKE
336906,c39cc66f-2cdb-4bf1-b893-068d4ec22e7b,after,2026-09-18 10:34:58,motorola edge 40 neo,34,ZXY-SENDAI,ac:44:f2:b1:1f:50,5600,5GHz,-83,802.11ac,NOT_FOUND,NOT_FOUND,3010,3-5s,NONE,0,
336907,c39cc66f-2cdb-4bf1-b893-068d4ec22e7b,after,2026-09-18 10:34:58,motorola edge 40 neo,34,Tesla01,26:3f:1b:e2:58:64,5240,5GHz,-85,802.11ax,TIMEOUT_AT_FOUR_WAY_HANDSHAKE,TIMEOUT_AT_<STATE>,3015,3-5s,ASSOCIATED_ONLY,5,INTERFACE_DISABLED>DISCONNECTED>ASSOCIATING>ASSOCIATED>FOUR_WAY_HANDSHAKE
336908,c39cc66f-2cdb-4bf1-b893-068d4ec22e7b,after,2026-09-18 10:34:58,motorola edge 40 neo,34,,12:3f:1b:e2:58:64,5240,5GHz,-85,802.11ax,NOT_FOUND,NOT_FOUND,3009,3-5s,NONE,0,
336909,c39cc66f-2cdb-4bf1-b893-068d4ec22e7b,after,2026-09-18 10:34:58,motorola edge 40 neo,34,Buffalo-5G-AE10-WPA3,ec:5a:31:25:ae:21,5200,5GHz,-86,802.11ac,TIMEOUT_AT_ASSOCIATING,TIMEOUT_AT_<STATE>,3014,3-5s,ASSOCIATING_ONLY,3,INTERFACE_DISABLED>DISCONNECTED>ASSOCIATING
336910,c39cc66f-2cdb-4bf1-b893-068d4ec22e7b,after,2026-09-18 10:34:58,motorola edge 40 neo,34,#UW750166046,0a:92:5e:e3:d0:fa,5320,5GHz,-86,802.11ax,NOT_FOUND,NOT_FOUND,3008,3-5s,NONE,0,
336911,c39cc66f-2cdb-4bf1-b893-068d4ec22e7b,after,2026-09-18 10:34:58,motorola edge 40 neo,34,,84:23:88:2f:0e:9c,5680,5GHz,-86,802.11ac,NOT_FOUND,NOT_FOUND,3014,3-5s,NONE,0,
336912,c39cc66f-2cdb-4bf1-b893-068d4ec22e7b,after,2026-09-18 10:34:58,motorola edge 40 neo,34,_manekineko_free_Wi-Fi,0a:92:5e:e3:d0:fb,5320,5GHz,-86,802.11ax,TIMEOUT_AT_FOUR_WAY_HANDSHAKE,TIMEOUT_AT_<STATE>,3018,3-5s,ASSOCIATED_ONLY,5,INTERFACE_DISABLED>DISCONNECTED>ASSOCIATING>ASSOCIATED>FOUR_WAY_HANDSHAKE
336913,c39cc66f-2cdb-4bf1-b893-068d4ec22e7b,after,2026-09-18 10:34:58,motorola edge 40 neo,34,Tesla,2e:3f:1b:e2:58:64,5240,5GHz,-86,802.11ax,TIMEOUT_AT_FOUR_WAY_HANDSHAKE,TIMEOUT_AT_<STATE>,3016,3-5s,ASSOCIATED_ONLY,6,INTERFACE_DISABLED>DISCONNECTED>SCANNING>ASSOCIATING>ASSOCIATED>FOUR_WAY_HANDSHAKE
336914,c39cc66f-2cdb-4bf1-b893-068d4ec22e7b,after,2026-09-18 10:34:58,motorola edge 40 neo,34,Buffalo-5G-AE10,ec:5a:31:25:ae:20,5200,5GHz,-87,802.11ac,FAILED_AT_DISCONNECTED,FAILED_AT_<STATE>,1800,0-2s,ASSOCIATING_ONLY,21,ASSOCIATING>DISCONNECTED>INTERFACE_DISABLED>DISCONNECTED>INTERFACE_DISABLED>DISCONNECTED>ASSOCIATING>DISCONNECTED>INTERFACE_DISABLED>DISCONNECTED>INTERFACE_DISABLED>DISCONNECTED>ASSOCIATING>DISCONNECTED>INTERFACE_DISABLED>DISCONNECTED>INTERFACE_DISABLED>DISCONNECTED>ASSOCIATING>DISCONNECTED>DISCONNECTED
336915,c39cc66f-2cdb-4bf1-b893-068d4ec22e7b,after,2026-09-18 10:34:58,motorola edge 40 neo,34,JR-EAST_FREE_Wi-Fi,bc:c3:42:b3:f0:7c,5180,5GHz,-88,802.11ac,NOT_FOUND,NOT_FOUND,3006,3-5s,NONE,0,
336916,c39cc66f-2cdb-4bf1-b893-068d4ec22e7b,after,2026-09-18 10:34:58,motorola edge 40 neo,34,,c4:3c:ea:20:72:e4,5580,5GHz,-89,802.11ac,NOT_FOUND,NOT_FOUND,3015,3-5s,NONE,0,
336917,c39cc66f-2cdb-4bf1-b893-068d4ec22e7b,after,2026-09-18 10:34:58,motorola edge 40 neo,34,yamakobus_Free_Wi-Fi,98:2d:ba:74:4a:6c,5200,5GHz,-89,802.11ax,NOT_FOUND,NOT_FOUND,3007,3-5s,NONE,0,
336918,c39cc66f-2cdb-4bf1-b893-068d4ec22e7b,after,2026-09-18 10:34:58,motorola edge 40 neo,34,,98:2d:ba:74:4a:6b,5200,5GHz,-89,802.11ax,NOT_FOUND,NOT_FOUND,3011,3-5s,NONE,0,
336919,c39cc66f-2cdb-4bf1-b893-068d4ec22e7b,after,2026-09-18 10:34:58,motorola edge 40 neo,34,SWS1day,30:f7:72:fa:02:90,5240,5GHz,-89,802.11ac,NOT_FOUND,NOT_FOUND,3008,3-5s,NONE,0,
336920,c39cc66f-2cdb-4bf1-b893-068d4ec22e7b,after,2026-09-18 10:34:58,motorola edge 40 neo,34,Buffalo-A-3E70,00:e5:f1:9b:3e:74,5180,5GHz,-90,802.11ac,NOT_FOUND,NOT_FOUND,3013,3-5s,NONE,0,
336921,c39cc66f-2cdb-4bf1-b893-068d4ec22e7b,after,2026-09-18 10:34:58,motorola edge 40 neo,34,TP-DATA,88:57:ee:6f:16:51,5240,5GHz,-90,802.11ac,NOT_FOUND,NOT_FOUND,3006,3-5s,NONE,0,
336922,c39cc66f-2cdb-4bf1-b893-068d4ec22e7b,after,2026-09-18 10:34:58,motorola edge 40 neo,34,0000softbank,30:f7:72:fa:02:91,5240,5GHz,-90,802.11ac,NOT_FOUND,NOT_FOUND,3015,3-5s,NONE,0,
336923,c39cc66f-2cdb-4bf1-b893-068d4ec22e7b,after,2026-09-18 10:34:58,motorola edge 40 neo,34,0002softbank,30:f7:72:fa:02:92,5240,5GHz,-90,802.11ac,NOT_FOUND,NOT_FOUND,3009,3-5s,NONE,0,
336924,c39cc66f-2cdb-4bf1-b893-068d4ec22e7b,after,2026-09-18 10:34:58,motorola edge 40 neo,34,LinkWiFi_AGP,30:f7:72:fa:02:93,5240,5GHz,-90,802.11ac,NOT_FOUND,NOT_FOUND,3016,3-5s,NONE,0,
336925,c39cc66f-2cdb-4bf1-b893-068d4ec22e7b,after,2026-09-18 10:34:58,motorola edge 40 neo,34,SDwifi01,fa:9e:38:74:ce:bf,5600,5GHz,-91,802.11ax,NOT_FOUND,NOT_FOUND,3008,3-5s,NONE,0,
336926,c39cc66f-2cdb-4bf1-b893-068d4ec22e7b,after,2026-09-18 10:34:58,motorola edge 40 neo,34,,fa:b7:97:87:4c:d7,5180,5GHz,-91,802.11ac,NOT_FOUND,NOT_FOUND,3010,3-5s,NONE,0,
336927,c39cc66f-2cdb-4bf1-b893-068d4ec22e7b,after,2026-09-18 10:34:58,motorola edge 40 neo,34,Wi2eap,c4:10:8a:9e:b0:2c,5700,5GHz,-91,802.11n,NOT_FOUND,NOT_FOUND,3017,3-5s,NONE,0,
336928,c39cc66f-2cdb-4bf1-b893-068d4ec22e7b,after,2026-09-18 10:34:58,motorola edge 40 neo,34,TP-DATA,88:57:ee:81:62:51,5240,5GHz,-91,802.11ac,NOT_FOUND,NOT_FOUND,3006,3-5s,NONE,0,
336929,c39cc66f-2cdb-4bf1-b893-068d4ec22e7b,after,2026-09-18 10:34:58,motorola edge 40 neo,34,AP-DATA,88:57:ee:81:62:50,5240,5GHz,-91,802.11ac,NOT_FOUND,NOT_FOUND,3014,3-5s,NONE,0,
336930,c39cc66f-2cdb-4bf1-b893-068d4ec22e7b,after,2026-09-18 10:34:58,motorola edge 40 neo,34,Wi2premium_club,c4:10:8a:5f:79:8c,5580,5GHz,-92,802.11n,TIMEOUT_AT_FOUR_WAY_HANDSHAKE,TIMEOUT_AT_<STATE>,3009,3-5s,ASSOCIATED_ONLY,5,INTERFACE_DISABLED>DISCONNECTED>ASSOCIATING>ASSOCIATED>FOUR_WAY_HANDSHAKE
336931,c39cc66f-2cdb-4bf1-b893-068d4ec22e7b,after,2026-09-18 10:34:58,motorola edge 40 neo,34,Wi2premium,c4:10:8a:1f:79:8c,5580,5GHz,-92,802.11n,TIMEOUT_AT_ASSOCIATING,TIMEOUT_AT_<STATE>,3015,3-5s,ASSOCIATING_ONLY,3,INTERFACE_DISABLED>DISCONNECTED>ASSOCIATING
336932,c39cc66f-2cdb-4bf1-b893-068d4ec22e7b,after,2026-09-18 10:34:58,motorola edge 40 neo,34,SWS1day,90:32:4b:f4:a4:00,5660,5GHz,-92,802.11ax,TIMEOUT_AT_INTERFACE_DISABLED,TIMEOUT_AT_<STATE>,1964,0-2s,ASSOCIATING_ONLY,20,INTERFACE_DISABLED>DISCONNECTED>ASSOCIATING>DISCONNECTED>INTERFACE_DISABLED>DISCONNECTED>INTERFACE_DISABLED>DISCONNECTED>ASSOCIATING>DISCONNECTED>INTERFACE_DISABLED>DISCONNECTED>ASSOCIATING>DISCONNECTED>INTERFACE_DISABLED>DISCONNECTED>INTERFACE_DISABLED>DISCONNECTED>ASSOCIATING>INTERFACE_DISABLED
336933,c39cc66f-2cdb-4bf1-b893-068d4ec22e7b,after,2026-09-18 10:34:58,motorola edge 40 neo,34,,1c:d1:e0:fb:e5:2a,5600,5GHz,-92,802.11ax,NOT_FOUND,NOT_FOUND,3006,3-5s,NONE,0,
336934,c39cc66f-2cdb-4bf1-b893-068d4ec22e7b,after,2026-09-18 10:34:58,motorola edge 40 neo,34,dataspt,1c:d1:e0:fb:e5:2c,5600,5GHz,-92,802.11ax,NOT_FOUND,NOT_FOUND,3011,3-5s,NONE,0,
336935,c39cc66f-2cdb-4bf1-b893-068d4ec22e7b,after,2026-09-18 10:34:58,motorola edge 40 neo,34,,c6:9e:38:74:ce:bf,5600,5GHz,-92,802.11ax,NOT_FOUND,NOT_FOUND,3006,3-5s,NONE,0,
336936,c39cc66f-2cdb-4bf1-b893-068d4ec22e7b,after,2026-09-18 10:34:58,motorola edge 40 neo,34,,1c:d1:e0:fb:e5:2b,5600,5GHz,-92,802.11ax,NOT_FOUND,NOT_FOUND,3015,3-5s,NONE,0,
336937,c39cc66f-2cdb-4bf1-b893-068d4ec22e7b,after,2026-09-18 10:34:58,motorola edge 40 neo,34,Wi2eap,c4:10:8a:9f:79:8c,5580,5GHz,-92,802.11n,NOT_FOUND,NOT_FOUND,3015,3-5s,NONE,0,
336938,c39cc66f-2cdb-4bf1-b893-068d4ec22e7b,after,2026-09-18 10:34:58,motorola edge 40 neo,34,stoks,1c:d1:e0:fb:e5:2d,5600,5GHz,-92,802.11ax,NOT_FOUND,NOT_FOUND,3006,3-5s,NONE,0,
336939,c39cc66f-2cdb-4bf1-b893-068d4ec22e7b,after,2026-09-18 10:34:58,motorola edge 40 neo,34,,1c:d1:e0:fb:e5:2f,5600,5GHz,-92,802.11ax,NOT_FOUND,NOT_FOUND,3013,3-5s,NONE,0,
336940,c39cc66f-2cdb-4bf1-b893-068d4ec22e7b,after,2026-09-18 10:34:58,motorola edge 40 neo,34,SADAtest,fe:9e:38:74:ce:bf,5600,5GHz,-92,802.11ax,NOT_FOUND,NOT_FOUND,3009,3-5s,NONE,0,
336941,c39cc66f-2cdb-4bf1-b893-068d4ec22e7b,after,2026-09-18 10:34:58,motorola edge 40 neo,34,AP-DATA,88:57:ee:6f:16:50,5240,5GHz,-92,802.11ac,TIMEOUT_AT_FOUR_WAY_HANDSHAKE,TIMEOUT_AT_<STATE>,3012,3-5s,ASSOCIATED_ONLY,5,INTERFACE_DISABLED>DISCONNECTED>ASSOCIATING>ASSOCIATED>FOUR_WAY_HANDSHAKE
336942,c39cc66f-2cdb-4bf1-b893-068d4ec22e7b,after,2026-09-18 10:34:58,motorola edge 40 neo,34,Wi2premium_club,c4:10:8a:5e:b0:2c,5700,5GHz,-92,802.11n,FAILED_AT_DISCONNECTED,FAILED_AT_<STATE>,1931,0-2s,ASSOCIATING_ONLY,22,INTERFACE_DISABLED>DISCONNECTED>ASSOCIATING>DISCONNECTED>INTERFACE_DISABLED>DISCONNECTED>INTERFACE_DISABLED>DISCONNECTED>ASSOCIATING>DISCONNECTED>INTERFACE_DISABLED>DISCONNECTED>INTERFACE_DISABLED>DISCONNECTED>ASSOCIATING>DISCONNECTED>INTERFACE_DISABLED>DISCONNECTED>INTERFACE_DISABLED>DISCONNECTED>ASSOCIATING>DISCONNECTED
336943,c39cc66f-2cdb-4bf1-b893-068d4ec22e7b,after,2026-09-18 10:34:58,motorola edge 40 neo,34,,1c:d1:e0:fb:e5:29,5600,5GHz,-92,802.11ax,NOT_FOUND,NOT_FOUND,3009,3-5s,NONE,0,
336944,c39cc66f-2cdb-4bf1-b893-068d4ec22e7b,after,2026-09-18 10:34:58,motorola edge 40 neo,34,Wi2premium,c4:10:8a:1e:b0:2c,5700,5GHz,-92,802.11n,FAILED_AT_DISCONNECTED,FAILED_AT_<STATE>,2317,0-2s,ASSOCIATING_ONLY,22,INTERFACE_DISABLED>DISCONNECTED>ASSOCIATING>DISCONNECTED>INTERFACE_DISABLED>DISCONNECTED>INTERFACE_DISABLED>DISCONNECTED>ASSOCIATING>DISCONNECTED>INTERFACE_DISABLED>DISCONNECTED>INTERFACE_DISABLED>DISCONNECTED>ASSOCIATING>DISCONNECTED>INTERFACE_DISABLED>DISCONNECTED>INTERFACE_DISABLED>DISCONNECTED>ASSOCIATING>DISCONNECTED
336945,c39cc66f-2cdb-4bf1-b893-068d4ec22e7b,after,2026-09-18 10:34:58,motorola edge 40 neo,34,040141923_5G,f0:5c:19:ca:96:b0,5220,5GHz,-92,802.11n,NOT_FOUND,NOT_FOUND,3010,3-5s,NONE,0,
336707,d1a1d929-8dfd-4529-ab3e-6a4fc40180f6,after,2026-09-18 10:35:36,ASUS_I006D,33,SADAtest,fe:9e:28:74:ce:bf,2462,2.4GHz,-46,802.11ax,TIMEOUT_AT_ASSOCIATING,TIMEOUT_AT_<STATE>,3010,3-5s,ASSOCIATING_ONLY,3,INTERFACE_DISABLED>DISCONNECTED>ASSOCIATING
336708,d1a1d929-8dfd-4529-ab3e-6a4fc40180f6,after,2026-09-18 10:35:36,ASUS_I006D,33,Wi2,d4:68:4d:00:29:bc,5500,5GHz,-64,802.11n,FAILED_AT_DISCONNECTED,FAILED_AT_<STATE>,3014,3-5s,NONE,2,INTERFACE_DISABLED>DISCONNECTED
336709,d1a1d929-8dfd-4529-ab3e-6a4fc40180f6,after,2026-09-18 10:35:36,ASUS_I006D,33,Wi2_club,d4:68:4d:40:29:bc,5500,5GHz,-64,802.11n,TIMEOUT_AT_FOUR_WAY_HANDSHAKE,TIMEOUT_AT_<STATE>,3018,3-5s,ASSOCIATED_ONLY,5,INTERFACE_DISABLED>DISCONNECTED>ASSOCIATING>ASSOCIATED>FOUR_WAY_HANDSHAKE
336710,d1a1d929-8dfd-4529-ab3e-6a4fc40180f6,after,2026-09-18 10:35:36,ASUS_I006D,33,TOHOKU_United_Free_Wi-Fi,d4:68:4d:c0:29:bc,5500,5GHz,-65,802.11n,TIMEOUT_AT_COMPLETED,TIMEOUT_AT_<STATE>,1029,0-2s,COMPLETED,5,INTERFACE_DISABLED>DISCONNECTED>ASSOCIATING>ASSOCIATED>COMPLETED
336711,d1a1d929-8dfd-4529-ab3e-6a4fc40180f6,after,2026-09-18 10:35:36,ASUS_I006D,33,Wi2eap,d4:68:4d:80:29:bc,5500,5GHz,-65,802.11n,NOT_FOUND,NOT_FOUND,3024,3-5s,NONE,0,
336712,d1a1d929-8dfd-4529-ab3e-6a4fc40180f6,after,2026-09-18 10:35:36,ASUS_I006D,33,SENDAI_free_Wi-Fi,d4:68:4d:00:29:bd,5500,5GHz,-65,802.11n,TIMEOUT_AT_COMPLETED,TIMEOUT_AT_<STATE>,1093,0-2s,COMPLETED,5,INTERFACE_DISABLED>DISCONNECTED>ASSOCIATING>ASSOCIATED>COMPLETED
336713,d1a1d929-8dfd-4529-ab3e-6a4fc40180f6,after,2026-09-18 10:35:36,ASUS_I006D,33,GlocalMe_2.4GHz_12UAAX,30:89:d3:4a:aa:74,2412,2.4GHz,-68,802.11ax,FAILED_AT_DISCONNECTED,FAILED_AT_<STATE>,3012,3-5s,NONE,2,INTERFACE_DISABLED>DISCONNECTED
336714,d1a1d929-8dfd-4529-ab3e-6a4fc40180f6,after,2026-09-18 10:35:36,ASUS_I006D,33,Wi2eap,d4:68:4d:82:69:9c,5500,5GHz,-68,802.11n,NOT_FOUND,NOT_FOUND,3017,3-5s,NONE,0,
336715,d1a1d929-8dfd-4529-ab3e-6a4fc40180f6,after,2026-09-18 10:35:36,ASUS_I006D,33,Wi2,d4:68:4d:02:69:9c,5500,5GHz,-68,802.11n,TIMEOUT_AT_COMPLETED,TIMEOUT_AT_<STATE>,1082,0-2s,COMPLETED,5,INTERFACE_DISABLED>DISCONNECTED>ASSOCIATING>ASSOCIATED>COMPLETED
336716,d1a1d929-8dfd-4529-ab3e-6a4fc40180f6,after,2026-09-18 10:35:36,ASUS_I006D,33,SENDAI_free_Wi-Fi,d4:68:4d:02:69:9d,5500,5GHz,-68,802.11n,TIMEOUT_AT_COMPLETED,TIMEOUT_AT_<STATE>,1165,0-2s,COMPLETED,5,INTERFACE_DISABLED>DISCONNECTED>ASSOCIATING>ASSOCIATED>COMPLETED
336717,d1a1d929-8dfd-4529-ab3e-6a4fc40180f6,after,2026-09-18 10:35:36,ASUS_I006D,33,TOHOKU_United_Free_Wi-Fi,d4:68:4d:c2:69:9c,5500,5GHz,-68,802.11n,TIMEOUT_AT_ASSOCIATING,TIMEOUT_AT_<STATE>,3013,3-5s,ASSOCIATING_ONLY,3,INTERFACE_DISABLED>DISCONNECTED>ASSOCIATING
336718,d1a1d929-8dfd-4529-ab3e-6a4fc40180f6,after,2026-09-18 10:35:36,ASUS_I006D,33,0002softbank,12:09:b4:71:22:08,5520,5GHz,-69,802.11ac,FAILED_AT_DISCONNECTED,FAILED_AT_<STATE>,3021,3-5s,NONE,2,INTERFACE_DISABLED>DISCONNECTED
336719,d1a1d929-8dfd-4529-ab3e-6a4fc40180f6,after,2026-09-18 10:35:36,ASUS_I006D,33,Wi2_club,d4:68:4d:42:69:9c,5500,5GHz,-69,802.11n,TIMEOUT_AT_FOUR_WAY_HANDSHAKE,TIMEOUT_AT_<STATE>,3023,3-5s,ASSOCIATED_ONLY,5,INTERFACE_DISABLED>DISCONNECTED>ASSOCIATING>ASSOCIATED>FOUR_WAY_HANDSHAKE
336720,d1a1d929-8dfd-4529-ab3e-6a4fc40180f6,after,2026-09-18 10:35:36,ASUS_I006D,33,JR-EAST_FREE_Wi-Fi,5c:e1:76:0b:62:6f,5700,5GHz,-69,802.11ac,FAILED_AT_DISCONNECTED,FAILED_AT_<STATE>,3016,3-5s,NONE,2,INTERFACE_DISABLED>DISCONNECTED
336721,d1a1d929-8dfd-4529-ab3e-6a4fc40180f6,after,2026-09-18 10:35:36,ASUS_I006D,33,Wi2_club,d4:68:4d:40:29:b8,2412,2.4GHz,-70,802.11n,TIMEOUT_AT_ASSOCIATING,TIMEOUT_AT_<STATE>,3010,3-5s,ASSOCIATING_ONLY,3,INTERFACE_DISABLED>DISCONNECTED>ASSOCIATING
336722,d1a1d929-8dfd-4529-ab3e-6a4fc40180f6,after,2026-09-18 10:35:36,ASUS_I006D,33,SWS1day,22:09:b4:71:22:08,5520,5GHz,-70,802.11ac,TIMEOUT_AT_COMPLETED,TIMEOUT_AT_<STATE>,1390,0-2s,COMPLETED,6,DISCONNECTED>INTERFACE_DISABLED>DISCONNECTED>ASSOCIATING>ASSOCIATED>COMPLETED
336723,d1a1d929-8dfd-4529-ab3e-6a4fc40180f6,after,2026-09-18 10:35:36,ASUS_I006D,33,0000softbank,02:09:b4:71:22:08,5520,5GHz,-70,802.11ac,TIMEOUT_AT_FOUR_WAY_HANDSHAKE,TIMEOUT_AT_<STATE>,3011,3-5s,ASSOCIATED_ONLY,5,INTERFACE_DISABLED>DISCONNECTED>ASSOCIATING>ASSOCIATED>FOUR_WAY_HANDSHAKE
336724,d1a1d929-8dfd-4529-ab3e-6a4fc40180f6,after,2026-09-18 10:35:36,ASUS_I006D,33,.FREE_Wi-Fi_PASSPORT,32:09:b4:71:22:08,5520,5GHz,-70,802.11ac,TIMEOUT_AT_ASSOCIATING,TIMEOUT_AT_<STATE>,3017,3-5s,ASSOCIATING_ONLY,3,INTERFACE_DISABLED>DISCONNECTED>ASSOCIATING
336725,d1a1d929-8dfd-4529-ab3e-6a4fc40180f6,after,2026-09-18 10:35:36,ASUS_I006D,33,Wi2,d4:68:4d:00:29:b8,2412,2.4GHz,-71,802.11n,FAILED_AT_DISCONNECTED,FAILED_AT_<STATE>,3008,3-5s,NONE,1,DISCONNECTED
336726,d1a1d929-8dfd-4529-ab3e-6a4fc40180f6,after,2026-09-18 10:35:36,ASUS_I006D,33,LinkWiFi_AGP,00:09:b4:71:22:08,5520,5GHz,-71,802.11ac,TIMEOUT_AT_FOUR_WAY_HANDSHAKE,TIMEOUT_AT_<STATE>,3019,3-5s,ASSOCIATED_ONLY,5,INTERFACE_DISABLED>DISCONNECTED>ASSOCIATING>ASSOCIATED>FOUR_WAY_HANDSHAKE
336727,d1a1d929-8dfd-4529-ab3e-6a4fc40180f6,after,2026-09-18 10:35:36,ASUS_I006D,33,ENDO_GWF_cb91bc,30:ae:a4:cb:91:bd,2462,2.4GHz,-71,802.11a/b/g,FAILED_AT_DISCONNECTED,FAILED_AT_<STATE>,3018,3-5s,NONE,2,INTERFACE_DISABLED>DISCONNECTED
336728,d1a1d929-8dfd-4529-ab3e-6a4fc40180f6,after,2026-09-18 10:35:36,ASUS_I006D,33,JR-EAST_FREE_Wi-Fi,bc:c3:42:b3:f0:7b,2437,2.4GHz,-71,802.11n,NOT_FOUND,NOT_FOUND,3019,3-5s,NONE,0,
336729,d1a1d929-8dfd-4529-ab3e-6a4fc40180f6,after,2026-09-18 10:35:36,ASUS_I006D,33,TOHOKU_United_Free_Wi-Fi,d4:68:4d:80:29:b8,2412,2.4GHz,-72,802.11n,TIMEOUT_AT_COMPLETED,TIMEOUT_AT_<STATE>,2350,0-2s,COMPLETED,5,INTERFACE_DISABLED>DISCONNECTED>ASSOCIATING>ASSOCIATED>COMPLETED
336730,d1a1d929-8dfd-4529-ab3e-6a4fc40180f6,after,2026-09-18 10:35:36,ASUS_I006D,33,SENDAI_free_Wi-Fi,d4:68:4d:c0:29:b8,2412,2.4GHz,-73,802.11n,FAILED_AT_DISCONNECTED,FAILED_AT_<STATE>,3025,3-5s,NONE,3,DISCONNECTED>INTERFACE_DISABLED>DISCONNECTED
336731,d1a1d929-8dfd-4529-ab3e-6a4fc40180f6,after,2026-09-18 10:35:36,ASUS_I006D,33,Tesla01,26:3f:1b:e2:58:64,5240,5GHz,-77,802.11ax,TIMEOUT_AT_FOUR_WAY_HANDSHAKE,TIMEOUT_AT_<STATE>,3016,3-5s,ASSOCIATED_ONLY,5,INTERFACE_DISABLED>DISCONNECTED>ASSOCIATING>ASSOCIATED>FOUR_WAY_HANDSHAKE
336732,d1a1d929-8dfd-4529-ab3e-6a4fc40180f6,after,2026-09-18 10:35:36,ASUS_I006D,33,,12:3f:1b:e2:58:64,5240,5GHz,-78,802.11ax,NOT_FOUND,NOT_FOUND,3012,3-5s,NONE,0,
336733,d1a1d929-8dfd-4529-ab3e-6a4fc40180f6,after,2026-09-18 10:35:36,ASUS_I006D,33,Tesla,2e:3f:1b:e2:58:64,5240,5GHz,-78,802.11ax,TIMEOUT_AT_FOUR_WAY_HANDSHAKE,TIMEOUT_AT_<STATE>,3015,3-5s,ASSOCIATED_ONLY,5,INTERFACE_DISABLED>DISCONNECTED>ASSOCIATING>ASSOCIATED>FOUR_WAY_HANDSHAKE
336734,d1a1d929-8dfd-4529-ab3e-6a4fc40180f6,after,2026-09-18 10:35:36,ASUS_I006D,33,@viv@-WL-a1,dc:fb:02:bc:33:d0,5200,5GHz,-79,802.11n,NOT_FOUND,NOT_FOUND,3015,3-5s,NONE,0,
336735,d1a1d929-8dfd-4529-ab3e-6a4fc40180f6,after,2026-09-18 10:35:36,ASUS_I006D,33,Wi2premium,c4:10:8a:1f:79:8c,5580,5GHz,-79,802.11n,TIMEOUT_AT_COMPLETED,TIMEOUT_AT_<STATE>,1076,0-2s,COMPLETED,5,INTERFACE_DISABLED>DISCONNECTED>ASSOCIATING>ASSOCIATED>COMPLETED
336736,d1a1d929-8dfd-4529-ab3e-6a4fc40180f6,after,2026-09-18 10:35:36,ASUS_I006D,33,Wi2eap,c4:10:8a:9f:79:8c,5580,5GHz,-79,802.11n,NOT_FOUND,NOT_FOUND,3021,3-5s,NONE,0,
336737,d1a1d929-8dfd-4529-ab3e-6a4fc40180f6,after,2026-09-18 10:35:36,ASUS_I006D,33,JR-EAST_FREE_Wi-Fi,bc:c3:42:b3:ee:ae,5180,5GHz,-80,802.11ac,FAILED_AT_DISCONNECTED,FAILED_AT_<STATE>,3018,3-5s,NONE,2,INTERFACE_DISABLED>DISCONNECTED
336738,d1a1d929-8dfd-4529-ab3e-6a4fc40180f6,after,2026-09-18 10:35:36,ASUS_I006D,33,JR-EAST_FREE_Wi-Fi,bc:c3:42:b3:f0:7c,5180,5GHz,-80,802.11ac,NOT_FOUND,NOT_FOUND,3018,3-5s,NONE,0,
336739,d1a1d929-8dfd-4529-ab3e-6a4fc40180f6,after,2026-09-18 10:35:36,ASUS_I006D,33,_manekineko_free_Wi-Fi,0a:92:5e:e3:d4:3b,5260,5GHz,-80,802.11ax,NOT_FOUND,NOT_FOUND,3012,3-5s,NONE,0,
336740,d1a1d929-8dfd-4529-ab3e-6a4fc40180f6,after,2026-09-18 10:35:36,ASUS_I006D,33,FS030W_P160392,6c:59:76:51:6b:2b,2427,2.4GHz,-81,802.11n,FAILED_AT_DISCONNECTED,FAILED_AT_<STATE>,3020,3-5s,ASSOCIATING_ONLY,6,INTERFACE_DISABLED>DISCONNECTED>ASSOCIATING>DISCONNECTED>INTERFACE_DISABLED>DISCONNECTED
336741,d1a1d929-8dfd-4529-ab3e-6a4fc40180f6,after,2026-09-18 10:35:36,ASUS_I006D,33,#UW750166046,0a:92:5e:e3:d4:3a,5260,5GHz,-81,802.11ax,TIMEOUT_AT_FOUR_WAY_HANDSHAKE,TIMEOUT_AT_<STATE>,3011,3-5s,ASSOCIATED_ONLY,5,INTERFACE_DISABLED>DISCONNECTED>ASSOCIATING>ASSOCIATED>FOUR_WAY_HANDSHAKE
336742,d1a1d929-8dfd-4529-ab3e-6a4fc40180f6,after,2026-09-18 10:35:36,ASUS_I006D,33,Tesla01,26:3f:1b:e2:58:6e,5180,5GHz,-83,802.11ax,FAILED_AT_DISCONNECTED,FAILED_AT_<STATE>,3018,3-5s,NONE,2,INTERFACE_DISABLED>DISCONNECTED
336743,d1a1d929-8dfd-4529-ab3e-6a4fc40180f6,after,2026-09-18 10:35:36,ASUS_I006D,33,,70:b3:17:58:e3:45,5540,5GHz,-83,802.11ac,NOT_FOUND,NOT_FOUND,3012,3-5s,NONE,0,
336744,d1a1d929-8dfd-4529-ab3e-6a4fc40180f6,after,2026-09-18 10:35:36,ASUS_I006D,33,mx-kensho,70:b3:17:58:e3:49,5540,5GHz,-83,802.11ac,NOT_FOUND,NOT_FOUND,3012,3-5s,NONE,0,
336745,d1a1d929-8dfd-4529-ab3e-6a4fc40180f6,after,2026-09-18 10:35:36,ASUS_I006D,33,Buffalo-5G-AE10,ec:5a:31:25:ae:20,5200,5GHz,-83,802.11ac,TIMEOUT_AT_FOUR_WAY_HANDSHAKE,TIMEOUT_AT_<STATE>,3017,3-5s,ASSOCIATED_ONLY,5,INTERFACE_DISABLED>DISCONNECTED>ASSOCIATING>ASSOCIATED>FOUR_WAY_HANDSHAKE
336746,d1a1d929-8dfd-4529-ab3e-6a4fc40180f6,after,2026-09-18 10:35:36,ASUS_I006D,33,Tesla,2e:3f:1b:e2:58:6e,5180,5GHz,-84,802.11ax,TIMEOUT_AT_FOUR_WAY_HANDSHAKE,TIMEOUT_AT_<STATE>,3020,3-5s,ASSOCIATED_ONLY,5,INTERFACE_DISABLED>DISCONNECTED>ASSOCIATING>ASSOCIATED>FOUR_WAY_HANDSHAKE
336747,d1a1d929-8dfd-4529-ab3e-6a4fc40180f6,after,2026-09-18 10:35:36,ASUS_I006D,33,mx-newkensho,70:b3:17:58:e3:46,5540,5GHz,-84,802.11ac,FAILED_AT_DISCONNECTED,FAILED_AT_<STATE>,1228,0-2s,ASSOCIATED_ONLY,5,INTERFACE_DISABLED>DISCONNECTED>ASSOCIATING>ASSOCIATED>DISCONNECTED
336748,d1a1d929-8dfd-4529-ab3e-6a4fc40180f6,after,2026-09-18 10:35:36,ASUS_I006D,33,Buffalo-5G-AE10-WPA3,ec:5a:31:25:ae:21,5200,5GHz,-84,802.11ac,TIMEOUT_AT_ASSOCIATING,TIMEOUT_AT_<STATE>,3037,3-5s,ASSOCIATING_ONLY,5,INTERFACE_DISABLED>DISCONNECTED>SCANNING>DISCONNECTED>ASSOCIATING
336749,d1a1d929-8dfd-4529-ab3e-6a4fc40180f6,after,2026-09-18 10:35:36,ASUS_I006D,33,Buffalo-A-3E70,00:e5:f1:9b:3e:74,5180,5GHz,-84,802.11ac,NOT_FOUND,NOT_FOUND,3021,3-5s,NONE,0,
336750,d1a1d929-8dfd-4529-ab3e-6a4fc40180f6,after,2026-09-18 10:35:36,ASUS_I006D,33,mx-free,70:b3:17:58:e3:4b,5540,5GHz,-85,802.11ac,NOT_FOUND,NOT_FOUND,3014,3-5s,NONE,0,
336751,d1a1d929-8dfd-4529-ab3e-6a4fc40180f6,after,2026-09-18 10:35:36,ASUS_I006D,33,,70:b3:17:58:e3:4a,5540,5GHz,-85,802.11ac,NOT_FOUND,NOT_FOUND,3016,3-5s,NONE,0,
336752,d1a1d929-8dfd-4529-ab3e-6a4fc40180f6,after,2026-09-18 10:35:36,ASUS_I006D,33,Wi2premium_club,c4:10:8a:5e:b0:2c,5700,5GHz,-85,802.11n,TIMEOUT_AT_FOUR_WAY_HANDSHAKE,TIMEOUT_AT_<STATE>,3017,3-5s,ASSOCIATED_ONLY,5,INTERFACE_DISABLED>DISCONNECTED>ASSOCIATING>ASSOCIATED>FOUR_WAY_HANDSHAKE
336753,d1a1d929-8dfd-4529-ab3e-6a4fc40180f6,after,2026-09-18 10:35:36,ASUS_I006D,33,Wi2premium_club,c4:10:8a:5f:79:8c,5580,5GHz,-85,802.11n,TIMEOUT_AT_FOUR_WAY_HANDSHAKE,TIMEOUT_AT_<STATE>,3026,3-5s,ASSOCIATED_ONLY,5,INTERFACE_DISABLED>DISCONNECTED>ASSOCIATING>ASSOCIATED>FOUR_WAY_HANDSHAKE
336754,d1a1d929-8dfd-4529-ab3e-6a4fc40180f6,after,2026-09-18 10:35:36,ASUS_I006D,33,#UW750166046,0a:92:5e:e3:d0:fa,5320,5GHz,-85,802.11ax,TIMEOUT_AT_FOUR_WAY_HANDSHAKE,TIMEOUT_AT_<STATE>,3012,3-5s,ASSOCIATED_ONLY,5,INTERFACE_DISABLED>DISCONNECTED>ASSOCIATING>ASSOCIATED>FOUR_WAY_HANDSHAKE
336755,d1a1d929-8dfd-4529-ab3e-6a4fc40180f6,after,2026-09-18 10:35:36,ASUS_I006D,33,GRA-AccessPoint-01261,8e:86:dd:83:5a:26,5220,5GHz,-86,802.11ax,NOT_FOUND,NOT_FOUND,3010,3-5s,NONE,0,
336756,d1a1d929-8dfd-4529-ab3e-6a4fc40180f6,after,2026-09-18 10:35:36,ASUS_I006D,33,ZXY-SENDAI,ac:44:f2:b1:1f:50,5600,5GHz,-86,802.11ac,NOT_FOUND,NOT_FOUND,3014,3-5s,NONE,0,
336757,d1a1d929-8dfd-4529-ab3e-6a4fc40180f6,after,2026-09-18 10:35:36,ASUS_I006D,33,JR-EAST_FREE_Wi-Fi,bc:c3:42:b3:ee:b1,5180,5GHz,-86,802.11ac,NOT_FOUND,NOT_FOUND,3016,3-5s,NONE,0,
336758,d1a1d929-8dfd-4529-ab3e-6a4fc40180f6,after,2026-09-18 10:35:36,ASUS_I006D,33,graniphsendai,8e:86:dd:83:5a:5e,5220,5GHz,-86,802.11ax,TIMEOUT_AT_FOUR_WAY_HANDSHAKE,TIMEOUT_AT_<STATE>,3013,3-5s,ASSOCIATED_ONLY,5,INTERFACE_DISABLED>DISCONNECTED>ASSOCIATING>ASSOCIATED>FOUR_WAY_HANDSHAKE
336759,d1a1d929-8dfd-4529-ab3e-6a4fc40180f6,after,2026-09-18 10:35:36,ASUS_I006D,33,_manekineko_free_Wi-Fi,0a:92:5e:e3:d0:fb,5320,5GHz,-86,802.11ax,TIMEOUT_AT_ASSOCIATING,TIMEOUT_AT_<STATE>,3027,3-5s,ASSOCIATING_ONLY,3,INTERFACE_DISABLED>DISCONNECTED>ASSOCIATING
336760,d1a1d929-8dfd-4529-ab3e-6a4fc40180f6,after,2026-09-18 10:35:36,ASUS_I006D,33,soumu.able.5G,d8:0f:99:f2:21:c7,5200,5GHz,-86,802.11ac,TIMEOUT_AT_ASSOCIATING,TIMEOUT_AT_<STATE>,3014,3-5s,ASSOCIATING_ONLY,6,DISCONNECTED>INTERFACE_DISABLED>DISCONNECTED>INTERFACE_DISABLED>DISCONNECTED>ASSOCIATING
336761,d1a1d929-8dfd-4529-ab3e-6a4fc40180f6,after,2026-09-18 10:35:36,ASUS_I006D,33,9C74037C4FDB-5G,9c:74:03:7c:4f:d9,5320,5GHz,-87,802.11ax,FAILED_AT_DISCONNECTED,FAILED_AT_<STATE>,3011,3-5s,NONE,3,DISCONNECTED>INTERFACE_DISABLED>DISCONNECTED
336762,d1a1d929-8dfd-4529-ab3e-6a4fc40180f6,after,2026-09-18 10:35:36,ASUS_I006D,33,JR-EAST_FREE_Wi-Fi,bc:c3:42:b3:ee:ab,5180,5GHz,-87,802.11ac,NOT_FOUND,NOT_FOUND,3018,3-5s,NONE,0,
336763,d1a1d929-8dfd-4529-ab3e-6a4fc40180f6,after,2026-09-18 10:35:36,ASUS_I006D,33,Wi2premium,c4:10:8a:1e:b0:2c,5700,5GHz,-87,802.11n,TIMEOUT_AT_COMPLETED,TIMEOUT_AT_<STATE>,1721,0-2s,COMPLETED,5,INTERFACE_DISABLED>DISCONNECTED>ASSOCIATING>ASSOCIATED>COMPLETED
336764,d1a1d929-8dfd-4529-ab3e-6a4fc40180f6,after,2026-09-18 10:35:36,ASUS_I006D,33,Wi2eap,c4:10:8a:9e:b0:2c,5700,5GHz,-87,802.11n,NOT_FOUND,NOT_FOUND,3021,3-5s,NONE,0,
336765,d1a1d929-8dfd-4529-ab3e-6a4fc40180f6,after,2026-09-18 10:35:36,ASUS_I006D,33,NSD-VR-U300W2,84:e8:cb:d6:45:b9,5240,5GHz,-87,802.11ax,TIMEOUT_AT_ASSOCIATING,TIMEOUT_AT_<STATE>,3016,3-5s,ASSOCIATING_ONLY,3,INTERFACE_DISABLED>DISCONNECTED>ASSOCIATING
336766,d1a1d929-8dfd-4529-ab3e-6a4fc40180f6,after,2026-09-18 10:35:36,ASUS_I006D,33,LinkWiFi_AGP,90:32:4b:f4:a4:03,5660,5GHz,-87,802.11ax,TIMEOUT_AT_ASSOCIATING,TIMEOUT_AT_<STATE>,3015,3-5s,ASSOCIATING_ONLY,3,INTERFACE_DISABLED>DISCONNECTED>ASSOCIATING
336767,d1a1d929-8dfd-4529-ab3e-6a4fc40180f6,after,2026-09-18 10:35:36,ASUS_I006D,33,SWS1day,90:32:4b:f4:a4:00,5660,5GHz,-87,802.11ax,NOT_FOUND,NOT_FOUND,3030,3-5s,NONE,0,
336768,d1a1d929-8dfd-4529-ab3e-6a4fc40180f6,after,2026-09-18 10:35:36,ASUS_I006D,33,mde,f0:61:c0:6a:ae:54,5540,5GHz,-88,802.11ax,FAILED_AT_DISCONNECTED,FAILED_AT_<STATE>,3015,3-5s,NONE,1,DISCONNECTED
336769,d1a1d929-8dfd-4529-ab3e-6a4fc40180f6,after,2026-09-18 10:35:36,ASUS_I006D,33,85743998301928343291,f0:61:c0:6a:ae:50,5540,5GHz,-88,802.11ax,NOT_FOUND,NOT_FOUND,3023,3-5s,NONE,0,
336770,d1a1d929-8dfd-4529-ab3e-6a4fc40180f6,after,2026-09-18 10:35:36,ASUS_I006D,33,G356N97K-5,38:9e:4c:b1:c9:30,5280,5GHz,-88,802.11ax,NOT_FOUND,NOT_FOUND,3011,3-5s,NONE,0,
336771,d1a1d929-8dfd-4529-ab3e-6a4fc40180f6,after,2026-09-18 10:35:36,ASUS_I006D,33,protectstance-guest,38:9e:4c:b1:c9:31,5280,5GHz,-88,802.11ax,NOT_FOUND,NOT_FOUND,3019,3-5s,NONE,0,
336772,d1a1d929-8dfd-4529-ab3e-6a4fc40180f6,after,2026-09-18 10:35:36,ASUS_I006D,33,,c4:3c:ea:20:72:e4,5580,5GHz,-88,802.11ac,NOT_FOUND,NOT_FOUND,3011,3-5s,NONE,0,
336773,d1a1d929-8dfd-4529-ab3e-6a4fc40180f6,after,2026-09-18 10:35:36,ASUS_I006D,33,#UW750166046,0a:92:5e:ea:5a:ba,5260,5GHz,-88,802.11ax,FAILED_AT_SCANNING,FAILED_AT_<STATE>,3017,3-5s,NONE,3,INTERFACE_DISABLED>DISCONNECTED>SCANNING
336774,d1a1d929-8dfd-4529-ab3e-6a4fc40180f6,after,2026-09-18 10:35:36,ASUS_I006D,33,0002softbank,90:32:4b:f4:a4:02,5660,5GHz,-88,802.11ax,NOT_FOUND,NOT_FOUND,3023,3-5s,NONE,0,
336775,d1a1d929-8dfd-4529-ab3e-6a4fc40180f6,after,2026-09-18 10:35:36,ASUS_I006D,33,0000softbank,90:32:4b:f4:a4:01,5660,5GHz,-88,802.11ax,NOT_FOUND,NOT_FOUND,3017,3-5s,NONE,0,
336776,d1a1d929-8dfd-4529-ab3e-6a4fc40180f6,after,2026-09-18 10:35:36,ASUS_I006D,33,ZXY-SENDAI,ac:44:f2:b1:1f:98,5700,5GHz,-88,802.11ac,NOT_FOUND,NOT_FOUND,3020,3-5s,NONE,0,
336777,d1a1d929-8dfd-4529-ab3e-6a4fc40180f6,after,2026-09-18 10:35:36,ASUS_I006D,33,ispot,f0:61:c0:6a:ae:51,5540,5GHz,-89,802.11ax,NOT_FOUND,NOT_FOUND,3019,3-5s,NONE,0,
336778,d1a1d929-8dfd-4529-ab3e-6a4fc40180f6,after,2026-09-18 10:35:36,ASUS_I006D,33,idn,f0:61:c0:6a:ae:53,5540,5GHz,-89,802.11ax,NOT_FOUND,NOT_FOUND,3025,3-5s,NONE,0,
336779,d1a1d929-8dfd-4529-ab3e-6a4fc40180f6,after,2026-09-18 10:35:36,ASUS_I006D,33,,96:46:8d:38:df:58,5320,5GHz,-89,802.11ax,NOT_FOUND,NOT_FOUND,3017,3-5s,NONE,0,
336780,d1a1d929-8dfd-4529-ab3e-6a4fc40180f6,after,2026-09-18 10:35:36,ASUS_I006D,33,,84:23:88:2f:0e:9c,5680,5GHz,-89,802.11ac,NOT_FOUND,NOT_FOUND,3029,3-5s,NONE,0,
336781,d1a1d929-8dfd-4529-ab3e-6a4fc40180f6,after,2026-09-18 10:35:36,ASUS_I006D,33,,1c:d1:e0:fb:e5:2a,5600,5GHz,-89,802.11ax,NOT_FOUND,NOT_FOUND,3016,3-5s,NONE,0,
336782,d1a1d929-8dfd-4529-ab3e-6a4fc40180f6,after,2026-09-18 10:35:36,ASUS_I006D,33,dataspt,1c:d1:e0:fb:e5:2c,5600,5GHz,-89,802.11ax,FAILED_AT_DISCONNECTED,FAILED_AT_<STATE>,3022,3-5s,NONE,2,INTERFACE_DISABLED>DISCONNECTED
336783,d1a1d929-8dfd-4529-ab3e-6a4fc40180f6,after,2026-09-18 10:35:36,ASUS_I006D,33,,1c:d1:e0:fb:e5:2b,5600,5GHz,-89,802.11ax,NOT_FOUND,NOT_FOUND,3012,3-5s,NONE,0,
